100000
1 9058003
1 1559216
1 687980
1 1149274
1 8579997
1 5626576
1 9454663
1 8868111
1 9355993
1 8466627
1 6636555
1 1274574
1 9049520
1 3318763
1 5473462
1 2611560
1 7460019
1 5289571
1 9644114
1 2360109
1 2937475
1 8780675
1 7429332
1 3447154
1 7601692
1 8191201
1 6742292
1 4000117
1 9240330
1 7518613
1 9722086
1 3770321
1 5186163
1 4954892
1 373830
1 4439482
1 7936453
1 9816510
1 7439240
1 3956713
1 789980
1 1611193
1 1283942
1 6142797
1 8914543
1 1163152
1 4209737
1 1210156
1 639886
1 700869
1 7212068
1 7171009
1 2109508
1 9245732
1 1815113
1 7036822
1 5925670
1 5734302
1 8755864
1 8660496
1 1640083
1 9229349
1 4148496
1 7533288
1 8771418
1 9927914
1 1882219
1 5692249
1 5586211
1 8258786
1 1441103
1 9337034
1 3407434
1 9703103
1 8280142
1 8811625
1 5937715
1 5731204
1 9052790
1 4390255
1 8080832
1 273034
1 602009
1 7321068
1 3763207
1 2523350
1 6946766
1 5654387
1 4072154
1 8621246
1 3798267
1 5610950
1 1570274
1 569601
1 6972787
1 4735575
1 472321
1 5732806
1 4131214
1 3237296
1 8112232
1 1899441
1 5169811
1 5470785
1 4953111
1 8895426
1 996226
1 5307612
1 2363109
1 888909
1 7469155
1 1776491
1 7712477
1 2383789
1 7320427
1 1443905
1 980233
1 2145334
1 2046153
1 745691
1 4394639
1 2846259
1 1260524
1 5422711
1 4852464
1 2878208
1 4167251
1 2887402
1 4218504
1 3709983
1 1339009
1 1859338
1 1589074
1 5404866
1 6429561
1 4121119
1 3084634
1 9752960
1 9714753
1 7456363
1 9002557
1 7770975
1 7897516
1 2275965
1 7257337
1 6629688
1 9202767
1 1552952
1 1669550
1 5326253
1 8420238
1 1130665
1 8546461
1 4419265
1 6129461
1 1166675
1 7659659
1 3451949
1 6309316
1 2913883
1 2604984
1 2655864
1 8974012
1 6925083
1 9755045
1 4143586
1 5369290
1 4670763
1 7048745
1 9278129
1 9466212
1 8671514
1 1705446
1 2934295
1 9068977
1 9856948
1 5964658
1 7521209
1 6239512
1 6257409
1 4926340
1 5139995
1 154917
1 3112981
1 3165184
1 8016883
1 646750
1 7463483
1 8076933
1 2458511
1 1057321
1 3236412
1 4438457
1 1849757
1 4549479
1 5423725
1 9830813
1 5273928
1 9619091
1 1239656
1 8691867
1 1608987
1 5106553
1 961876
1 9223763
1 2083915
1 5495861
1 6201366
1 16986
1 1921875
1 6489305
1 1362116
1 3574278
1 9476304
1 5586233
1 5438324
1 282203
1 9080974
1 2536511
1 6962485
1 9481126
1 8258608
1 6509943
1 1445324
1 620676
1 4773348
1 4949111
1 1554914
1 3804276
1 6565863
1 3869208
1 7819676
1 8810306
1 2897420
1 5677337
1 9794405
1 1824463
1 981611
1 4571711
1 6670847
1 5644962
1 6889399
1 5039938
1 2024444
1 2877766
1 1861660
1 4502041
1 6308139
1 5672794
1 5088699
1 2784175
1 5670727
1 7741263
1 7570224
1 9864050
1 2011912
1 8092306
1 324284
1 5221607
1 3145849
1 5428531
1 67247
1 2223623
1 4998876
1 1008895
1 8953453
1 4307760
1 1335529
1 9690946
1 5245361
1 6049549
1 1142573
1 6208810
1 725157
1 8260752
1 513744
1 2685079
1 745687
1 5856303
1 6886817
1 8694764
1 4470161
1 7053875
1 4885697
1 4648360
1 5162068
1 4587036
1 6650341
1 3754039
1 5415881
1 6506790
1 7592487
1 903257
1 481754
1 7124981
1 4027817
1 9789290
1 561766
1 6560444
1 8878549
1 6538028
1 183693
1 5711861
1 862786
1 2021389
1 1945507
1 1227652
1 6068276
1 1246763
1 1046538
1 824331
1 3048507
1 3370446
1 5538963
1 8523894
1 8900551
1 1293726
1 2245521
1 3675324
1 9255295
1 6393722
1 4170795
1 1836846
1 6753756
1 5605836
1 1461469
1 4743159
1 8449816
1 7445886
1 5096979
1 5087590
1 2681062
1 6180665
1 6448282
1 3978491
1 3438288
1 1189131
1 3155872
1 4637221
1 2694624
1 2936034
1 7517229
1 1213147
1 9483918
1 1745964
1 8018492
1 9118433
1 8198918
1 3512199
1 1711514
1 7575813
1 3898941
1 978190
1 1025282
1 8637209
1 4149254
1 3337542
1 6599266
1 2528659
1 5638078
1 5148991
1 2900325
1 10963
1 6547901
1 9295020
1 2623472
1 3734496
1 583663
1 972576
1 9998466
1 9329998
1 8053525
1 8378383
1 7380353
1 1153891
1 5492029
1 7630787
1 8492532
1 2682338
1 9429110
1 7705984
1 2574690
1 190476
1 3177616
1 9322483
1 5697389
1 6178228
1 2882964
1 734859
1 9334779
1 3692719
1 9513683
1 8256941
1 6941804
1 4453568
1 1229740
1 2509624
1 3943252
1 3727785
1 9527117
1 1019675
1 7861068
1 4137908
1 5110225
1 8810214
1 8988761
1 4181076
1 6513637
1 268444
1 3356715
1 5034323
1 4782991
1 2057481
1 8703087
1 6847012
1 8152766
1 8882942
1 6787887
1 5282602
1 9639267
1 3407553
1 5105562
1 6364127
1 410179
1 8174262
1 1851501
1 3304744
1 7591184
1 5059840
1 2894310
1 4201605
1 7706086
1 9542690
1 5609698
1 8604518
1 9264533
1 5059138
1 1754613
1 6922435
1 7027901
1 4633945
1 755845
1 6105058
1 3810268
1 2739754
1 8858062
1 8791282
1 5691016
1 2870262
1 8664396
1 4140321
1 8275402
1 9170068
1 910239
1 1431524
1 8370292
1 3689317
1 7696538
1 1850650
1 8646739
1 8117001
1 7028130
1 7737973
1 7392847
1 2610921
1 6829657
1 4157085
1 8189015
1 2238862
1 4887100
1 6278153
1 4167788
1 324026
1 8082822
1 8799345
1 6738224
1 7906996
1 517884
1 7713075
1 5303863
1 9196165
1 8803204
1 4590677
1 8276168
1 2737141
1 8494338
1 1685526
1 958835
1 2201071
1 3493142
1 4654613
1 3584591
1 623996
1 2138831
1 3080785
1 3484203
1 5365574
1 1593046
1 7264908
1 4411731
1 1185146
1 2456613
1 7139629
1 6456258
1 9210213
1 3028819
1 8963339
1 5389822
1 3146577
1 6520036
1 8184006
1 75767
1 6398683
1 4739193
1 8149826
1 8554570
1 6319365
1 4695052
1 6294624
1 7268689
1 1290987
1 1480648
1 4529040
1 5933506
1 7458273
1 4073471
1 1091036
1 9388051
1 1280399
1 1321878
1 785706
1 3949852
1 4931229
1 8031625
1 5230891
1 1215375
1 9309662
1 2664953
1 3333748
1 4280008
1 9023161
1 4066221
1 2181492
1 730430
1 9666819
1 8274358
1 6810488
1 9113697
1 2156661
1 7133652
1 8072961
1 5272236
1 6218063
1 462753
1 5689385
1 3116338
1 9915783
1 6855609
1 4503999
1 8453226
1 1712908
1 2434462
1 8981311
1 6212386
1 6801551
1 6989430
1 5028317
1 17906
1 920881
1 4014746
1 3500731
1 8152058
1 8132758
1 182567
1 7426315
1 2658787
1 3010238
1 4530911
1 5000713
1 5417359
1 3766449
1 875417
1 1355221
1 1076312
1 6256243
1 4127672
1 639854
1 4990607
1 1581880
1 4095644
1 5090188
1 4696980
1 777802
1 8531340
1 7693120
1 9812413
1 953227
1 7427450
1 2704437
1 7633712
1 5115154
1 5332130
1 4697565
1 8567776
1 524497
1 1321104
1 6877270
1 5445577
1 9854094
1 4185934
1 1625536
1 6652415
1 3302141
1 636769
1 1432473
1 8926997
1 7869635
1 5726258
1 2426891
1 5824359
1 1200215
1 4396212
1 3188836
1 8874395
1 3151607
1 9151257
1 5308431
1 4443446
1 9542383
1 5186035
1 4520821
1 5993522
1 2162462
1 4153609
1 492232
1 9896608
1 7392680
1 1286748
1 9152122
1 8053884
1 4451171
1 8363841
1 4330276
1 6976142
1 5049216
1 1743235
1 337091
1 207657
1 2151544
1 5687271
1 5301130
1 2440941
1 1253980
1 2291092
1 8455220
1 8099993
1 814332
1 4936576
1 513505
1 7722137
1 4666385
1 5431823
1 6041633
1 344327
1 433634
1 6673717
1 6732501
1 8173150
1 7809323
1 9718656
1 3783615
1 1821069
1 4416614
1 8059028
1 7871498
1 3630446
1 9039479
1 5840612
1 9304230
1 1981231
1 7688966
1 9176957
1 4442848
1 2367840
1 9346965
1 3905168
1 1317777
1 5472285
1 9675156
1 1105921
1 5980744
1 1667023
1 5091511
1 5256102
1 1433175
1 6289841
1 7329162
1 4408373
1 4267459
1 8604660
1 3381452
1 1988824
1 2579769
1 1237939
1 8725449
1 7233644
1 3513557
1 4360529
1 8216896
1 6595938
1 129303
1 4998472
1 5930880
1 5365947
1 5054859
1 9816878
1 9728238
1 9909309
1 3464134
1 4083742
1 3417040
1 3867617
1 7752389
1 1638337
1 837483
1 1315772
1 6662070
1 7161433
1 2152489
1 3240523
1 6120482
1 8472489
1 3729720
1 9915915
1 7844961
1 5900374
1 1894361
1 4091000
1 9417347
1 6567402
1 677676
1 9466285
1 9563266
1 6628887
1 5237513
1 5093900
1 13595
1 4610771
1 4490390
1 5154252
1 8373321
1 4544117
1 2458894
1 2510146
1 2076812
1 2052901
1 230340
1 7278544
1 8817412
1 5108711
1 8305416
1 3779736
1 4740380
1 5570675
1 3358323
1 1853466
1 2170521
1 57263
1 9367841
1 2249288
1 2374330
1 4079542
1 8807461
1 9357970
1 8460935
1 1062271
1 240355
1 2419744
1 9924335
1 1325507
1 4758393
1 5115468
1 1525907
1 5776401
1 8939200
1 3707490
1 2042039
1 9247532
1 7330155
1 8738802
1 6997318
1 9381806
1 9077304
1 5165289
1 5038359
1 8497338
1 7920659
1 7336397
1 6110404
1 6145351
1 8595661
1 6431889
1 2651180
1 6087677
1 1413286
1 8906504
1 6309248
1 5634487
1 2925837
1 8866733
1 4265024
1 6394552
1 7896467
1 126568
1 4017256
1 6164418
1 8792906
1 6517235
1 856286
1 7106061
1 7602355
1 577422
1 6260537
1 738273
1 2406887
1 7681810
1 4502995
1 5653376
1 8133534
1 8917745
1 7431748
1 5046496
1 3336396
1 4468158
1 4048684
1 3094067
1 2712271
1 7889869
1 4807517
1 1099347
1 2260911
1 6800482
1 877850
1 6658472
1 4423375
1 4022308
1 5798084
1 9260931
1 2761713
1 7910844
1 8168337
1 9089166
1 7166871
1 21625
1 2798191
1 949355
1 1639777
1 1565482
1 9378332
1 1861173
1 6074762
1 8635310
1 2266712
1 7404330
1 3561191
1 3512202
1 8129998
1 9912172
1 6469445
1 4541001
1 1694360
1 9056115
1 9832696
1 8497914
1 2702698
1 8236326
1 8858254
1 6848721
1 8348516
1 1386216
1 4440543
1 7864428
1 7050179
1 3730196
1 3091773
1 5540868
1 3832154
1 475829
1 6215300
1 9842045
1 2592873
1 8937814
1 1964613
1 8653056
1 453608
1 4285443
1 999007
1 5518743
1 9319779
1 6799623
1 5337321
1 5528929
1 7754543
1 9591799
1 8331439
1 7603452
1 4441453
1 448969
1 7038844
1 6370854
1 8629486
1 3847307
1 7268697
1 7370864
1 6032129
1 8678268
1 2997855
1 4550425
1 5167919
1 2552304
1 4542417
1 7874863
1 3530624
1 2309271
1 5165546
1 5185539
1 2479009
1 5923158
1 9990964
1 3211803
1 2199731
1 3341061
1 1016778
1 2604830
1 3578501
1 4870167
1 9817540
1 2280033
1 2181062
1 5491200
1 4519893
1 7201373
1 2160370
1 4629245
1 2662290
1 942181
1 5966279
1 6747074
1 2177982
1 9321305
1 1801254
1 4897238
1 6069538
1 9846639
1 184222
1 6661041
1 9228672
1 6972176
1 3607174
1 153223
1 501087
1 361601
1 2950881
1 4777253
1 8541032
1 6162577
1 9116326
1 600279
1 7006917
1 6581266
1 2673322
1 766052
1 684986
1 246089
1 3366522
1 3931878
1 5324870
1 3679514
1 9813224
1 5399745
1 4869759
1 4875036
1 376881
1 8656457
1 2034026
1 2487874
1 7372688
1 5351638
1 3512053
1 1084841
1 241373
1 6158233
1 8460668
1 3300938
1 9797577
1 6288397
1 4914326
1 4601108
1 9499532
1 1504668
1 8238548
1 129510
1 5765988
1 172063
1 9833616
1 8663471
1 7096648
1 4617847
1 4158239
1 8482114
1 7320568
1 6598597
1 1268922
1 3170755
1 1937345
1 6882926
1 8918002
1 6285882
1 6625589
1 4566767
1 9803120
1 6727104
1 388029
1 982339
1 7097968
1 4703100
1 591124
1 5760533
1 1996579
1 8823867
1 2400978
1 7924591
1 6234652
1 3483984
1 6959436
1 7861180
1 5167677
1 2298230
1 2101880
1 1535636
1 3340428
1 5908915
1 2377725
1 7526597
1 4254388
1 3357029
1 3650482
1 8118561
1 2952042
1 9254173
1 127440
1 1330813
1 4376531
1 3049083
1 6775892
1 4369860
1 9698292
1 1855458
1 5241654
1 6269320
1 5269381
1 9826191
1 3330458
1 851906
1 9329336
1 7073852
1 8970244
1 4605372
1 2975936
1 3402009
1 8724837
1 6758590
1 9065042
1 9079898
1 1362391
1 632019
1 7582146
1 4598859
1 7688526
1 5138877
1 3250674
1 880745
1 1736975
1 2026967
1 9799003
1 5323337
1 8799723
1 745036
1 6367127
1 8177716
1 1223920
1 9482113
1 245247
1 9065868
1 9949274
1 8390135
1 8575551
1 723942
1 5236506
1 2549465
1 7691705
1 2682244
1 2637184
1 1658310
1 8029050
1 3011056
1 2741485
1 7460070
1 7737250
1 430758
1 4839659
1 653436
1 376181
1 340055
1 2096178
1 3302714
1 8547377
1 8910125
1 8615221
1 3144327
1 8074040
1 6426795
1 9180122
1 5735843
1 1989000
1 8942275
1 654266
1 4690411
1 708106
1 795848
1 2328869
1 484468
1 7997954
1 8990035
1 2711766
1 5327138
1 261956
1 2581025
1 7986227
1 6634147
1 8887905
1 4532236
1 6912664
1 3764076
1 6742684
1 6551390
1 4045414
1 9070105
1 8947438
1 538460
1 5435241
1 3758632
1 55550
1 6400836
1 4989757
1 3528208
1 5100953
1 2743832
1 9995943
1 3704087
1 3878842
1 3452139
1 6764701
1 4205591
1 4771976
1 9003085
1 461788
1 6008910
1 5193815
1 2985540
1 3744544
1 4437147
1 6118839
1 8225136
1 6765872
1 1078907
1 4093394
1 3127054
1 2174644
1 2294748
1 4243620
1 7109496
1 4373722
1 7033486
1 8912918
1 8220639
1 5524894
1 6023574
1 4406824
1 1409544
1 6443877
1 8154305
1 1935690
1 5003375
1 9482006
1 6366756
1 1980607
1 7023352
1 5962860
1 3036887
1 3603981
1 845313
1 2688472
1 2336670
1 8783894
1 9278158
1 3371609
1 6398126
1 742003
1 9802835
1 1395157
1 7515825
1 4773981
1 5669788
1 6734690
1 7030042
1 7233215
1 8338547
1 1365958
1 2788364
1 2494512
1 1862718
1 9146778
1 6210788
1 9949214
1 3461262
1 2702767
1 9660233
1 9713588
1 6751828
1 3058540
1 29386
1 9235586
1 7121592
1 8252686
1 778913
1 6131030
1 245156
1 2129921
1 4626515
1 7987264
1 5209083
1 6548914
1 3521462
1 9910801
1 1349837
1 7089465
1 5985931
1 3733364
1 2919573
1 1839902
1 1755578
1 9267655
1 929539
1 9820210
1 6506923
1 8240268
1 6676714
1 8399392
1 6412006
1 1276457
1 7393481
1 8665273
1 5526774
1 2221535
1 6220068
1 9329754
1 5881590
1 3983904
1 9966386
1 2017457
1 9436851
1 7917923
1 8103313
1 4007393
1 8460474
1 3845969
1 2499796
1 6849645
1 5434283
1 3109288
1 2964455
1 6689404
1 7602102
1 8845941
1 9079444
1 4356920
1 86924
1 5300762
1 487440
1 2866688
1 4886246
1 2664512
1 6116657
1 3609021
1 6578455
1 9050585
1 6846485
1 9977869
1 720899
1 3244284
1 4434135
1 3708426
1 2647417
1 3261275
1 7906436
1 6916205
1 8072703
1 6002088
1 9972748
1 5752261
1 7050044
1 9406314
1 492328
1 5570627
1 6884515
1 3425954
1 7844370
1 7322018
1 2842237
1 9901822
1 6050628
1 3746618
1 9542471
1 5282074
1 9616580
1 926777
1 5460232
1 5989023
1 1333240
1 2031143
1 3811463
1 8300072
1 2624500
1 5677455
1 6242048
1 4005167
1 3421447
1 3399049
1 8438642
1 9886470
1 763829
1 4968652
1 6360839
1 2615323
1 8656484
1 3238112
1 7184064
1 4235560
1 4097555
1 4439065
1 6084984
1 5579682
1 5219628
1 4798580
1 8067295
1 2460326
1 2358872
1 7684597
1 3717039
1 9873761
1 4331822
1 1185446
1 3310174
1 3701643
1 3723927
1 6243738
1 563479
1 6075053
1 9263975
1 542486
1 5646870
1 4671419
1 7434486
1 8064515
1 7738929
1 1986316
1 6537876
1 1430675
1 5042614
1 6304286
1 6579735
1 5242878
1 1847535
1 1293474
1 2201326
1 2344625
1 5777275
1 480284
1 6350533
1 9351137
1 2305764
1 4181435
1 6077253
1 2119787
1 7399619
1 7995969
1 1886792
1 5772219
1 6231002
1 2790246
1 2571435
1 3358650
1 1010935
1 1099040
1 9201037
1 9385697
1 1543593
1 6719728
1 8465629
1 204527
1 4869680
1 8547998
1 274782
1 9141683
1 3539304
1 1944504
1 513156
1 1515127
1 936067
1 709668
1 9257519
1 2664956
1 3313434
1 2767520
1 20628
1 6710792
1 7178602
1 1596239
1 6261115
1 7294690
1 3526048
1 9452867
1 9970391
1 4751633
1 1786207
1 1106220
1 7176266
1 6800314
1 3021731
1 7747998
1 8636758
1 19397
1 559902
1 3614023
1 4773743
1 5211853
1 6913085
1 8877991
1 8963581
1 3777784
1 8730784
1 7965361
1 6666673
1 1637066
1 2085113
1 9022921
1 40726
1 2502150
1 6787065
1 8158985
1 8235934
1 9056806
1 4287878
1 7544223
1 9757416
1 2618902
1 5436854
1 2992480
1 6527135
1 881400
1 5532592
1 4397213
1 8566561
1 8811967
1 9224976
1 5364671
1 9115032
1 4245027
1 1059623
1 8275924
1 3119623
1 9174743
1 6713711
1 394487
1 2041078
1 6082687
1 2169167
1 1763798
1 3067608
1 445426
1 9338015
1 7632630
1 1894685
1 5012862
1 5014774
1 6796669
1 5352467
1 8487225
1 3331091
1 2386166
1 8670809
1 6405585
1 7939242
1 6554120
1 5159731
1 4269571
1 9382449
1 8381427
1 6330865
1 1736975
1 1218642
1 4229301
1 1049485
1 2064753
1 5511751
1 3842957
1 4473030
1 3484662
1 174752
1 9279262
1 3304225
1 1227583
1 4951106
1 7906338
1 2534826
1 6951828
1 9386700
1 7963500
1 2835734
1 6415554
1 7061402
1 7583918
1 7048239
1 4543909
1 2316519
1 1664605
1 5932901
1 5757952
1 3438993
1 9175114
1 696943
1 576271
1 3054291
1 4478371
1 3856064
1 4126100
1 1763057
1 4658240
1 4730453
1 6324451
1 9134828
1 6406697
1 3989904
1 5740095
1 5716395
1 1819638
1 3869041
1 2102307
1 1310541
1 9727870
1 5909061
1 8022966
1 721084
1 2308144
1 103025
1 634253
1 3294006
1 2028750
1 6349359
1 7336899
1 2371282
1 835239
1 2674239
1 9763756
1 1701331
1 2874554
1 6372480
1 4669809
1 2933145
1 5956321
1 6694841
1 7128161
1 5596239
1 4798982
1 6216321
1 7127681
1 5374092
1 2279044
1 5429493
1 1519478
1 4215118
1 1729925
1 886796
1 7889758
1 9509550
1 5366338
1 2336194
1 6705988
1 7499480
1 9620930
1 2663644
1 1963069
1 325148
1 7312218
1 6101654
1 8012156
1 8351314
1 1221583
1 3695658
1 8499780
1 8085131
1 7903034
1 5791838
1 5789252
1 9005741
1 7652155
1 9364812
1 8453778
1 9304055
1 7180280
1 451892
1 7768274
1 6460438
1 6255278
1 2369794
1 5191485
1 8753425
1 4285323
1 966137
1 62203
1 429045
1 4176095
1 6972550
1 2373974
1 9237321
1 4452391
1 4017980
1 2332578
1 6491056
1 2227620
1 145174
1 880748
1 2198317
1 1976367
1 7420972
1 3624405
1 9144167
1 2754397
1 9453706
1 7670936
1 2946982
1 4879875
1 8897087
1 9847597
1 3756136
1 2350621
1 6799430
1 6548948
1 5343348
1 8090956
1 1012928
1 2726335
1 5639352
1 9141211
1 8181468
1 9052724
1 1898253
1 3203729
1 6651441
1 1748517
1 5289941
1 5778020
1 5157431
1 7857839
1 9406882
1 8825554
1 2015173
1 4420801
1 8288364
1 9604885
1 5010368
1 1608062
1 1053402
1 5051222
1 8062481
1 4089712
1 6147047
1 4601629
1 8777885
1 3201479
1 8348566
1 3442956
1 4854109
1 7765852
1 2443688
1 6802717
1 7063726
1 5988088
1 9454056
1 8106790
1 1904484
1 534961
1 4175975
1 41646
1 1223846
1 6845075
1 6951480
1 2623791
1 8805779
1 9707927
1 9882726
1 5627239
1 5422572
1 3872122
1 4114667
1 3147208
1 9873071
1 3651566
1 8771162
1 6858550
1 5721266
1 6108742
1 1169176
1 5347177
1 6544767
1 9450762
1 999933
1 2758512
1 7069452
1 3366109
1 6074181
1 817406
1 5309676
1 4182800
1 1556109
1 347274
1 8107490
1 4302115
1 6407541
1 9316048
1 9330289
1 943630
1 6350707
1 9250660
1 9973642
1 910855
1 621967
1 8481104
1 2002514
1 2302502
1 3160726
1 89324
1 3958256
1 7020733
1 9133046
1 1464896
1 1324807
1 9719907
1 4304939
1 1936555
1 817368
1 3800161
1 9997186
1 3006500
1 5018119
1 9893083
1 1413228
1 4066106
1 9216529
1 7815741
1 6359690
1 3139498
1 125752
1 351100
1 7515725
1 5148740
1 7847272
1 6639967
1 3544369
1 1534152
1 3877948
1 6056618
1 2634532
1 5677688
1 2159411
1 7399293
1 6040818
1 9757763
1 5949976
1 782363
1 8866751
1 2588195
1 453510
1 8098374
1 6803324
1 8031208
1 9465031
1 2248364
1 3374293
1 1957831
1 2569826
1 950457
1 9400197
1 9128677
1 2202634
1 2277678
1 9890607
1 504635
1 8965088
1 6065315
1 9884310
1 8154432
1 8549955
1 6341497
1 7337605
1 4037342
1 4236515
1 9437254
1 8630112
1 5638900
1 5569100
1 5018021
1 3526710
1 7217813
1 3498051
1 5752210
1 9448220
1 5722403
1 1377664
1 8457681
1 7636832
1 6821286
1 3908248
1 7859112
1 8712796
1 6393425
1 1549651
1 3622238
1 5417199
1 233604
1 7522133
1 3311842
1 9277627
1 4061316
1 5266191
1 3240705
1 4687888
1 3416131
1 7578985
1 335798
1 8291229
1 1220634
1 8265447
1 2929987
1 7176288
1 2972468
1 1563644
1 5730735
1 9539131
1 1080321
1 8085135
1 8716237
1 3293965
1 7265408
1 8313852
1 4251468
1 6186796
1 1349803
1 1227396
1 6134537
1 9777891
1 3526520
1 2060346
1 4916888
1 903262
1 8419416
1 2659198
1 6745189
1 1507870
1 2611705
1 5071556
1 6776247
1 1279155
1 2989829
1 3278709
1 8910385
1 1894441
1 5760481
1 3431981
1 2812724
1 5164136
1 4947233
1 4873589
1 8699191
1 8890312
1 7578045
1 9757545
1 2736032
1 9439932
1 5673042
1 7844888
1 8388703
1 6742151
1 3230348
1 4129557
1 7939909
1 2539682
1 9596039
1 662276
1 8118412
1 1936600
1 7102272
1 4967832
1 2465032
1 2152699
1 7124202
1 9115707
1 4160649
1 1839730
1 6953138
1 5788591
1 1690864
1 4678816
1 4454303
1 8855828
1 6477540
1 1206470
1 5024407
1 1585692
1 6259228
1 7306875
1 3624859
1 1084619
1 666615
1 2813269
1 3433043
1 10154
1 1020291
1 7135410
1 2404312
1 6051113
1 5708853
1 3353985
1 7105661
1 5835455
1 1940384
1 8290217
1 3254035
1 1201031
1 3569859
1 8034917
1 9325578
1 8721692
1 7538025
1 7083903
1 8637146
1 9715019
1 8217406
1 1416708
1 9868145
1 784830
1 1176200
1 606850
1 2051215
1 2339647
1 183432
1 8344549
1 7847241
1 4826415
1 6363646
1 3645158
1 1694528
1 5648427
1 2407768
1 1422274
1 5211358
1 670225
1 6685701
1 3017888
1 1369774
1 6911383
1 2304984
1 4057756
1 4994584
1 2016532
1 1263766
1 4494241
1 4686741
1 501823
1 9290602
1 1098359
1 3152289
1 2735349
1 3420989
1 5049819
1 4333009
1 5006790
1 689361
1 8990150
1 4640951
1 6257836
1 3310669
1 4303300
1 4476054
1 9171009
1 7928795
1 2487682
1 9746551
1 1037714
1 4055787
1 9660835
1 7484581
1 8279383
1 2658292
1 9864388
1 3054394
1 1772898
1 6645700
1 7701827
1 3063473
1 7288887
1 1197023
1 866275
1 3838985
1 9908712
1 2980319
1 8953999
1 3628446
1 9886887
1 9051854
1 5977433
1 4919877
1 6540378
1 148316
1 6998254
1 1286913
1 9752327
1 2908900
1 7584462
1 188659
1 7383797
1 6577902
1 4009366
1 1944345
1 3663118
1 4794732
1 8510736
1 9954314
1 793441
1 4098703
1 960951
1 6144963
1 2605696
1 6104037
1 5511584
1 7674417
1 4310173
1 6314149
1 5350018
1 408553
1 4094403
1 297167
1 8417972
1 7455642
1 3368484
1 4830637
1 6906772
1 6390001
1 8174920
1 9092059
1 3094138
1 5224004
1 5549741
1 8304876
1 9797070
1 6355914
1 8205159
1 8296349
1 8659536
1 7481017
1 5586251
1 612751
1 8789505
1 1500269
1 777314
1 986228
1 4843616
1 7095282
1 2860894
1 7737512
1 9813110
1 5392614
1 3511038
1 7805636
1 2539434
1 6094117
1 7225738
1 1206777
1 1023207
1 511728
1 6065995
1 3024754
1 7055395
1 7133657
1 7234817
1 597545
1 3445338
1 4170287
1 5751657
1 1313372
1 6325243
1 8808821
1 3546114
1 1820485
1 3416797
1 2112469
1 8660925
1 7741640
1 2092530
1 6287106
1 5940461
1 1017543
1 1671840
1 7719910
1 6740813
1 3083062
1 520648
1 8349244
1 7976426
1 5218635
1 6071152
1 7302097
1 8308099
1 9316918
1 5508411
1 3727796
1 2794120
1 8912474
1 5836443
1 7363058
1 176624
1 1079552
1 5025640
1 7856371
1 7628332
1 6610986
1 8407203
1 4749370
1 976876
1 94907
1 7129388
1 8981288
1 3472833
1 3307590
1 3535838
1 2453226
1 7330453
1 1157878
1 2001790
1 6094541
1 8560033
1 8859248
1 4939204
1 312099
1 3043478
1 5557184
1 1597409
1 1862585
1 4654283
1 4985192
1 8957912
1 5908399
1 4391852
1 2865409
1 8638883
1 6244728
1 4986763
1 3406832
1 4256220
1 9484196
1 2208409
1 8209272
1 1638362
1 9597532
1 3778538
1 5945676
1 7206971
1 4017068
1 1401835
1 9035033
1 660740
1 4030051
1 7798632
1 5424662
1 1777131
1 9752858
1 8626932
1 4799206
1 1712092
1 7168898
1 9857073
1 5056283
1 4342573
1 9639522
1 878345
1 7879844
1 1005682
1 496289
1 4832617
1 3955210
1 4421153
1 105034
1 8216798
1 8541391
1 4318084
1 5020732
1 2482880
1 7409885
1 522364
1 8436035
1 9945554
1 6447128
1 6775705
1 2239622
1 3496316
1 2785412
1 1966438
1 164731
1 6303342
1 5388818
1 9087855
1 7355234
1 5178643
1 4379289
1 3439171
1 5583674
1 2188650
1 2888207
1 2187748
1 5824346
1 6189515
1 7053492
1 3819438
1 4642974
1 3630141
1 9778101
1 4895785
1 450451
1 6479522
1 2372603
1 8943614
1 8895426
1 9117116
1 7150974
1 9176554
1 1181217
1 9426480
1 4397330
1 5126362
1 5849295
1 9013473
1 3377170
1 1056859
1 1703168
1 3630999
1 1588869
1 8059256
1 5931416
1 6983383
1 619498
1 4670740
1 1967395
1 5566999
1 8962195
1 8844257
1 1098575
1 6688286
1 9226461
1 9112013
1 6821025
1 2070654
1 8387309
1 6122604
1 3711405
1 3137877
1 2292884
1 2613691
1 430421
1 2297303
1 1850666
1 8312659
1 4639331
1 8762415
1 3418765
1 7883420
1 5796585
1 3744453
1 4458682
1 2619623
1 2456517
1 4759066
1 9567859
1 8841710
1 6573048
1 7861117
1 7685167
1 5858421
1 8176093
1 6072702
1 6519727
1 3620304
1 6505491
1 2650223
1 2513536
1 3081024
1 3704639
1 7309161
1 9523882
1 9058372
1 4198898
1 3971463
1 4246725
1 7940118
1 3429827
1 152104
1 4963846
1 8759352
1 8986078
1 2901613
1 1285866
1 7056009
1 578497
1 3287548
1 7197954
1 8974070
1 2998078
1 2995003
1 8789188
1 703119
1 6663932
1 6812292
1 7709509
1 1800798
1 1934715
1 3547940
1 2822880
1 9193337
1 9377388
1 7583013
1 5891031
1 1430713
1 8280591
1 9880870
1 6359359
1 1693551
1 8526312
1 9549383
1 470558
1 6081663
1 8675082
1 956205
1 1536975
1 6071284
1 1960540
1 5888453
1 8101802
1 2296374
1 669444
1 240432
1 4326192
1 132105
1 9814278
1 3368317
1 3119742
1 8046833
1 9574405
1 9123345
1 6384002
1 1444818
1 4765086
1 7728303
1 9459163
1 2151210
1 8399547
1 8807243
1 7215778
1 2916283
1 9507469
1 8384590
1 1395437
1 3091300
1 5644412
1 8469831
1 8396433
1 5199690
1 3606218
1 3497118
1 914730
1 7729354
1 7750418
1 6817871
1 4930054
1 9015494
1 1682697
1 5415346
1 4440652
1 873867
1 560832
1 8331129
1 9537547
1 8278296
1 5415654
1 639444
1 8204419
1 9704602
1 484902
1 7225518
1 2852919
1 3918697
1 8778347
1 6297211
1 7806253
1 6893989
1 4921912
1 8345915
1 5527955
1 4608427
1 3747632
1 4482601
1 8178669
1 3966897
1 34088
1 4714677
1 9771114
1 2415462
1 1051490
1 5125283
1 5724267
1 8645001
1 9480283
1 5146104
1 9163252
1 5075500
1 4218065
1 8257750
1 6612047
1 7756708
1 6284313
1 4952666
1 3564672
1 1519083
1 8074518
1 8354518
1 419495
1 5630431
1 2037018
1 519844
1 1918321
1 3803428
1 5324633
1 3498609
1 356807
1 2195623
1 8518245
1 3628029
1 2978526
1 2148200
1 818412
1 4908690
1 2275892
1 5432472
1 7137311
1 1487940
1 5088444
1 5587696
1 6242866
1 4300785
1 98956
1 1587774
1 427912
1 8915331
1 1935554
1 6553546
1 5286644
1 6942008
1 1717772
1 6194086
1 8806924
1 344462
1 7544312
1 9560998
1 9228365
1 1911655
1 1227897
1 7738373
1 79796
1 8536576
1 4734619
1 8917204
1 114485
1 8538044
1 6547813
1 2809705
1 6324809
1 4176109
1 978726
1 7936865
1 4715277
1 3545106
1 469319
1 2587660
1 4305874
1 2093261
1 7808007
1 1838447
1 482845
1 5442126
1 8454694
1 4099270
1 9470694
1 7655907
1 9146703
1 4712516
1 1404583
1 1194974
1 4536348
1 9853754
1 741153
1 7500536
1 2252117
1 7512195
1 3696918
1 6310728
1 4667985
1 1968843
1 8222767
1 4479512
1 7687096
1 2993994
1 8609776
1 845621
1 7050379
1 2580217
1 9412074
1 3853060
1 2715365
1 1201327
1 7687199
1 2857365
1 3681195
1 7953992
1 4845016
1 5262532
1 6780570
1 153196
1 4411712
1 5833178
1 7350846
1 2732779
1 403763
1 8743582
1 9494232
1 7210137
1 842775
1 2290152
1 7318496
1 5250852
1 6872468
1 9098532
1 8267479
1 6960537
1 5653445
1 8267811
1 6743560
1 9797988
1 49451
1 3287292
1 3105685
1 7919259
1 1952214
1 5581289
1 9463795
1 1991670
1 2272333
1 3595937
1 1521961
1 2281007
1 756466
1 8898517
1 7131671
1 6587985
1 6030891
1 946465
1 2183356
1 9982239
1 5798116
1 4785675
1 1763422
1 6150107
1 6909405
1 2667221
1 9344402
1 2959820
1 9716520
1 4579257
1 9371392
1 8200677
1 5752096
1 1071457
1 6050730
1 7016586
1 2314725
1 9712458
1 366724
1 3694152
1 23270
1 7399230
1 8355959
1 9505428
1 8997637
1 985491
1 4219985
1 2532755
1 4849426
1 6373676
1 4327291
1 6728170
1 3310753
1 9302232
1 5624311
1 6212995
1 2606265
1 6949394
1 5541298
1 1611597
1 2803278
1 8355024
1 8782111
1 1965336
1 7836096
1 3224479
1 7723706
1 238729
1 149998
1 9470967
1 8701755
1 3851818
1 6500305
1 2594520
1 4666338
1 7388967
1 2069722
1 4563305
1 1605033
1 8041823
1 6988504
1 5389672
1 1413641
1 9981461
1 959174
1 759819
1 9444194
1 7657362
1 3486432
1 6998885
1 9426141
1 5385979
1 9272214
1 226938
1 8523737
1 2459017
1 5570547
1 7010909
1 9215624
1 8257472
1 9804712
1 4538269
1 3354139
1 4087645
1 6556091
1 7964803
1 5001110
1 3459869
1 3577537
1 2840176
1 2744013
1 6235791
1 9779763
1 6805939
1 9166597
1 9070788
1 2045968
1 5950104
1 5799418
1 6190867
1 5283846
1 200515
1 8399468
1 4388567
1 9390100
1 6503093
1 4371612
1 2285550
1 9653455
1 8249405
1 9235698
1 5610162
1 7661096
1 2771048
1 3614167
1 3716243
1 5968223
1 1296993
1 7899299
1 7358354
1 8744603
1 4957993
1 2681148
1 894954
1 947101
1 498036
1 5972515
1 2774598
1 2904211
1 8875212
1 7331846
1 6728417
1 578811
1 1364974
1 1599726
1 7509675
1 7334283
1 9225130
1 7540489
1 3515028
1 1341616
1 128073
1 1592897
1 6731496
1 8047817
1 5089458
1 7396686
1 7780930
1 2597182
1 4829792
1 9411738
1 3074720
1 7262684
1 1168756
1 8486122
1 9271596
1 2091967
1 8234713
1 1462724
1 4333963
1 1119680
1 2595944
1 2230441
1 5184501
1 4018631
1 4499054
1 8734717
1 5068704
1 7931340
1 6579266
1 9612318
1 3163878
1 5821638
1 7494560
1 5339177
1 1127748
1 1243571
1 7763200
1 7675876
1 7066631
1 1430345
1 6897255
1 6353012
1 8498677
1 2704252
1 7771969
1 7058229
1 5170872
1 763733
1 4012174
1 3329004
1 3281331
1 2827012
1 3718898
1 4167907
1 5903097
1 6519654
1 6467280
1 7349336
1 1937276
1 6079761
1 6606252
1 9512234
1 124058
1 5594200
1 4536653
1 5398427
1 6215461
1 4323431
1 1132304
1 9617058
1 5663382
1 736378
1 6857071
1 8793892
1 5300091
1 7429685
1 5567810
1 5967178
1 6316497
1 9163382
1 5215732
1 3362306
1 6329041
1 979037
1 9646301
1 697990
1 9707737
1 5494186
1 1477491
1 4013366
1 8550853
1 3995334
1 1653866
1 4251538
1 1851071
1 4275569
1 7406638
1 8298672
1 8769924
1 7499186
1 4867172
1 1870173
1 7647300
1 9441127
1 4387208
1 9617819
1 4590165
1 6718710
1 9314859
1 4930912
1 2491269
1 5215941
1 1565187
1 9296383
1 789530
1 2708634
1 2994392
1 2363557
1 4586776
1 5845278
1 8213236
1 9258072
1 7057075
1 5434591
1 7336570
1 4711187
1 7924520
1 4324650
1 4290784
1 3213019
1 6382506
1 3299309
1 1026982
1 9116839
1 1993016
1 1649772
1 7319237
1 6886438
1 1472754
1 4072136
1 7414018
1 9223761
1 6839597
1 942042
1 3893797
1 7477262
1 7309875
1 6023596
1 3096053
1 1076808
1 1483652
1 1623301
1 2372813
1 1847361
1 7745928
1 7968087
1 5521062
1 1211200
1 3623107
1 5905817
1 8115742
1 1134617
1 5506097
1 643572
1 2049954
1 7476048
1 1966757
1 5633751
1 5099627
1 7059846
1 9567754
1 5441465
1 9322483
1 7644056
1 2586231
1 5792803
1 626044
1 5630895
1 521504
1 7492760
1 7601785
1 9261598
1 2609583
1 980631
1 7319721
1 5752750
1 8678168
1 8327945
1 2334307
1 797245
1 337704
1 5760180
1 9793475
1 5554507
1 8468968
1 8234789
1 7297473
1 459902
1 3110068
1 1041076
1 3203289
1 9889590
1 7509337
1 3101961
1 4763844
1 8048426
1 8907436
1 7210624
1 4781714
1 3443792
1 9964197
1 3796101
1 5861266
1 729913
1 5273071
1 5258943
1 6124068
1 3171534
1 4675348
1 1185267
1 9122968
1 1283341
1 4817884
1 7627392
1 9641642
1 3889437
1 9171256
1 4827293
1 6839930
1 5770160
1 4631309
1 5320056
1 6323421
1 911442
1 1335406
1 8082802
1 7016231
1 6236928
1 2525717
1 6966965
1 3005054
1 6557013
1 451700
1 8541756
1 2395765
1 9823326
1 947535
1 6291548
1 6555083
1 9035477
1 4620387
1 6652837
1 1340337
1 8197089
1 2738576
1 9632356
1 7960385
1 8390082
1 2018411
1 8553804
1 367868
1 6407618
1 3710625
1 1677781
1 9032115
1 4297168
1 9944077
1 8225782
1 2074973
1 3420369
1 9270036
1 2331565
1 4542229
1 4513978
1 6544609
1 2525433
1 2642246
1 9232787
1 9735981
1 5772011
1 8412496
1 1343898
1 936880
1 9589390
1 9495516
1 3332026
1 7358677
1 4038358
1 8463842
1 4952304
1 7333872
1 5106449
1 4694799
1 7948285
1 6404216
1 6966043
1 9451183
1 4286787
1 604985
1 2251886
1 5715438
1 5000409
1 5720231
1 8174049
1 4886772
1 7948960
1 1465916
1 7663375
1 4662132
1 5062627
1 3741261
1 3042510
1 6324971
1 7287143
1 4661060
1 2424361
1 5338610
1 1950664
1 1385788
1 1048754
1 2812042
1 4056051
1 4302303
1 246184
1 4421167
1 9334068
1 7777343
1 4523167
1 498626
1 886357
1 6948828
1 7661279
1 3571375
1 5918742
1 6701970
1 514966
1 8105142
1 6837250
1 4291285
1 3069321
1 5076915
1 627431
1 3340438
1 5802080
1 6896170
1 6493025
1 7106259
1 3543377
1 7203607
1 8920392
1 5869683
1 2503056
1 2610226
1 1144050
1 2817084
1 8969146
1 1577149
1 7651884
1 7871546
1 1245260
1 855922
1 8836474
1 926859
1 5869477
1 9862083
1 537464
1 8816935
1 2827738
1 5006113
1 1508950
1 9039217
1 4232213
1 9984344
1 5865313
1 3188145
1 605680
1 3575823
1 5624147
1 908271
1 4652233
1 6028553
1 2793285
1 7272952
1 2244898
1 7944381
1 5237674
1 4457841
1 5466725
1 877822
1 1963381
1 3219561
1 519942
1 4220190
1 9479734
1 9068531
1 4308743
1 4961744
1 6832924
1 4757320
1 9079869
1 5483578
1 522242
1 6065413
1 9031849
1 2293546
1 3143202
1 9836394
1 5210607
1 6110753
1 1703237
1 3801649
1 9461033
1 4384905
1 6853520
1 7876641
1 5844557
1 2304232
1 9153008
1 5003757
1 8610525
1 3189788
1 8527306
1 4483188
1 3007793
1 8887052
1 3396863
1 8067578
1 1554216
1 887764
1 1685835
1 1961831
1 5132193
1 7339074
1 2053549
1 8341642
1 6054743
1 8074669
1 6059075
1 4723207
1 3791453
1 6890512
1 5840459
1 121482
1 1683668
1 4945695
1 784833
1 165381
1 9211015
1 3979163
1 5523524
1 4753239
1 4623651
1 7424403
1 8513221
1 6896968
1 1527950
1 524315
1 1347427
1 1081285
1 5423253
1 3111454
1 4559262
1 7339947
1 7432750
1 3047183
1 4822868
1 1204399
1 8485975
1 5655180
1 7322689
1 8675088
1 6578481
1 8110773
1 743686
1 7369619
1 2107198
1 3288401
1 9549572
1 5756564
1 8533115
1 9325989
1 3076455
1 7451421
1 7036898
1 6850428
1 7125423
1 5405692
1 2461523
1 7272512
1 3078387
1 6650213
1 8394477
1 9952218
1 9301172
1 9397754
1 1862443
1 5087423
1 5212975
1 4766198
1 5336961
1 4900139
1 4419295
1 1172450
1 1614940
1 3901680
1 6088173
1 4828014
1 2952291
1 3201049
1 894349
1 9851179
1 5305216
1 987882
1 8023659
1 1136271
1 2798518
1 2458370
1 4948430
1 5113030
1 873508
1 2147461
1 8102464
1 6235498
1 3458357
1 4667640
1 5672265
1 8037353
1 9322699
1 6936045
1 7791445
1 8787791
1 6987587
1 4793406
1 2689469
1 8204423
1 3367357
1 1427607
1 3895638
1 5535786
1 1435541
1 8913226
1 7983857
1 8416417
1 7841851
1 5328410
1 8589227
1 2642484
1 5020949
1 9176574
1 8713548
1 847769
1 9869142
1 4634770
1 4724015
1 5937993
1 895578
1 2566732
1 8412638
1 4310149
1 6416320
1 7339013
1 1926105
1 350165
1 4703593
1 8452404
1 8770853
1 4580302
1 4784144
1 3614842
1 3868702
1 999143
1 7672814
1 2621293
1 4113659
1 3359954
1 52768
1 3944217
1 1991878
1 9869853
1 62255
1 4366750
1 6259431
1 9067603
1 3917218
1 2588843
1 8599061
1 9093398
1 1324912
1 5642121
1 5522579
1 1438186
1 8204314
1 7206470
1 4787667
1 8623411
1 7861886
1 6522490
1 4297166
1 1044415
1 4849623
1 2761386
1 4935236
1 4466995
1 5898893
1 7722198
1 4841164
1 5305109
1 5037355
1 733991
1 1626527
1 9877071
1 503828
1 6223965
1 5619020
1 7412903
1 8585314
1 2042716
1 1884444
1 7125155
1 3109686
1 7725708
1 9158795
1 1940407
1 9089665
1 3774905
1 624262
1 5238072
1 4630679
1 5665737
1 1521944
1 2685210
1 4352139
1 1453294
1 2870459
1 5705446
1 8503931
1 1201545
1 1800087
1 9279139
1 9333985
1 4548200
1 1470935
1 7687259
1 2973240
1 2989145
1 503143
1 3940968
1 7381165
1 636917
1 7707913
1 1026752
1 3847566
1 4753719
1 7718411
1 9426898
1 5851551
1 1549840
1 5878757
1 3137199
1 842068
1 2795596
1 8996219
1 9250251
1 4350131
1 5714195
1 1461280
1 5508610
1 5995506
1 6389815
1 5091931
1 1592330
1 1327988
1 6725132
1 1297920
1 8448600
1 2424763
1 109652
1 8442024
1 3367165
1 811878
1 9713831
1 6801231
1 6911949
1 8038911
1 9722064
1 5559225
1 335654
1 6026972
1 5092371
1 4547013
1 9358074
1 6673737
1 1680114
1 5769651
1 4669747
1 9107984
1 8916779
1 4881950
1 8577809
1 511936
1 4876170
1 6913308
1 5593730
1 5574999
1 953804
1 7056769
1 2555726
1 8367846
1 8251491
1 532533
1 9527712
1 3862955
1 9310660
1 2569244
1 8033576
1 9881866
1 1771963
1 5244591
1 2595241
1 4524626
1 155641
1 6863308
1 4886083
1 2767251
1 3394146
1 8305263
1 7347572
1 6595870
1 9474313
1 6140210
1 3878385
1 9119906
1 9980382
1 3211707
1 6440419
1 4439444
1 2158142
1 8757008
1 9394731
1 9811424
1 7678524
1 1558874
1 965388
1 1104138
1 346628
1 6848122
1 3008734
1 6959707
1 1595136
1 9418363
1 3791206
1 1304288
1 9938444
1 2833500
1 4679677
1 5383424
1 1820052
1 3909715
1 471040
1 6968891
1 4361837
1 7714375
1 1388453
1 2323163
1 506273
1 8092332
1 4250318
1 6828406
1 6672484
1 4654150
1 306337
1 9128031
1 2466009
1 21705
1 6900891
1 3361188
1 7837327
1 5863903
1 3533901
1 110597
1 7788219
1 1551623
1 7230959
1 6660621
1 6039282
1 8876171
1 6801213
1 5329235
1 421424
1 6803653
1 7774513
1 8144007
1 5522731
1 2919592
1 6785768
1 6002158
1 166796
1 1941668
1 4688696
1 9257159
1 1279509
1 9982240
1 4719602
1 2014743
1 6777303
1 7216852
1 5569934
1 6853
1 2067738
1 5232646
1 9053070
1 2648218
1 7127064
1 8596030
1 4493262
1 5974583
1 1922414
1 7126033
1 6010350
1 1592258
1 5468748
1 1496875
1 5167254
1 3066644
1 5693387
1 1352374
1 238105
1 6271709
1 7866781
1 2071169
1 6326205
1 916155
1 8246836
1 8233166
1 3768343
1 3694698
1 960636
1 2606558
1 5565014
1 114300
1 7747657
1 4676919
1 8785187
1 2005854
1 5052199
1 19106
1 1991741
1 7085648
1 3565591
1 6779734
1 7954425
1 7308289
1 9223643
1 4668116
1 936880
1 4818812
1 8327099
1 19008
1 8689304
1 5828979
1 8593033
1 5263837
1 796435
1 9468013
1 6060862
1 1236840
1 8943582
1 8596845
1 6352198
1 5237836
1 1759765
1 2903151
1 6572592
1 8254996
1 9648487
1 8528606
1 7489774
1 5983700
1 4325496
1 3785044
1 2361519
1 6264910
1 9492006
1 8240188
1 5096119
1 7186206
1 9330540
1 9378503
1 2651231
1 6298931
1 564019
1 8240315
1 4052443
1 1767929
1 295221
1 1254938
1 6915747
1 6373211
1 4660357
1 8049504
1 9345899
1 2376445
1 8639440
1 6586771
1 4562410
1 4566470
1 6469262
1 4221367
1 2778991
1 2222400
1 1797613
1 3087214
1 5099957
1 3133516
1 5152754
1 2841847
1 3890411
1 7804069
1 3481340
1 4767915
1 8342533
1 8403183
1 3897245
1 4750141
1 2434724
1 2091228
1 3345589
1 387409
1 514767
1 988817
1 851992
1 7355298
1 5257506
1 5037566
1 7528691
1 8294982
1 7823106
1 702156
1 5215494
1 6019059
1 2435123
1 676728
1 81582
1 9590148
1 9893506
1 5874830
1 8828127
1 7277084
1 2790945
1 2893068
1 7338860
1 8466512
1 4794900
1 949849
1 8255400
1 3347429
1 3234833
1 2523285
1 3029254
1 8935800
1 7181325
1 9952946
1 209795
1 9952940
1 8729352
1 9042627
1 5583974
1 5433211
1 8170796
1 9464624
1 6847489
1 8861050
1 4456378
1 6053914
1 3061212
1 2433889
1 5536445
1 732619
1 1206594
1 9481203
1 4091410
1 6891232
1 66659
1 1269443
1 1988123
1 5701348
1 3011900
1 9942324
1 6441954
1 8105331
1 4928254
1 9388916
1 346107
1 7545042
1 1536293
1 4764457
1 2704894
1 5581324
1 8857907
1 1865641
1 9738318
1 4241212
1 8973140
1 2393461
1 6695629
1 5926208
1 4128837
1 1330660
1 8570520
1 4815132
1 3284599
1 7919899
1 6982961
1 6212572
1 8549325
1 4067503
1 4244298
1 3491961
1 9033525
1 4702348
1 8407102
1 2902883
1 5358803
1 534466
1 1557348
1 8038562
1 2502322
1 4385695
1 7721174
1 781758
1 8104557
1 469761
1 9610949
1 5545182
1 7549371
1 7843614
1 8509946
1 4491309
1 3810572
1 3837879
1 8243283
1 1338452
1 5337945
1 4348712
1 6347698
1 2769148
1 9343834
1 9515431
1 8609033
1 9392688
1 3833953
1 402193
1 3044394
1 1457283
1 3325787
1 1921053
1 8062188
1 2263148
1 7199948
1 9733597
1 9133664
1 3754957
1 7071782
1 3648029
1 6508923
1 5953618
1 9959965
1 4304430
1 1338639
1 3107047
1 5348314
1 3656250
1 1068981
1 3823212
1 7065590
1 5952996
1 4987676
1 6937488
1 7717765
1 3974390
1 1880844
1 5822107
1 9098695
1 4233900
1 7519186
1 8632576
1 8999538
1 905325
1 5463636
1 9196763
1 8642240
1 2933710
1 3490674
1 6682561
1 842273
1 4222095
1 3824841
1 7687027
1 8190689
1 7770786
1 3656178
1 3314470
1 6637931
1 8553601
1 8494133
1 5405343
1 163765
1 1639418
1 704710
1 485129
1 9601309
1 7106878
1 1483117
1 7527417
1 7115768
1 4700425
1 4023343
1 3169043
1 6108000
1 9678302
1 8184465
1 3879101
1 762218
1 8311660
1 6878070
1 1373851
1 4950827
1 8536025
1 8936595
1 3866818
1 2954108
1 2898522
1 8505378
1 9185744
1 890507
1 8957893
1 626942
1 8996635
1 7486145
1 8248364
1 2540233
1 461976
1 483825
1 2948651
1 1158559
1 9593494
1 6122275
1 8606892
1 2651197
1 4918501
1 6133019
1 1869265
1 7288300
1 4758073
1 7806632
1 3806915
1 9027966
1 3809658
1 4580848
1 9283660
1 2794667
1 9123472
1 8761350
1 4498632
1 3621460
1 9674729
1 5615583
1 3425066
1 3440703
1 1507285
1 1896833
1 3138147
1 761927
1 6152193
1 2254893
1 4216307
1 7705454
1 5336665
1 3515720
1 2510721
1 5112667
1 6451461
1 5953127
1 6161189
1 662388
1 7405619
1 1662692
1 4297963
1 376015
1 7581374
1 4252362
1 6127122
1 8050732
1 6157763
1 9557355
1 1807095
1 9340222
1 3474449
1 7802678
1 5924217
1 2915646
1 7409005
1 2817052
1 1624901
1 6943377
1 8924263
1 4965761
1 8535441
1 5308088
1 2155068
1 6964321
1 3220481
1 8854087
1 7830313
1 5939413
1 1798411
1 9166488
1 1455121
1 5385249
1 2774326
1 2477464
1 6127540
1 6032933
1 9696700
1 3044188
1 4929288
1 6162382
1 9016160
1 6019355
1 1189372
1 7057952
1 145936
1 4926903
1 448343
1 5160657
1 3146876
1 7134071
1 7453526
1 9460705
1 2195455
1 7580441
1 7081175
1 3900147
1 2293994
1 1610172
1 8400282
1 1277081
1 4882882
1 7193367
1 5432932
1 8144296
1 8262835
1 6051503
1 8312561
1 6854475
1 4033973
1 9310248
1 2468745
1 2533414
1 4735258
1 9105930
1 4557815
1 3205407
1 2058754
1 3185209
1 3493767
1 1332108
1 2315623
1 2545183
1 9693605
1 7645737
1 1958566
1 4232724
1 9830455
1 2627457
1 5436163
1 2668097
1 6476987
1 974306
1 9143229
1 9301080
1 5601233
1 5566345
1 46909
1 6549785
1 196158
1 6188384
1 7256874
1 1719151
1 9362357
1 4139783
1 9409754
1 2587871
1 5994642
1 8966434
1 7946553
1 4335775
1 6564592
1 6529818
1 6596944
1 3260125
1 4515246
1 6771701
1 6866455
1 9127322
1 5692098
1 6259689
1 8642761
1 9144520
1 8663195
1 1516613
1 6002379
1 2072724
1 5313567
1 2640638
1 9725948
1 5576572
1 5261439
1 3297087
1 5812040
1 6326044
1 7356722
1 7330306
1 8448547
1 1542662
1 7831797
1 9628310
1 431259
1 2569071
1 5893499
1 7835310
1 379837
1 9498462
1 5885094
1 7234771
1 9568083
1 9667967
1 5934550
1 6913681
1 4322410
1 6371653
1 5635144
1 5429636
1 8850107
1 7657177
1 4644888
1 2614037
1 75926
1 2254304
1 1363407
1 4081399
1 8764559
1 7995253
1 5254028
1 8371646
1 3658987
1 6243460
1 290667
1 2973372
1 2163611
1 4357540
1 2478088
1 9636456
1 6038920
1 855951
1 4527238
1 7457181
1 4451393
1 4145255
1 3515430
1 240482
1 1191765
1 1196792
1 5462298
1 9002964
1 1596456
1 9380969
1 6034402
1 3018894
1 624558
1 4844233
1 9994033
1 633124
1 4094829
1 3560419
1 2153145
1 3232190
1 5130010
1 7756325
1 4358968
1 9406431
1 2867799
1 4125681
1 3380655
1 4377535
1 2616880
1 4937825
1 4089312
1 6298690
1 3513805
1 6195533
1 210612
1 3477086
1 1451822
1 4912857
1 3727186
1 5905282
1 1978372
1 3448296
1 3648736
1 1647424
1 8818223
1 9197429
1 1691792
1 2024472
1 7898323
1 6810851
1 3048195
1 2475180
1 9266362
1 408206
1 4199768
1 5447715
1 9762525
1 7165369
1 8579541
1 4372364
1 7022219
1 3860367
1 2060196
1 31458
1 1664661
1 3774146
1 2993362
1 198853
1 2855628
1 3477438
1 8169930
1 9487393
1 8750011
1 5505108
1 8584854
1 7468528
1 2194551
1 6276023
1 8220567
1 4715923
1 7208623
1 3253144
1 8090933
1 3557556
1 8583942
1 6928828
1 7091211
1 4374133
1 7704533
1 1143680
1 5150300
1 8792561
1 1575067
1 3683255
1 6078529
1 4453127
1 8236806
1 3011684
1 4739423
1 5266765
1 1660726
1 6990558
1 441008
1 637034
1 5320895
1 1844216
1 9701676
1 5024265
1 1920485
1 8373250
1 4701552
1 3716936
1 3474086
1 9038619
1 4360679
1 8297006
1 3777308
1 6707333
1 3681156
1 4680799
1 2356054
1 5318876
1 6848201
1 8027038
1 6041429
1 9073651
1 4919487
1 8026867
1 2013533
1 2915698
1 7943234
1 8423395
1 3928261
1 4432346
1 7501381
1 3080499
1 7460828
1 8092112
1 8343083
1 277962
1 5736091
1 5030447
1 9106246
1 9230089
1 2036450
1 2416673
1 9495743
1 6422993
1 4415488
1 2466457
1 5626278
1 7247755
1 261886
1 8669421
1 3042409
1 2019311
1 1141261
1 597144
1 6313226
1 4027455
1 5759336
1 134568
1 335803
1 8196880
1 3722738
1 4171801
1 4437003
1 6137218
1 8044411
1 1251852
1 51850
1 2274314
1 9006010
1 9101350
1 3887738
1 1515141
1 8879489
1 4079935
1 9304364
1 3348047
1 1956125
1 2621442
1 3259773
1 5322039
1 6118648
1 4076051
1 4328843
1 3668962
1 8385497
1 7011286
1 2441429
1 4734153
1 3714863
1 4005410
1 4757425
1 6475723
1 1181093
1 1282816
1 5205021
1 9586316
1 4557979
1 515941
1 5898155
1 8060029
1 362640
1 4688327
1 3955730
1 5483536
1 1808911
1 2191951
1 8801959
1 8524290
1 166881
1 694136
1 1570230
1 1887276
1 3449679
1 4465625
1 411567
1 5362355
1 1625414
1 34585
1 285517
1 4586529
1 2487076
1 3605268
1 8390190
1 3385881
1 6087608
1 9664295
1 9735084
1 3294578
1 7038389
1 3895935
1 8237442
1 7619344
1 1458436
1 2691533
1 6086589
1 1955158
1 3213519
1 8950042
1 4003987
1 1604910
1 2789858
1 6140085
1 1152983
1 6831678
1 594218
1 7227328
1 4368370
1 8628138
1 8834219
1 6276783
1 5636766
1 2772047
1 6404742
1 8481946
1 9558118
1 6313682
1 8171345
1 6884181
1 3951689
1 4307432
1 4618742
1 5895309
1 7621266
1 8544496
1 8632259
1 105506
1 3988161
1 4104112
1 235455
1 1210128
1 9178959
1 9084112
1 2425998
1 7897305
1 8316439
1 8245871
1 5295089
1 9679162
1 1336005
1 9747541
1 9553719
1 821107
1 2303556
1 5392177
1 5817636
1 9138643
1 3114
1 1165716
1 3412784
1 9971198
1 880770
1 6477251
1 4827787
1 9017916
1 6696208
1 7869275
1 308576
1 7272066
1 5899697
1 3402812
1 7714673
1 8855082
1 4667453
1 4425648
1 7307232
1 1550797
1 6966533
1 5529647
1 2970280
1 3198663
1 35049
1 9174237
1 5845948
1 9965682
1 2725162
1 2178012
1 3096180
1 6185378
1 1872350
1 3021098
1 2008773
1 3819473
1 2233603
1 5309943
1 3115742
1 4294717
1 7910207
1 3475772
1 1297780
1 8329164
1 1919882
1 1133100
1 3694962
1 3309189
1 5015543
1 6598150
1 5798676
1 2038737
1 3275064
1 9342708
1 5039053
1 6591656
1 7020973
1 7366743
1 5916324
1 2724930
1 2606221
1 2129523
1 7485265
1 8937005
1 3734051
1 6508
1 1720751
1 6562710
1 7992845
1 2958747
1 6286595
1 5335348
1 5936575
1 5266183
1 8592101
1 4593993
1 6215214
1 5765580
1 2941325
1 6618576
1 3582650
1 3195197
1 5708752
1 9736515
1 4249796
1 2616963
1 2972350
1 2292400
1 7277100
1 8822613
1 5105009
1 4285201
1 3773919
1 5962627
1 9464862
1 9366251
1 1808496
1 9254206
1 387549
1 444705
1 8313099
1 5856331
1 467608
1 679637
1 8300284
1 8672615
1 3023352
1 5172902
1 3375791
1 1819332
1 1369306
1 4060370
1 8731625
1 1148422
1 3217814
1 1628424
1 9988734
1 8797336
1 8270679
1 8084629
1 2258696
1 5258708
1 4831798
1 1197424
1 303845
1 1167402
1 4030022
1 6304277
1 1914523
1 9505725
1 1584852
1 9217412
1 2774107
1 3813731
1 342999
1 7209769
1 3937657
1 9043860
1 8873720
1 6217921
1 5923963
1 7076655
1 7091345
1 2484626
1 4610480
1 8765386
1 8708989
1 3358539
1 5167636
1 9239869
1 5385639
1 693887
1 1417230
1 4699118
1 6225340
1 3940019
1 6298150
1 3001383
1 3393067
1 1415394
1 404749
1 2644286
1 8049581
1 3239683
1 6261945
1 3741193
1 435270
1 1837099
1 7744428
1 3593341
1 8024072
1 5096764
1 5320365
1 2698032
1 7226531
1 1734847
1 3329911
1 6469506
1 6679492
1 1578355
1 8871877
1 6021275
1 5308602
1 4861056
1 8668478
1 4835714
1 7747204
1 4356346
1 3901572
1 4234465
1 5392409
1 6384353
1 3745299
1 1472957
1 5428984
1 2275889
1 7568572
1 5541571
1 7562023
1 3939138
1 3574894
1 8533087
1 7807874
1 4608571
1 4041387
1 6588149
1 4483300
1 1454435
1 5263385
1 4949982
1 2125505
1 2722631
1 3350410
1 7291012
1 4734814
1 7823207
1 8680495
1 2121621
1 6992270
1 2324577
1 7047228
1 6542184
1 988117
1 6676854
1 5357333
1 5967404
1 687351
1 9258721
1 8584653
1 9209327
1 9947023
1 4187960
1 1866433
1 7505521
1 8177894
1 5113473
1 8112458
1 5132753
1 3071738
1 3360088
1 8838414
1 6577563
1 6406455
1 8831989
1 4839037
1 1948564
1 8061686
1 4689168
1 9907189
1 461561
1 717571
1 950445
1 668011
1 4935845
1 8615501
1 6516500
1 4404420
1 9588473
1 1575060
1 5040933
1 5864507
1 7439148
1 16225
1 4128209
1 806331
1 6543043
1 7019214
1 6134040
1 1514762
1 4670705
1 7573790
1 1158642
1 8087764
1 4454683
1 8727043
1 8138383
1 489380
1 1201103
1 7088887
1 6351162
1 6377364
1 7895696
1 9572115
1 6106533
1 5556074
1 6653223
1 3416327
1 2254132
1 6117254
1 4176725
1 4659023
1 5968752
1 8446400
1 5022333
1 8762869
1 2187183
1 6053224
1 7821859
1 9526820
1 3567513
1 4590079
1 9340327
1 3412310
1 3003104
1 8392349
1 7698054
1 1992925
1 6505963
1 5985547
1 5748527
1 4533002
1 8659198
1 1936245
1 2850980
1 3508469
1 7819075
1 3947690
1 5411807
1 5913424
1 419725
1 1109329
1 9888050
1 9009583
1 2032511
1 4807137
1 926425
1 1495686
1 7045579
1 4428809
1 1089765
1 328121
1 6319024
1 6454608
1 1858462
1 4734185
1 5506463
1 5590177
1 2236291
1 560286
1 8869902
1 2230509
1 8068902
1 8466652
1 1393251
1 4293277
1 4898778
1 47337
1 2736030
1 5240442
1 8889194
1 3722215
1 3567892
1 2446090
1 4650978
1 9350562
1 8383655
1 8080303
1 279306
1 7922574
1 807125
1 2752573
1 6966153
1 2183258
1 2134085
1 1999561
1 3176795
1 5457804
1 1998210
1 7382762
1 5175195
1 9255665
1 7181857
1 4756249
1 4207174
1 8050301
1 8688297
1 900945
1 195117
1 1425562
1 3584161
1 4089050
1 8075190
1 2646125
1 2316241
1 548594
1 5607032
1 6405980
1 2984876
1 2372064
1 5628948
1 361154
1 5569874
1 3795586
1 6734084
1 1137372
1 5141883
1 207689
1 4114660
1 5983365
1 5727524
1 3970976
1 4873537
1 693073
1 8530140
1 4793936
1 5869874
1 8988117
1 8078802
1 4645380
1 4540522
1 5864965
1 535274
1 7356379
1 3333667
1 8925000
1 600057
1 6767323
1 2414953
1 9581381
1 9940432
1 4273050
1 2741544
1 2001817
1 9464114
1 7031679
1 4137949
1 9764589
1 5057970
1 8577106
1 5263007
1 7954810
1 2377093
1 8608201
1 9660414
1 701490
1 1422079
1 9379890
1 9287804
1 7244113
1 8948998
1 7754080
1 6139321
1 1871861
1 4921183
1 5035601
1 7188440
1 9051136
1 3659064
1 4773436
1 416848
1 7844280
1 1493486
1 9477240
1 3162049
1 7585464
1 4550209
1 1196445
1 3634646
1 7837100
1 9710705
1 7218329
1 6014966
1 2586948
1 9779865
1 4759757
1 8277469
1 7022105
1 5481388
1 2610520
1 5436245
1 8336556
1 6177654
1 2172906
1 1643542
1 9805389
1 8927098
1 372923
1 6264937
1 2782460
1 5488719
1 6788203
1 7264374
1 1017700
1 4745732
1 9805964
1 8083638
1 7238498
1 6172808
1 3483759
1 720366
1 7274563
1 1553431
1 1916468
1 3122111
1 8406574
1 101614
1 9512834
1 3047735
1 6871432
1 6555694
1 9725174
1 4506920
1 2270249
1 1816944
1 1630415
1 9087992
1 1362488
1 8971942
1 2386322
1 9017049
1 2540087
1 7853947
1 9702338
1 7290832
1 335736
1 2228331
1 5527371
1 3765271
1 5219306
1 4966897
1 9003952
1 1223564
1 8539637
1 6929856
1 8397615
1 6083042
1 4125039
1 2676705
1 8658838
1 345227
1 6910917
1 7326731
1 3920541
1 9594137
1 1958684
1 1886597
1 3514171
1 1376523
1 2960908
1 8855902
1 7373225
1 9202171
1 9664704
1 9026289
1 1167894
1 2018807
1 349732
1 6953880
1 2771082
1 5553889
1 8950474
1 7359063
1 1144970
1 1444156
1 93996
1 4411290
1 7991600
1 4794601
1 2364616
1 4024035
1 433188
1 7103801
1 5902194
1 9612664
1 9072648
1 7631070
1 5623830
1 4996185
1 1087208
1 2573858
1 7159240
1 5207923
1 7956045
1 8205811
1 8091678
1 9199156
1 3857393
1 3843164
1 3913962
1 6534018
1 1068362
1 9721912
1 7126109
1 1687129
1 2029665
1 3463568
1 641867
1 5806727
1 5414476
1 9893251
1 7901565
1 6213055
1 2125115
1 9165993
1 5304290
1 5712615
1 2722687
1 3681176
1 3199511
1 1863909
1 5030106
1 1839654
1 7661701
1 3131831
1 5511833
1 9378596
1 8941512
1 3247706
1 2649267
1 3943226
1 207014
1 3962029
1 8181395
1 4262783
1 1533895
1 4586511
1 8686554
1 5032993
1 7020348
1 4356298
1 8335937
1 3479230
1 4479606
1 6549429
1 6834880
1 4405067
1 8252415
1 7228517
1 1581581
1 9164585
1 3179983
1 4047846
1 4833826
1 5992840
1 8260383
1 7656539
1 5263448
1 5039328
1 1626880
1 7163860
1 7677595
1 9257965
1 6590011
1 895342
1 974882
1 7608495
1 2378532
1 9484889
1 392462
1 9419678
1 7711484
1 7828085
1 2633954
1 7734289
1 9799423
1 7373233
1 8760180
1 3056881
1 9710979
1 1412345
1 8351376
1 1750347
1 4830479
1 6698931
1 3674424
1 4385114
1 9465530
1 5047697
1 1109318
1 1914562
1 9365952
1 4078425
1 9384990
1 7203628
1 6712994
1 5004638
1 9775010
1 1974664
1 791273
1 6960240
1 6259859
1 3400955
1 4462042
1 5678092
1 3199841
1 4364920
1 591612
1 6884156
1 3969900
1 2520156
1 9704608
1 4627505
1 676877
1 8477979
1 2226764
1 1867686
1 366294
1 4892254
1 2089381
1 3527874
1 2208426
1 1570280
1 9379731
1 4899362
1 1688883
1 9414607
1 3166199
1 2679048
1 9572002
1 6804225
1 9919045
1 8194329
1 7345594
1 7834597
1 7840933
1 6385487
1 3683572
1 9630129
1 5817995
1 2770258
1 6963601
1 2840712
1 1750642
1 2217026
1 1294251
1 5377618
1 7406733
1 5700290
1 7440319
1 8315441
1 4000233
1 4671087
1 2377073
1 7470926
1 2483785
1 3360055
1 2689004
1 9339581
1 7606873
1 2872222
1 7888275
1 3548863
1 5291285
1 5466805
1 3838991
1 1836397
1 8908107
1 9357917
1 9092149
1 1506108
1 8196734
1 3636
1 8853501
1 4139227
1 4180809
1 8712449
1 5288092
1 8997180
1 2888948
1 5150671
1 4852826
1 2634790
1 9114852
1 9721050
1 8749214
1 3524399
1 702429
1 1116046
1 7326399
1 9961836
1 3544799
1 2398584
1 8542711
1 5981031
1 9977952
1 3548326
1 9478205
1 1043516
1 4590712
1 6313206
1 4854349
1 1395605
1 6505393
1 2002311
1 7830028
1 2922480
1 2192110
1 6919551
1 9056030
1 8527827
1 5349947
1 7243982
1 384012
1 2838741
1 2841940
1 6454171
1 8780077
1 2310151
1 8952630
1 1193325
1 3984503
1 8643756
1 5974248
1 46974
1 2656879
1 8129010
1 2261134
1 6238410
1 2945054
1 6377416
1 3772693
1 7681823
1 1599987
1 1886146
1 5137925
1 5230190
1 7888118
1 9935999
1 570200
1 2447826
1 4420505
1 7158163
1 4696485
1 3001748
1 2372860
1 8220479
1 2546262
1 3414579
1 6072398
1 1330844
1 4942070
1 8550583
1 4981568
1 6614255
1 4258300
1 3679489
1 8548563
1 8781393
1 8262618
1 8081722
1 7793100
1 3829158
1 3811392
1 4494878
1 881537
1 261553
1 436694
1 468109
1 664940
1 1923105
1 1480380
1 9015739
1 5453899
1 8271868
1 4427273
1 4122258
1 7946321
1 8661786
1 8769893
1 9607065
1 9138676
1 7649465
1 7017640
1 2655281
1 9191351
1 4564241
1 751607
1 9630718
1 2704617
1 8763031
1 2914302
1 4723728
1 2164949
1 3143626
1 7418176
1 8615088
1 7385976
1 5529401
1 235245
1 5225371
1 836602
1 1873600
1 2238033
1 9536321
1 7192901
1 5503559
1 5310637
1 4849076
1 6880560
1 5379989
1 7086344
1 8567890
1 4198052
1 3425406
1 3163333
1 9476798
1 6884948
1 7422980
1 1783256
1 8298162
1 384687
1 3785247
1 65451
1 6400797
1 3902190
1 385597
1 388209
1 57719
1 2388727
1 1738112
1 624094
1 8606852
1 6679911
1 131793
1 319703
1 9629182
1 1525712
1 3049594
1 6194286
1 4020166
1 6108972
1 9195690
1 3136928
1 5210364
1 2323490
1 69568
1 6318310
1 7658616
1 9770699
1 6516571
1 3069446
1 6003174
1 3027178
1 965574
1 6682022
1 2560994
1 6854523
1 9417466
1 1980871
1 6136026
1 5104176
1 1089498
1 3943891
1 4596594
1 8789010
1 7487366
1 5729043
1 2319286
1 2807696
1 9022524
1 5050518
1 8105455
1 1780965
1 4902303
1 1508078
1 5296082
1 506033
1 3985794
1 3614905
1 8196583
1 934490
1 289312
1 40310
1 1870572
1 7280486
1 4043214
1 3888862
1 9498403
1 7797422
1 7034508
1 6803059
1 9929844
1 4074304
1 2896513
1 4865064
1 8666853
1 2354824
1 1364758
1 5284360
1 8856740
1 3590457
1 2800114
1 2003199
1 7652711
1 15076
1 4916989
1 2887153
1 6723468
1 4077225
1 2037272
1 6011294
1 7003947
1 784943
1 2722322
1 8400679
1 9050756
1 957662
1 6761687
1 3886525
1 496422
1 5491801
1 7114951
1 6246438
1 1070478
1 1310432
1 6112273
1 9388088
1 567072
1 6084807
1 1126945
1 6328601
1 6397911
1 9895983
1 182017
1 7696591
1 8726316
1 4984892
1 774210
1 9651279
1 550805
1 4435301
1 2115131
1 9850163
1 4500719
1 8307580
1 2933609
1 8643710
1 8080725
1 8974335
1 3119367
1 9989689
1 3777098
1 3017160
1 642717
1 2921012
1 3949237
1 4078123
1 4227335
1 8200982
1 6166980
1 5061907
1 4294717
1 3916856
1 3761964
1 9639651
1 1758667
1 9408042
1 3940016
1 3185189
1 9381244
1 1308393
1 5170607
1 4863561
1 4613671
1 7286461
1 5711210
1 1700205
1 9138922
1 8019608
1 1752146
1 5475618
1 7061108
1 9624457
1 6035566
1 7011005
1 2639258
1 9825986
1 2468198
1 810891
1 5739500
1 8845469
1 5789232
1 7571694
1 1616368
1 5079105
1 1021250
1 2847596
1 6094149
1 4416975
1 3897140
1 2618641
1 9411216
1 565694
1 4797476
1 7441108
1 5295652
1 6486763
1 6496366
1 2598335
1 8772394
1 7188923
1 5890723
1 1877549
1 1466183
1 9864785
1 8285861
1 6800173
1 4994025
1 5412693
1 398356
1 6903525
1 4027769
1 6422396
1 5637172
1 9980294
1 9661757
1 3417741
1 9417394
1 1338494
1 4030351
1 8059824
1 1035834
1 7511074
1 6665960
1 2058268
1 7186197
1 6855458
1 7449031
1 3193014
1 3632808
1 967828
1 515843
1 8665066
1 8371810
1 8220463
1 2812875
1 8297055
1 759558
1 7379251
1 9711029
1 6939288
1 9791309
1 3903250
1 603054
1 5009835
1 1941412
1 5673529
1 4709732
1 1277697
1 7612048
1 4034718
1 6736093
1 6549636
1 8018121
1 3080385
1 2760331
1 7892327
1 3259800
1 6852069
1 738006
1 7545095
1 8908582
1 3678021
1 5798830
1 4146113
1 214543
1 8184150
1 6678485
1 3821259
1 7077205
1 2824567
1 4832841
1 393884
1 5840290
1 3450841
1 4459587
1 7627997
1 6374616
1 9791098
1 5256145
1 284589
1 4863652
1 6742417
1 1188650
1 9447600
1 6564091
1 6862726
1 5520369
1 29289
1 9833387
1 5293404
1 9908158
1 6861997
1 8483896
1 8303691
1 3957882
1 5000422
1 7812963
1 2391641
1 7791419
1 8921872
1 9670792
1 8011008
1 331562
1 4602684
1 2394509
1 3818309
1 4365009
1 8989637
1 5506766
1 4271859
1 2064533
1 3329176
1 7900145
1 8665086
1 6216168
1 7509126
1 5600628
1 2190945
1 2503498
1 2697767
1 6790143
1 3575473
1 7990053
1 3232989
1 3435859
1 8043875
1 9356645
1 216555
1 9162073
1 1916950
1 4408343
1 2824631
1 2927240
1 8727984
1 1093580
1 7734051
1 4223540
1 6013436
1 4136821
1 9599002
1 379979
1 2025544
1 569095
1 4776747
1 540904
1 5312933
1 3533927
1 6129051
1 3366458
1 1958910
1 2362984
1 8137347
1 1869466
1 5715945
1 5151457
1 8137791
1 1962364
1 9880242
1 1419034
1 241661
1 9518157
1 6780674
1 1308699
1 311757
1 1827832
1 7578088
1 6340687
1 4217711
1 5578193
1 9296110
1 6050328
1 3735108
1 1331917
1 3219749
1 5795881
1 7538713
1 6623951
1 1701069
1 9950995
1 9731897
1 6521917
1 223021
1 5043972
1 2564162
1 2270456
1 4309865
1 9484652
1 4315350
1 8323223
1 4655637
1 759065
1 9717976
1 2951133
1 8220069
1 4443444
1 1784930
1 6203871
1 4979757
1 4074819
1 3569014
1 3867120
1 7728441
1 7743744
1 825694
1 4991724
1 5439176
1 8411657
1 3077960
1 6846267
1 4282506
1 1861058
1 6801351
1 5263144
1 1714645
1 1407909
1 835355
1 9959017
1 296163
1 8901537
1 4761738
1 5532208
1 3749260
1 5460288
1 9773236
1 7322828
1 2319362
1 6691202
1 1803130
1 6445976
1 5014389
1 1134817
1 8062191
1 1003307
1 8359742
1 535911
1 6643821
1 5821276
1 6331840
1 6751907
1 4495868
1 2441679
1 7001936
1 7081782
1 6237316
1 8516834
1 3272972
1 901468
1 7161498
1 1604936
1 7541648
1 3021342
1 9855651
1 6386024
1 6926890
1 6588292
1 2204698
1 9953172
1 6131394
1 7288600
1 3039332
1 2960990
1 5376034
1 6338501
1 2890458
1 9784461
1 4415405
1 534286
1 6653419
1 5609488
1 5994062
1 9528672
1 6821816
1 8981223
1 9601668
1 2740553
1 3470050
1 3806584
1 153465
1 5342782
1 1361546
1 7478198
1 489759
1 1277628
1 3096553
1 1475479
1 2074183
1 3311431
1 7157217
1 2381346
1 3393482
1 3557170
1 6370784
1 9125068
1 7326019
1 1435303
1 6032529
1 8171822
1 4138330
1 5972284
1 7158213
1 7737253
1 9719157
1 431921
1 607047
1 7828968
1 9399927
1 1474332
1 2439581
1 4548975
1 2196633
1 5777527
1 7916671
1 5055856
1 1342245
1 4140646
1 7689240
1 4496167
1 9362624
1 7835997
1 1934091
1 2298684
1 6312164
1 2123732
1 8713491
1 5910558
1 5617979
1 853531
1 567006
1 2722953
1 7642967
1 5063918
1 9089758
1 805048
1 6313777
1 9361166
1 7206328
1 510843
1 9472960
1 9269409
1 262686
1 1787855
1 7937409
1 8822651
1 1861600
1 3057974
1 3762397
1 3589888
1 7748508
1 8274761
1 8535597
1 1000030
1 213475
1 7712659
1 5976657
1 7161642
1 810604
1 3036615
1 1287141
1 3150004
1 7547007
1 4155857
1 4484257
1 5527418
1 3713859
1 5368987
1 5142662
1 8140643
1 3409305
1 7371103
1 2040453
1 957802
1 4050082
1 9432560
1 8167944
1 1005091
1 7154778
1 4476764
1 2719327
1 1786815
1 7370560
1 8979911
1 869215
1 1585046
1 1826006
1 8919428
1 6056921
1 1810028
1 7814196
1 7582049
1 5644766
1 6043638
1 8190387
1 3475505
1 8906835
1 6696193
1 5757368
1 7653797
1 3498462
1 4023302
1 4354035
1 5328943
1 4028068
1 9008151
1 7895244
1 4355494
1 9194580
1 1775714
1 2218068
1 6881244
1 6487298
1 8637150
1 2348628
1 6734852
1 3697419
1 8122072
1 9792515
1 2662806
1 833616
1 101653
1 3404980
1 8314278
1 7343755
1 5544767
1 3900821
1 2136981
1 1433635
1 7836621
1 5702100
1 4404571
1 3026602
1 1762731
1 2161998
1 5679108
1 7055585
1 3939082
1 1594952
1 4561528
1 5717327
1 9478355
1 7455265
1 7578038
1 3419509
1 6548963
1 9903186
1 8953004
1 2738076
1 2433797
1 6115529
1 7082742
1 2920065
1 9182200
1 4280571
1 6028875
1 2133581
1 9972581
1 1619103
1 7254439
1 4755912
1 7656089
1 204984
1 6541659
1 6366850
1 159934
1 5434572
1 4937180
1 2678485
1 1404699
1 5002869
1 1924591
1 6560070
1 4269420
1 5693993
1 199312
1 479158
1 1917995
1 3531491
1 9338218
1 6212521
1 7847411
1 7353025
1 9510781
1 8097749
1 2270615
1 9213658
1 927174
1 3505032
1 763885
1 2038548
1 5528419
1 9785002
1 3419912
1 7001860
1 1998037
1 7621881
1 1214877
1 7652467
1 4713256
1 8131671
1 6798451
1 3387688
1 1691424
1 1629697
1 3547147
1 9647225
1 9210551
1 8755016
1 8655645
1 9266037
1 8923787
1 4864440
1 3215016
1 9944861
1 5455161
1 8022522
1 9440671
1 1450917
1 1249288
1 154155
1 1354309
1 1677358
1 5594351
1 5226084
1 1095262
1 9541516
1 7664446
1 4079839
1 2439501
1 8343522
1 6889231
1 3193863
1 9024753
1 1348932
1 9086216
1 6305569
1 631948
1 3495536
1 8709022
1 7716438
1 3458606
1 6945306
1 356427
1 9104890
1 1719709
1 6455843
1 5608162
1 1029062
1 1752714
1 873687
1 2962202
1 1446560
1 4078651
1 8474958
1 8168965
1 2713645
1 3455338
1 627334
1 8457248
1 9495981
1 127670
1 5533761
1 5372482
1 8185697
1 7938256
1 1892512
1 3832231
1 2315862
1 5705090
1 2177404
1 9631045
1 4361794
1 7025671
1 5056535
1 2798994
1 954468
1 5050108
1 1802269
1 8286539
1 6433635
1 6844966
1 3581461
1 6490421
1 5106039
1 2861467
1 8171297
1 4522994
1 6825134
1 9495627
1 7691355
1 2798438
1 8750182
1 7566400
1 9089547
1 194225
1 2733410
1 7475435
1 6482862
1 4534020
1 796941
1 1843637
1 1218201
1 1287473
1 3875208
1 5073503
1 5907520
1 2837073
1 2537228
1 538442
1 1032372
1 9152950
1 8304413
1 5490214
1 2216612
1 9006188
1 3635150
1 6315951
1 5218402
1 5082862
1 7766081
1 6844709
1 939535
1 1200933
1 6340568
1 7154887
1 3314937
1 5613570
1 9830126
1 6099595
1 785749
1 3106468
1 4948471
1 4838780
1 1616196
1 1947626
1 1466462
1 2653790
1 9040304
1 2571668
1 9902202
1 8468820
1 8801428
1 7779676
1 7439152
1 2042322
1 7644171
1 2051751
1 4831973
1 7887221
1 9025707
1 308688
1 18027
1 4031539
1 7963633
1 5977864
1 7027980
1 6753463
1 4513657
1 3405307
1 5089488
1 2739652
1 70855
1 7908797
1 3999602
1 2670061
1 2018666
1 2968982
1 6775672
1 2594586
1 970698
1 9954821
1 633593
1 1351673
1 699251
1 9225980
1 3256976
1 2971733
1 1148368
1 8938245
1 9531056
1 4213902
1 3133148
1 6222869
1 854933
1 49561
1 1845426
1 5217746
1 6607532
1 8424242
1 5713092
1 695316
1 4538431
1 161763
1 3298504
1 4279452
1 4913192
1 8688981
1 1523852
1 3481440
1 994808
1 9505607
1 4076033
1 4206080
1 253489
1 3027285
1 4704714
1 98236
1 9560254
1 2510458
1 6983564
1 8635162
1 4754665
1 6981822
1 6253896
1 9915967
1 5421921
1 7543032
1 6047126
1 252685
1 3047099
1 1795192
1 7664358
1 4944199
1 8065769
1 6180655
1 4921553
1 6822962
1 6186325
1 9614162
1 1587316
1 8045160
1 780848
1 6498629
1 1775118
1 6908598
1 1988120
1 686506
1 4296318
1 8834922
1 4602868
1 813138
1 6421621
1 8891643
1 2529181
1 2864975
1 6407275
1 7905647
1 9983412
1 6846258
1 967126
1 1559136
1 1065457
1 7471360
1 8736080
1 1546748
1 64710
1 7462771
1 4282914
1 1729
1 6221604
1 3749568
1 6258483
1 5705127
1 1033707
1 7041179
1 2060892
1 8513581
1 9125862
1 8887461
1 5995411
1 5876824
1 185295
1 9922148
1 3873236
1 8589093
1 7899497
1 553958
1 7183573
1 5780098
1 909755
1 9331699
1 3823811
1 3038991
1 6174631
1 6584445
1 4813148
1 6491873
1 1037015
1 1272966
1 7076909
1 158191
1 9429791
1 1804320
1 9513994
1 9274230
1 9789682
1 4051474
1 2683797
1 7788217
1 3146113
1 878576
1 8938774
1 3787131
1 897497
1 7128692
1 4344038
1 2382896
1 6893769
1 254925
1 6750849
1 8221930
1 3312046
1 4595014
1 6027544
1 8926717
1 6527410
1 4217971
1 2823262
1 8890723
1 1729023
1 3228423
1 8375018
1 9456559
1 1886769
1 5435674
1 3144543
1 1693281
1 5294741
1 5443046
1 4887041
1 4025685
1 4199446
1 8503067
1 2157107
1 4064884
1 9268049
1 9844565
1 6968625
1 1144442
1 656323
1 228403
1 226572
1 7551392
1 7423272
1 4366765
1 3091744
1 3562857
1 2047158
1 4534195
1 1137201
1 9993663
1 628544
1 2364738
1 3382779
1 9477108
1 4975149
1 5531325
1 1536839
1 6605186
1 349642
1 7208349
1 2290497
1 9975569
1 8762718
1 5864487
1 3432046
1 2069140
1 7288303
1 7155527
1 4580171
1 7039074
1 6613347
1 6603484
1 4626040
1 7503523
1 8543153
1 5532651
1 9834471
1 5697413
1 9819293
1 3234605
1 9967472
1 4085953
1 5381346
1 1291695
1 9692480
1 8341784
1 6849603
1 6841259
1 8184701
1 6448473
1 1944682
1 7012948
1 2572314
1 1230644
1 6768569
1 5714903
1 2517880
1 6022669
1 9285191
1 5415633
1 7504643
1 6246866
1 8633538
1 2960932
1 886783
1 4936194
1 402411
1 5117804
1 3675117
1 7928182
1 2211392
1 3450313
1 4462012
1 9284706
1 9920318
1 5211847
1 1500757
1 1741821
1 3484508
1 1278873
1 2566366
1 1885868
1 3227845
1 2579253
1 9891025
1 7722532
1 5380808
1 2208124
1 8468970
1 8644443
1 4069837
1 700033
1 5092985
1 5901475
1 1837168
1 890140
1 1959749
1 6582566
1 7387854
1 5492655
1 174471
1 5197639
1 8100234
1 4762910
1 8095860
1 409716
1 8280143
1 4607423
1 6667315
1 7590416
1 3158890
1 4079487
1 2053308
1 1085338
1 6680598
1 4031113
1 7079391
1 9977189
1 8070961
1 3516304
1 2325008
1 9881989
1 2943431
1 9197371
1 8197503
1 937930
1 850543
1 7692276
1 1277810
1 7778564
1 3408139
1 6586552
1 2858147
1 802912
1 7718431
1 5603577
1 7719879
1 6448781
1 5578939
1 361695
1 6895071
1 3892267
1 6242128
1 237868
1 694363
1 8434266
1 6969183
1 9140245
1 8618766
1 2023248
1 5011762
1 2472881
1 2423341
1 1477740
1 8443268
1 436016
1 1503953
1 8132705
1 944844
1 4236202
1 2474083
1 557409
1 9945093
1 4480364
1 7285034
1 7602577
1 6948859
1 762286
1 3140122
1 5792361
1 9079388
1 5053707
1 170669
1 4658637
1 158795
1 4613791
1 9703665
1 806029
1 6776692
1 6530505
1 2103326
1 5660768
1 3360898
1 5648092
1 4391995
1 3955709
1 442198
1 6969472
1 3198152
1 925944
1 7114285
1 4744185
1 8192305
1 2162721
1 3505786
1 66698
1 7431339
1 3257920
1 6934218
1 106827
1 7628532
1 418258
1 6273972
1 2674601
1 5550136
1 8351003
1 8878176
1 9461443
1 9293451
1 2911937
1 16921
1 9667575
1 9032625
1 6053080
1 8120023
1 3269653
1 5515289
1 2386741
1 7452919
1 9936835
1 8680748
1 7714418
1 9924571
1 9737638
1 7233722
1 3172102
1 5136215
1 2240721
1 9973068
1 5368253
1 3196071
1 6995665
1 4000900
1 2443314
1 365446
1 6217313
1 8312598
1 8427827
1 3031552
1 239382
1 2568981
1 8958704
1 5379989
1 5543384
1 8669292
1 9885133
1 9021871
1 892406
1 8962146
1 4663724
1 3863699
1 2364054
1 5342106
1 4136736
1 6326091
1 4482354
1 5110488
1 2171881
1 1900247
1 7951131
1 281842
1 2597757
1 630325
1 8476247
1 1418969
1 5351441
1 245087
1 7590949
1 5547057
1 5083755
1 2607798
1 3092172
1 2466766
1 8730650
1 850002
1 9011941
1 3406616
1 910712
1 775347
1 8430172
1 1355037
1 50159
1 4124399
1 5629
1 696839
1 4101190
1 3280462
1 2592659
1 4586283
1 1120011
1 172831
1 9292181
1 5803613
1 8914170
1 9370126
1 8627258
1 6758968
1 1508376
1 3796409
1 9105368
1 6479403
1 9418923
1 1196789
1 4374034
1 5477555
1 1457080
1 1626033
1 1295696
1 8263189
1 4509888
1 1506286
1 7127698
1 4631553
1 6966843
1 6468504
1 4654635
1 4002654
1 711937
1 5023866
1 9599286
1 657218
1 9405770
1 7913429
1 6532369
1 4274114
1 3042554
1 2125242
1 9693977
1 34549
1 7525606
1 6809952
1 2643136
1 4604900
1 5609763
1 7344034
1 231626
1 5458369
1 894100
1 5123640
1 6334620
1 850478
1 3064064
1 3472149
1 1208908
1 3653254
1 9448298
1 2637444
1 2182261
1 9148467
1 7952836
1 5079950
1 6136598
1 6436123
1 9216560
1 5128358
1 6460467
1 5718915
1 2861300
1 9371418
1 4394627
1 4563847
1 8037383
1 4316274
1 6064814
1 4951219
1 9748353
1 2714341
1 3840832
1 7621790
1 8181246
1 9227490
1 3349818
1 6917593
1 6175143
1 3004782
1 6644628
1 5478309
1 1898395
1 2859941
1 2821890
1 3526425
1 8740026
1 1900349
1 1412243
1 3121918
1 2471102
1 6606567
1 2188469
1 2990117
1 3683767
1 5819976
1 8330295
1 5900084
1 7096289
1 8336127
1 4610020
1 4071207
1 9902417
1 9903882
1 7895268
1 2906660
1 9821417
1 5496854
1 7411923
1 8850166
1 8759556
1 1526687
1 6997105
1 7405027
1 4038804
1 8970771
1 8393196
1 261904
1 2221214
1 6495616
1 252377
1 6171363
1 7924918
1 6596077
1 7041201
1 1248823
1 7479757
1 7965870
1 3983793
1 3476662
1 4067986
1 2889932
1 1510465
1 6251010
1 1692660
1 2787612
1 3218206
1 2566534
1 6777253
1 9670877
1 3674450
1 599149
1 8025096
1 3851432
1 5384100
1 187463
1 3169938
1 2106322
1 2334460
1 5245820
1 5793961
1 3961240
1 6639318
1 4539883
1 5035887
1 6506358
1 6384185
1 5156264
1 3725844
1 9314116
1 1790824
1 9473732
1 1550710
1 9510566
1 565091
1 8690761
1 2238756
1 5611304
1 1586500
1 396336
1 7835731
1 3254151
1 9516114
1 2752159
1 8911144
1 528118
1 6358004
1 5549646
1 4953171
1 5337492
1 232924
1 924427
1 9635698
1 6593568
1 4881603
1 3281221
1 1910596
1 8148110
1 2465603
1 623105
1 2299074
1 6480970
1 6644667
1 8161901
1 4614152
1 6520064
1 7244780
1 9846951
1 959034
1 644809
1 7692699
1 7479373
1 4728038
1 4116125
1 9830898
1 6110819
1 787242
1 3543902
1 1788653
1 7220619
1 4976426
1 6854254
1 8716858
1 1318030
1 5757798
1 7108827
1 3964123
1 5679477
1 2135745
1 6030046
1 3259759
1 5636055
1 9234250
1 9618506
1 878644
1 1354632
1 7580172
1 4164057
1 2167249
1 2326307
1 3298487
1 3271841
1 3694541
1 1385677
1 5673377
1 8562894
1 4587218
1 4001711
1 3306737
1 47581
1 2410023
1 1707329
1 319404
1 6158007
1 6614232
1 5118122
1 4443391
1 6637414
1 3246049
1 8563845
1 826969
1 3828717
1 3679583
1 7991536
1 8205025
1 8639888
1 7346430
1 5241250
1 2121932
1 2183940
1 4424921
1 9246737
1 9237254
1 2222336
1 7053208
1 3857151
1 9942324
1 4140144
1 234531
1 6274332
1 6879887
1 8300102
1 9272314
1 4891125
1 2258571
1 7610637
1 2373370
1 678346
1 5109920
1 4517789
1 7932770
1 7117087
1 6577783
1 1726149
1 8752395
1 5093327
1 3894965
1 8165312
1 1243736
1 3499669
1 3025197
1 3793949
1 2830640
1 626984
1 9985758
1 6854540
1 2969904
1 8507171
1 2660550
1 2313002
1 3001825
1 8077192
1 6030443
1 4134794
1 1823703
1 6248116
1 1624940
1 9678796
1 7216346
1 1055570
1 847507
1 7716057
1 9637529
1 1500455
1 7544476
1 9987517
1 4061742
1 8275309
1 2112191
1 5257177
1 8334884
1 8106719
1 7486703
1 6463569
1 2344507
1 7365402
1 4097765
1 554855
1 4824620
1 9099093
1 9114757
1 5080112
1 3732825
1 4320849
1 9040463
1 4323817
1 1843128
1 9054271
1 5727126
1 9416775
1 8600546
1 7744198
1 1612436
1 3078026
1 7819138
1 9169918
1 6444348
1 1681543
1 8435188
1 8818965
1 192493
1 7327885
1 8029060
1 3293478
1 6811142
1 5577597
1 7836957
1 333470
1 9398872
1 4279357
1 366397
1 4619784
1 6362587
1 2557546
1 2090353
1 3370312
1 831208
1 7588858
1 270385
1 5381331
1 9310641
1 201391
1 2119473
1 9955431
1 7021936
1 8606554
1 6235435
1 7608713
1 2994817
1 1180596
1 9314418
1 9204807
1 431826
1 211895
1 4399000
1 8464536
1 7456592
1 1211230
1 9034588
1 4907392
1 7172571
1 8756671
1 4354152
1 4597403
1 5448056
1 4639524
1 8348385
1 5460629
1 597416
1 3444226
1 231322
1 5660415
1 7217420
1 2965868
1 1786412
1 9807134
1 4087878
1 6824117
1 4635169
1 3821501
1 6844699
1 3046824
1 2131670
1 9766300
1 5572160
1 2674379
1 7308538
1 4484969
1 6362270
1 4924182
1 2019121
1 3047960
1 2898869
1 8566551
1 3442420
1 6376942
1 9205859
1 8736022
1 1574321
1 5020990
1 3202406
1 2108899
1 8444071
1 90863
1 5319034
1 2500612
1 1399953
1 633025
1 2819056
1 9511968
1 7753114
1 6332017
1 3588801
1 776048
1 3961339
1 1598546
1 9344923
1 44139
1 7692629
1 5314619
1 5943377
1 1678536
1 1061639
1 5982684
1 493469
1 3685715
1 6994233
1 4506774
1 3385449
1 5562810
1 6579780
1 5763522
1 4429008
1 7306598
1 8693856
1 5001336
1 679061
1 8554015
1 6369708
1 947399
1 4810051
1 8716264
1 8163329
1 3054892
1 5423367
1 9543440
1 6848955
1 7090588
1 8592420
1 6893282
1 3840062
1 7613383
1 2817983
1 1612712
1 8967796
1 1453661
1 6027171
1 3593526
1 9842584
1 9214755
1 5002064
1 5534741
1 9156594
1 1844300
1 2195107
1 7620079
1 6242906
1 8579603
1 4351154
1 8640112
1 9921668
1 9196354
1 7519102
1 7414389
1 8375262
1 6360368
1 4564061
1 8277814
1 1764616
1 3843146
1 6621533
1 3364331
1 8026000
1 7389677
1 6909327
1 2036368
1 1644143
1 2991522
1 2961909
1 9113639
1 9007604
1 4958532
1 2381541
1 9677444
1 2994170
1 7530441
1 9540774
1 7294316
1 6623842
1 2790956
1 8839722
1 8956474
1 6388787
1 8284494
1 7075542
1 2022408
1 5567724
1 4967025
1 1200886
1 9215202
1 8597260
1 4334080
1 698012
1 4612584
1 1014981
1 1834616
1 1660501
1 4861709
1 1231213
1 3069961
1 4442333
1 4022905
1 8146459
1 1194418
1 8637946
1 2413792
1 1077423
1 8773841
1 39279
1 491436
1 8581383
1 5526016
1 9047853
1 1906429
1 3718160
1 1202782
1 6120811
1 5197751
1 2523112
1 3887103
1 6020772
1 4234041
1 7131600
1 8345131
1 7325687
1 6935235
1 62901
1 3907799
1 9168304
1 2038126
1 7231931
1 1825129
1 9261005
1 9544360
1 8002232
1 3172917
1 9740377
1 3568744
1 8824250
1 2107659
1 8849218
1 8633205
1 5900828
1 6349986
1 8091040
1 4981941
1 9160583
1 5368150
1 2883097
1 9789449
1 6209853
1 2281905
1 9604486
1 5833970
1 7780875
1 7786068
1 4455853
1 3536689
1 3233373
1 3018616
1 5414488
1 1398126
1 3386853
1 9042666
1 9191687
1 1284585
1 3950644
1 9488928
1 3557611
1 6364704
1 6746136
1 4449619
1 1289940
1 9798624
1 3986022
1 2336867
1 5896429
1 6550221
1 8476175
1 4592329
1 9211830
1 5731530
1 3018944
1 1186530
1 382131
1 1470598
1 6088807
1 1930727
1 8825343
1 7677232
1 489046
1 6226886
1 8230624
1 8812153
1 8504293
1 5934847
1 6192215
1 4610393
1 2085451
1 1137166
1 8318210
1 1798324
1 8616125
1 9643310
1 3106317
1 4265933
1 2662604
1 8292055
1 7068045
1 7748247
1 3203600
1 5130996
1 3898931
1 9487993
1 9452866
1 967865
1 3078395
1 1366862
1 4235024
1 1809432
1 3069324
1 8060488
1 6886237
1 4832523
1 7734188
1 4200753
1 9149961
1 6627970
1 1768287
1 7218177
1 5253095
1 1509340
1 797678
1 994947
1 7847243
1 8128129
1 6529986
1 2995322
1 1133530
1 897835
1 3905131
1 1665593
1 3072626
1 2134391
1 9764971
1 7424154
1 3038818
1 8339556
1 3458690
1 7396178
1 9037288
1 8596536
1 620063
1 2316023
1 9932334
1 3024902
1 791198
1 7571797
1 7692812
1 4816265
1 4007503
1 6616799
1 481676
1 4010218
1 9655755
1 7512756
1 5100809
1 9701906
1 2188485
1 6125832
1 5659769
1 3089222
1 645137
1 1363368
1 6109534
1 1026902
1 8594663
1 4750206
1 6041186
1 5278632
1 7438469
1 6623035
1 8971238
1 5952618
1 2532989
1 900194
1 6939607
1 9933257
1 9933445
1 7681492
1 6303097
1 9706285
1 8041115
1 7915411
1 5743172
1 6396096
1 5654088
1 2075846
1 7554903
1 455557
1 8803743
1 7759343
1 1914477
1 9476201
1 1208765
1 5255522
1 2829650
1 7022241
1 9080800
1 9771622
1 55825
1 2382790
1 8663839
1 8079592
1 1696077
1 2748689
1 3986042
1 556229
1 8660962
1 1776585
1 5968234
1 2323937
1 8341528
1 3417200
1 6016225
1 4314617
1 5219780
1 8677523
1 3371368
1 9020895
1 6431659
1 1711843
1 4048908
1 1535960
1 1307899
1 7969256
1 4386901
1 1790811
1 8098088
1 845374
1 7729705
1 9778696
1 6934318
1 2779413
1 6821957
1 4099456
1 3012099
1 9486177
1 7812592
1 2565105
1 5510844
1 3035338
1 1034614
1 5834229
1 5779826
1 973180
1 7193202
1 1582487
1 9222433
1 5293159
1 8310415
1 7983765
1 8066595
1 1076745
1 9641229
1 2832063
1 4089479
1 2516837
1 4416028
1 5036338
1 4024082
1 8472670
1 6478697
1 7371884
1 5430276
1 9429037
1 9364526
1 6484954
1 2944717
1 7661519
1 1905432
1 5784885
1 8863623
1 8314061
1 5033121
1 9764049
1 3556211
1 5256172
1 1774891
1 6312221
1 9255882
1 4766640
1 2268933
1 3989112
1 3046644
1 2637091
1 3602085
1 1719438
1 7008587
1 4980863
1 9804564
1 7804826
1 7660380
1 2041273
1 5884702
1 6352251
1 3668930
1 6092761
1 5278006
1 6067965
1 8891330
1 7582008
1 5118046
1 4521176
1 4062031
1 566053
1 6989459
1 5721358
1 8799649
1 5726618
1 5429637
1 4166994
1 9970711
1 190834
1 3101128
1 2235677
1 6362311
1 2351266
1 482480
1 1780520
1 3462876
1 1743963
1 809137
1 345013
1 525387
1 3027112
1 4541789
1 1296725
1 7978243
1 2337201
1 6629381
1 8134677
1 8548366
1 1355698
1 4346051
1 8130384
1 5336449
1 989963
1 2379578
1 8862900
1 6990256
1 6112818
1 3618972
1 7053961
1 4389130
1 9272039
1 3290092
1 9779135
1 8776070
1 1190383
1 6007994
1 7639298
1 300474
1 7721813
1 9511213
1 4907639
1 4229450
1 8589388
1 6921943
1 3373129
1 8314472
1 2348160
1 9787473
1 7893266
1 9025388
1 3899233
1 4240404
1 7853742
1 764338
1 8427444
1 7582833
1 60310
1 6228262
1 1562267
1 3388101
1 6055569
1 6227023
1 4678288
1 5893177
1 3755604
1 8377448
1 5569082
1 7984219
1 5022111
1 5788042
1 5110814
1 1264140
1 264737
1 4047204
1 6595795
1 4690278
1 987618
1 4091779
1 277168
1 5049368
1 419814
1 9099261
1 2849562
1 875272
1 9174648
1 3383390
1 3753769
1 9480391
1 4328661
1 670337
1 9381348
1 5517577
1 3613252
1 1684809
1 6113157
1 920060
1 3209380
1 9590561
1 8163901
1 9968921
1 5491751
1 1541151
1 3786688
1 7860580
1 5699289
1 1200427
1 8610650
1 6775271
1 1832170
1 951352
1 1149687
1 5032315
1 3357410
1 6576297
1 4469286
1 8957911
1 1214656
1 8584841
1 9325388
1 373977
1 4765081
1 1123298
1 4281751
1 4002433
1 21819
1 3067578
1 8125470
1 4677295
1 520262
1 2323551
1 233320
1 7601434
1 7046824
1 7459398
1 3199419
1 917274
1 935629
1 8434198
1 2977386
1 1781272
1 2537937
1 113717
1 9279647
1 5589417
1 799805
1 897793
1 6139002
1 9215285
1 6965470
1 9936668
1 7025692
1 6889166
1 4911994
1 4610931
1 7651922
1 2638611
1 3897844
1 7974492
1 8356571
1 8234607
1 9795933
1 5385444
1 125290
1 2855653
1 5908396
1 6280237
1 2884681
1 4059697
1 8239164
1 1832508
1 3862985
1 5267816
1 2755659
1 9683316
1 4611157
1 1650670
1 2717722
1 8433428
1 8501012
1 9215412
1 2442756
1 9318608
1 5955667
1 8309160
1 6186697
1 1489364
1 2067839
1 908458
1 9591676
1 1837209
1 7821078
1 4583930
1 1281261
1 3648824
1 3299902
1 3503068
1 8014819
1 6664784
1 201057
1 2193555
1 5969333
1 5459773
1 8288713
1 6691617
1 37672
1 6453405
1 6180169
1 7992657
1 2189335
1 4001991
1 6095908
1 8382067
1 6898149
1 2423883
1 9898550
1 2859326
1 4106325
1 5126750
1 4838659
1 9175808
1 8007418
1 2999296
1 5701215
1 6639675
1 261532
1 4247686
1 4868345
1 9828436
1 7785815
1 7738824
1 9872605
1 542566
1 4750022
1 8116044
1 7607549
1 778542
1 1185127
1 1999820
1 9237804
1 4696987
1 3380919
1 6390823
1 490336
1 913718
1 777466
1 6925259
1 8863281
1 9001798
1 419021
1 8229902
1 5872514
1 8899592
1 4698046
1 8016579
1 1313691
1 4489690
1 3241065
1 6648682
1 1449606
1 3203236
1 3687904
1 2063675
1 6963513
1 8997180
1 5288669
1 9264156
1 5742956
1 3928456
1 8274421
1 9141193
1 65627
1 9950489
1 7599595
1 1937653
1 6829303
1 1436384
1 4544275
1 9632546
1 7667997
1 7689935
1 5519693
1 8675837
1 3012060
1 2737869
1 3635080
1 4185939
1 7231436
1 3972040
1 3640013
1 7945452
1 3704110
1 9232090
1 376969
1 7165613
1 1041228
1 7604098
1 7628596
1 627922
1 5038184
1 8110324
1 1490731
1 4771317
1 1651343
1 9056731
1 5028610
1 907178
1 4699021
1 1073598
1 4767613
1 6908278
1 7223104
1 2789911
1 2386538
1 2074610
1 2383221
1 160702
1 4262536
1 3017105
1 283033
1 9533953
1 5777095
1 6343008
1 9092449
1 7402855
1 2154883
1 1879550
1 2776928
1 3104542
1 3712515
1 8900809
1 6731478
1 2394387
1 2198669
1 1870968
1 7741317
1 8104794
1 8149173
1 3542417
1 8618361
1 4377551
1 648838
1 3208266
1 3973451
1 6681585
1 4282430
1 4245872
1 9051482
1 7256585
1 4699184
1 7872318
1 5305672
1 1212155
1 7557718
1 9307363
1 5523947
1 5356256
1 6970722
1 1615041
1 4666389
1 6718327
1 3629844
1 4198304
1 4726500
1 1021471
1 5871495
1 1746853
1 7903426
1 7543800
1 7758049
1 372558
1 7366919
1 6047192
1 7772778
1 975733
1 8627459
1 3020932
1 6337613
1 7986678
1 9101250
1 7305142
1 4866070
1 4264558
1 7589613
1 5406586
1 6515152
1 5668409
1 4978916
1 7143392
1 6567630
1 3850340
1 3177273
1 2874603
1 5168037
1 623970
1 4724144
1 2638194
1 2636600
1 7570515
1 665541
1 6678600
1 6527508
1 849885
1 5064707
1 9525083
1 6981891
1 6356858
1 8532562
1 841018
1 2033752
1 6527680
1 8289630
1 6698576
1 1722282
1 4322841
1 9766464
1 2429362
1 3544616
1 538905
1 6427558
1 6436448
1 3291398
1 3844844
1 1507495
1 3761909
1 6124661
1 5229731
1 8654828
1 3633565
1 2941369
1 5164250
1 2047222
1 2395332
1 6574741
1 9330332
1 5169712
1 3592681
1 360841
1 247386
1 7873548
1 3798668
1 3206441
1 5764768
1 7054176
1 4035275
1 4365885
1 8435173
1 3115696
1 2989760
1 6873189
1 1171787
1 8508600
1 7979034
1 3139621
1 452584
1 5810811
1 1333922
1 1735455
1 544841
1 2516351
1 7309708
1 854569
1 9026714
1 9452020
1 3751978
1 6003978
1 2756656
1 6417890
1 5539640
1 4806809
1 5297351
1 9007733
1 2801823
1 2171049
1 3618393
1 4196926
1 872997
1 5218548
1 1501627
1 9444131
1 2271469
1 1286256
1 7628450
1 7021855
1 7303889
1 3725008
1 8310790
1 5972835
1 1356167
1 7017897
1 8351666
1 7060000
1 3682148
1 538371
1 4098893
1 9019919
1 2535669
1 5021880
1 5384806
1 6506592
1 2001296
1 5057920
1 554304
1 2847327
1 3979683
1 6333599
1 8546788
1 348301
1 7508037
1 3291689
1 1395455
1 3003399
1 3211410
1 2677743
1 2786083
1 3224226
1 7079280
1 4155664
1 4965061
1 8356127
1 6102963
1 3509962
1 2023081
1 3919621
1 5086749
1 2581358
1 7390004
1 614003
1 9445209
1 8657870
1 7728940
1 7207034
1 7794526
1 2885679
1 1754885
1 4684343
1 8358263
1 1857839
1 8309440
1 7145380
1 4519368
1 7839440
1 5879959
1 8341910
1 1958745
1 2897623
1 272274
1 8990040
1 2435012
1 3951873
1 8628936
1 2544882
1 3440961
1 2549085
1 9480720
1 5799632
1 3650329
1 1616617
1 9571229
1 1890356
1 8735843
1 1442718
1 94174
1 2344209
1 2659848
1 4398179
1 5431167
1 5663390
1 4908926
1 8368317
1 263390
1 3600976
1 8665644
1 1762658
1 6088111
1 455723
1 3401601
1 8934757
1 3964489
1 5578304
1 6870625
1 8526548
1 9487488
1 2721142
1 9603839
1 8571537
1 4586495
1 7406870
1 8890205
1 9280338
1 6665518
1 2776916
1 7866194
1 5982716
1 2993536
1 7287815
1 1152586
1 6871118
1 7540554
1 6156607
1 2952863
1 9045661
1 7373050
1 1275836
1 7475847
1 589574
1 8069512
1 4790561
1 8645553
1 1148
1 4484563
1 1434730
1 1582617
1 7481043
1 9907843
1 1084678
1 1459231
1 6918452
1 2637620
1 9083944
1 3757836
1 5826827
1 3337886
1 542572
1 2076983
1 1032820
1 9772112
1 2104363
1 9855296
1 5459252
1 3904133
1 6936281
1 7251327
1 4213451
1 336741
1 7587359
1 7761276
1 7598943
1 495906
1 4270230
1 8061201
1 541587
1 8780834
1 1004819
1 4890822
1 8249961
1 193547
1 5079028
1 3740129
1 1660319
1 1464217
1 3565325
1 5527820
1 6313799
1 2429738
1 2797735
1 7084753
1 2502879
1 8853445
1 7952308
1 3934893
1 5508335
1 2778653
1 1681465
1 9690245
1 6262489
1 3386137
1 8190828
1 7346802
1 7642221
1 5374909
1 6382731
1 3164612
1 9595621
1 8285175
1 4320484
1 9403900
1 4365266
1 7923758
1 7820004
1 633396
1 9791455
1 5871586
1 8988813
1 2187864
1 1597576
1 6465584
1 6708620
1 8609910
1 9518204
1 323701
1 918110
1 6818708
1 8927937
1 964225
1 2661956
1 3920816
1 6320361
1 8986726
1 8900223
1 9912661
1 9871347
1 5412704
1 8821443
1 5207224
1 1523524
1 9968424
1 7362521
1 3785082
1 4984016
1 3501003
1 7080148
1 708974
1 9307093
1 3398193
1 7741589
1 9610342
1 4067078
1 526472
1 6655798
1 7202870
1 1245491
1 7757134
1 9122779
1 4593263
1 8756503
1 3883133
1 8219915
1 2453228
1 3829964
1 2943074
1 9014072
1 80478
1 8976168
1 6825132
1 5691550
1 2433155
1 1821781
1 3183485
1 1160211
1 4471553
1 6790924
1 4671477
1 6742348
1 434340
1 1824048
1 6936849
1 2595208
1 8449713
1 7561992
1 8601710
1 8373646
1 7455171
1 9256007
1 7017732
1 5508319
1 8701199
1 5684227
1 168358
1 2476028
1 3253063
1 4655215
1 1859111
1 7293850
1 3164549
1 1604822
1 4624996
1 3383020
1 2274993
1 2580993
1 8146906
1 8485975
1 4443057
1 4616798
1 9949267
1 1872879
1 142603
1 5143087
1 2461793
1 9973652
1 9629939
1 5391768
1 9865322
1 1367678
1 6851608
1 9352770
1 4512809
1 3240557
1 7095960
1 7286345
1 1700695
1 2948069
1 7717343
1 498124
1 5738347
1 4186639
1 3407597
1 913902
1 678495
1 8019679
1 4279927
1 714805
1 6466208
1 757542
1 7834433
1 4457536
1 6325995
1 1138764
1 6654666
1 5327443
1 6880002
1 4315972
1 6374215
1 5952404
1 289484
1 425952
1 2541921
1 3058722
1 571926
1 9618380
1 4760237
1 5941950
1 2848835
1 1750420
1 818273
1 9961841
1 8776363
1 366346
1 820494
1 8773470
1 7292829
1 8993937
1 4218580
1 7480525
1 4122833
1 2214108
1 3809949
1 410984
1 6427087
1 2543913
1 6829883
1 5464043
1 2081592
1 3459795
1 6365150
1 7736097
1 9045910
1 5524604
1 6902961
1 5494376
1 3911931
1 3584682
1 6782050
1 4482781
1 6853743
1 930967
1 8048493
1 4237588
1 4886680
1 5898164
1 6175673
1 3168564
1 5188702
1 5631366
1 684849
1 6825789
1 8330081
1 1137493
1 2294268
1 3907699
1 1719345
1 7712551
1 621813
1 9798020
1 8840511
1 6288344
1 5415566
1 1526158
1 2519175
1 4936365
1 4317418
1 1429392
1 8917360
1 9332665
1 5555448
1 4583597
1 7214716
1 5949942
1 8386211
1 613005
1 3441902
1 5439938
1 60658
1 149733
1 4329647
1 4717883
1 5875377
1 2890806
1 5628488
1 5673573
1 5526981
1 1333430
1 7180787
1 8724457
1 220893
1 9433247
1 5214484
1 7870293
1 7636229
1 3628855
1 63733
1 4697992
1 4224724
1 6152395
1 8840749
1 5916089
1 6325122
1 5078139
1 324824
1 9230901
1 7437977
1 1410214
1 6711183
1 3949583
1 8574163
1 2403405
1 859816
1 9680707
1 5911235
1 8175289
1 4459273
1 3363522
1 5164471
1 4705078
1 780379
1 7495152
1 7910205
1 562155
1 1296318
1 2295107
1 2498378
1 8350109
1 9601615
1 3428965
1 3222405
1 3872791
1 1067666
1 1863467
1 524161
1 1268356
1 4850392
1 2666536
1 8986007
1 9879678
1 5016318
1 4271296
1 5987873
1 1397577
1 5958090
1 4852482
1 5607318
1 6300935
1 2979245
1 6026555
1 6289478
1 2964768
1 8958943
1 9349222
1 7848882
1 8186062
1 8655267
1 8622696
1 5560702
1 9433331
1 646813
1 1115513
1 9436703
1 1387300
1 4234757
1 5877831
1 7459202
1 967933
1 3561008
1 4965332
1 2214546
1 373792
1 6281165
1 9288132
1 9681388
1 6170441
1 4891031
1 8202981
1 5077581
1 1554600
1 3327049
1 4681519
1 702224
1 9110694
1 3445108
1 1380600
1 9522805
1 4310747
1 2895602
1 7124071
1 970688
1 8057317
1 9021418
1 9881684
1 2600567
1 5949784
1 7655700
1 7638402
1 6905077
1 3858526
1 5982457
1 266730
1 615500
1 9906295
1 4714327
1 2320946
1 6368858
1 5482564
1 1204265
1 5389963
1 170493
1 7839662
1 9866352
1 1660301
1 6152308
1 2770629
1 179982
1 1924719
1 9839753
1 2945742
1 6993960
1 8709292
1 3838840
1 6029740
1 2767930
1 8371434
1 6987053
1 6727445
1 5611331
1 1589723
1 5626551
1 6571757
1 9514186
1 4267661
1 6044085
1 4981780
1 1358119
1 9554173
1 3076919
1 879305
1 8693255
1 1272009
1 6973324
1 7300914
1 4379378
1 161519
1 7515103
1 4672987
1 6901440
1 6726541
1 2030355
1 3102713
1 410671
1 1020041
1 6711643
1 4409297
1 8765206
1 9230938
1 6271087
1 4825265
1 8691732
1 5907189
1 2273682
1 2187888
1 3377066
1 8109061
1 5457073
1 6386885
1 463299
1 8233564
1 9779030
1 2108628
1 3925141
1 3955048
1 7721709
1 2380951
1 4815034
1 2440253
1 5218392
1 4291207
1 5134294
1 2977654
1 6157421
1 4814031
1 9147878
1 1754206
1 3347639
1 7540782
1 4369717
1 9419107
1 2658812
1 7166614
1 8411713
1 5151821
1 4594916
1 8351040
1 96855
1 1990050
1 5123270
1 7285000
1 4642561
1 9823021
1 8048857
1 8658910
1 9131030
1 5748861
1 7456404
1 2186850
1 3962480
1 2336038
1 5225004
1 160984
1 3635795
1 5020634
1 8302386
1 5524300
1 2922456
1 6005748
1 4158384
1 7687417
1 8015362
1 4207860
1 1092410
1 4300670
1 9766067
1 4438784
1 7368249
1 6112074
1 6420902
1 2672553
1 3915269
1 9161604
1 7608878
1 4528707
1 3007122
1 127543
1 9940926
1 8508741
1 7123030
1 7483451
1 6243788
1 1339070
1 9653603
1 380236
1 4958330
1 5458753
1 8802522
1 3766323
1 4678452
1 873856
1 6834569
1 141454
1 8492445
1 1894575
1 5614691
1 9326085
1 5990502
1 7533670
1 2879044
1 9181875
1 4199280
1 3490187
1 8572019
1 5049717
1 3107082
1 1311026
1 8300127
1 5505134
1 7742423
1 276171
1 2633301
1 5046873
1 5731280
1 7338505
1 6454886
1 2051547
1 2431087
1 7664304
1 5595805
1 7530064
1 1465714
1 4400310
1 7413151
1 9230915
1 9416494
1 9344250
1 4317448
1 2782441
1 3792340
1 1470875
1 6327487
1 6615251
1 8876671
1 8399660
1 762503
1 7961294
1 6170349
1 569638
1 9555521
1 7839296
1 2229004
1 7357562
1 3114952
1 9484643
1 8346234
1 1873965
1 2291069
1 1080911
1 534929
1 1818307
1 48582
1 5913513
1 4716623
1 3978232
1 1616486
1 7655264
1 1741398
1 8523894
1 1825962
1 6653188
1 3374664
1 2068511
1 3484818
1 1865643
1 2611293
1 7336926
1 2424337
1 6985732
1 665601
1 7606919
1 1994174
1 5123735
1 10926
1 5623707
1 7628471
1 8133318
1 4589921
1 5325763
1 5571244
1 3805586
1 3918886
1 5198965
1 1051086
1 4755754
1 3018685
1 4087745
1 8697643
1 1581993
1 3785107
1 1714516
1 3181407
1 4488676
1 9233221
1 9866522
1 9716957
1 5147487
1 7076789
1 5930535
1 5703270
1 6355654
1 3359616
1 8961389
1 1856084
1 420300
1 5049337
1 4712713
1 9463961
1 4543935
1 1086081
1 6310060
1 1833570
1 479676
1 1605433
1 493659
1 115605
1 6130438
1 6875789
1 6656211
1 623321
1 3104094
1 9495077
1 5112503
1 7711146
1 9852393
1 4524907
1 8876807
1 8673686
1 2259572
1 9264652
1 7633143
1 2821809
1 4785753
1 262514
1 1107185
1 4526705
1 781420
1 4763163
1 7588411
1 7271207
1 8557392
1 2927277
1 2266053
1 8720764
1 715686
1 3670351
1 2620376
1 419251
1 1316313
1 9966821
1 9051390
1 2240366
1 9370008
1 2637120
1 8637500
1 289318
1 4927263
1 545901
1 6933280
1 7642379
1 7977048
1 6453820
1 6727105
1 2004073
1 1583655
1 5704539
1 8236282
1 6389200
1 4808728
1 9904119
1 5491632
1 8338824
1 6491256
1 6669327
1 5750504
1 2514071
1 4679468
1 8942827
1 8919282
1 7314640
1 590211
1 4241023
1 2319272
1 2582924
1 9367641
1 9087146
1 8365872
1 3850594
1 4238028
1 654074
1 7139504
1 6212317
1 5315389
1 5727397
1 271591
1 293772
1 5519364
1 6586981
1 8371147
1 816632
1 7372397
1 9708235
1 5906900
1 50390
1 9376910
1 8523985
1 6392929
1 3283996
1 5564716
1 4751399
1 576040
1 4548564
1 5416775
1 787532
1 8608039
1 2786023
1 3560572
1 8467503
1 158326
1 4483585
1 981772
1 7655323
1 5429024
1 5363573
1 5877140
1 8419336
1 5744934
1 3835701
1 1763267
1 3585813
1 6996308
1 3649628
1 6710698
1 5499879
1 3309590
1 5266019
1 3963303
1 5566299
1 972599
1 3448241
1 5525283
1 7181966
1 6447316
1 8092681
1 9410684
1 8705737
1 7618308
1 2222340
1 6804350
1 9005917
1 149989
1 2113136
1 592437
1 7432109
1 4877526
1 1634909
1 5181081
1 8251688
1 6567516
1 8179557
1 5828623
1 9770451
1 2757423
1 4958099
1 5046875
1 7105779
1 222515
1 8944875
1 8543580
1 3878734
1 2277468
1 4077675
1 6552514
1 6540066
1 4694742
1 9189375
1 5349751
1 3686075
1 85767
1 9641099
1 7146271
1 6458923
1 4798455
1 6582891
1 7575816
1 8787709
1 5023809
1 6949370
1 8044870
1 3333099
1 5295732
1 5113629
1 6041141
1 7885850
1 7468570
1 3559321
1 32714
1 5432193
1 5326408
1 143004
1 4684573
1 3186290
1 6393316
1 38914
1 3959798
1 9604976
1 4519232
1 4009163
1 3210223
1 637584
1 1663969
1 8147680
1 1107483
1 2492888
1 8956206
1 6872664
1 462465
1 6257877
1 3298188
1 8069652
1 2235318
1 4006726
1 3142506
1 9476732
1 8043516
1 4443444
1 5716929
1 5384657
1 4407950
1 6045679
1 8007371
1 6602956
1 3063358
1 8749360
1 1348663
1 9274074
1 9144255
1 8976503
1 7752288
1 361262
1 1720502
1 796950
1 15389
1 4108815
1 1096840
1 6472388
1 7691347
1 6309200
1 9735308
1 7965473
1 2444535
1 978394
1 6562393
1 9396128
1 5828475
1 3836675
1 2925037
1 715910
1 6139519
1 6241043
1 4634044
1 5287029
1 963088
1 1067533
1 554881
1 4196059
1 8473649
1 2941818
1 7132657
1 9223200
1 3440680
1 72209
1 6198666
1 3867270
1 5808260
1 8077956
1 1722276
1 2702846
1 9475834
1 4279232
1 8953333
1 930812
1 5249692
1 8718407
1 6762429
1 7061316
1 7230003
1 8019186
1 6826686
1 7270963
1 7763888
1 7708784
1 9753659
1 290006
1 1093869
1 3876391
1 7276052
1 7493098
1 443694
1 5670652
1 4236813
1 1861629
1 6597982
1 5015354
1 7586326
1 6381174
1 8517386
1 8118744
1 5276810
1 6337824
1 7505833
1 4145944
1 6133861
1 4279386
1 568055
1 4502425
1 2257705
1 152334
1 4198542
1 2374283
1 2252652
1 3967678
1 1706564
1 5656477
1 6014465
1 7111992
1 150548
1 7723018
1 9127992
1 5178131
1 2380833
1 3071176
1 2516189
1 2521590
1 5521043
1 7182046
1 8869502
1 9640673
1 1988758
1 8592630
1 4006474
1 6951215
1 8247688
1 3990721
1 2368755
1 4116147
1 2414737
1 7470688
1 7103060
1 7651122
1 8710090
1 2427621
1 1540777
1 56530
1 6733972
1 1630057
1 4568786
1 3621676
1 980583
1 205369
1 3942111
1 429686
1 9836758
1 7775096
1 1469541
1 5841911
1 2334379
1 2182203
1 4641901
1 923046
1 2174533
1 636605
1 2342348
1 8648188
1 7920556
1 3746396
1 6285539
1 5547941
1 1650715
1 1684692
1 3112755
1 8665429
1 7163614
1 7125199
1 4245230
1 706584
1 9929082
1 5771895
1 6160072
1 6848316
1 3234437
1 2604053
1 6718007
1 5899387
1 3421210
1 3614372
1 1075035
1 269232
1 9359549
1 9996231
1 4010293
1 7328727
1 7336322
1 4939828
1 4455294
1 9218015
1 7437556
1 7234533
1 2027198
1 6995029
1 8710001
1 6148674
1 4717080
1 1264224
1 1186639
1 124966
1 8610375
1 3271619
1 6614675
1 6458140
1 9282742
1 6088113
1 7006059
1 227993
1 5903073
1 1466437
1 3934016
1 7115941
1 3226447
1 4746222
1 8798303
1 3923957
1 4093057
1 9468778
1 2234032
1 2634941
1 6289396
1 6353469
1 1951465
1 3045023
1 7930935
1 6756997
1 4288046
1 4299743
1 7916052
1 3889771
1 6581863
1 4060816
1 3405905
1 9063062
1 6303765
1 6918859
1 5705560
1 332793
1 7659520
1 536057
1 5338516
1 5907265
1 1243693
1 6460468
1 2457072
1 3261951
1 6609396
1 8867373
1 7197062
1 2992641
1 755883
1 8318591
1 9005705
1 3329834
1 2108379
1 5693796
1 7375375
1 2644429
1 3702927
1 7658322
1 781412
1 9113250
1 2032396
1 1397669
1 6102443
1 7872623
1 9072506
1 662871
1 731829
1 7834216
1 3594138
1 4113533
1 2499959
1 2384829
1 7245407
1 8941541
1 2819793
1 5965476
1 2910690
1 8734181
1 4890809
1 1097212
1 1662979
1 5624729
1 3887285
1 123295
1 9878279
1 7153791
1 7729365
1 5082983
1 5484951
1 1045748
1 5378549
1 778198
1 6417402
1 6144164
1 8811001
1 2802769
1 652384
1 9581192
1 8256888
1 5891155
1 2582199
1 6626694
1 4571576
1 450047
1 292778
1 2155978
1 1350987
1 1112262
1 7256849
1 8394186
1 4628463
1 6048357
1 3010697
1 9944046
1 9558637
1 6014516
1 652329
1 2669097
1 6094649
1 2272083
1 9954322
1 9330701
1 9159978
1 7754983
1 5296514
1 3706417
1 7956809
1 3462002
1 6933252
1 8124613
1 5027369
1 1579693
1 369440
1 2073740
1 767332
1 8366397
1 8363343
1 438572
1 6382023
1 9713949
1 5881254
1 9603367
1 5639834
1 3802392
1 8055905
1 8150479
1 407848
1 1066064
1 5426831
1 9222286
1 1427898
1 4686318
1 1382542
1 8416873
1 4662184
1 2360422
1 1232954
1 3474887
1 998230
1 201716
1 4425376
1 7511004
1 1015820
1 7510698
1 5331226
1 9751494
1 3685084
1 8504747
1 9740588
1 8874177
1 2616448
1 4916465
1 6434776
1 1768278
1 8098343
1 616284
1 4221215
1 797771
1 4436208
1 9470983
1 4525068
1 2720267
1 4053220
1 5557310
1 6025761
1 1340977
1 399708
1 2808973
1 7588928
1 7643389
1 7584522
1 1607790
1 500206
1 6996689
1 8199301
1 1220194
1 3101398
1 5434212
1 1537005
1 7350470
1 3398721
1 7056227
1 7879322
1 3111104
1 5380113
1 8488620
1 4264767
1 8864558
1 2999776
1 8151094
1 1998236
1 2893445
1 1218402
1 6410162
1 1825995
1 1974609
1 7118019
1 7296417
1 5788940
1 58596
1 492264
1 8685993
1 5345882
1 6492015
1 2698612
1 3129427
1 8700757
1 5999710
1 7328109
1 2302977
1 2354045
1 9710466
1 9105060
1 3134775
1 7622454
1 4624690
1 7707027
1 1324943
1 2518724
1 7188067
1 9899186
1 3185063
1 718018
1 5741303
1 4367643
1 543178
1 3856090
1 8986631
1 6659069
1 2908542
1 2626177
1 2916537
1 8477355
1 3662011
1 3075496
1 2976903
1 7674841
1 2380773
1 4994125
1 6206759
1 9808683
1 2906279
1 206352
1 8466041
1 1377413
1 2448632
1 7090923
1 7716881
1 9123856
1 8184408
1 5249789
1 9008326
1 2557609
1 7512413
1 4977119
1 8273337
1 1695240
1 3014788
1 3228750
1 5938059
1 3470873
1 8023491
1 403516
1 1943823
1 6837072
1 7085623
1 2411493
1 4438769
1 9120829
1 8744828
1 9391565
1 8361430
1 5867712
1 6434772
1 1472985
1 2794203
1 7224281
1 4484909
1 4914011
1 7534002
1 3676219
1 5869357
1 6527791
1 8091901
1 8595530
1 5322644
1 5961517
1 6587583
1 7142721
1 3785343
1 2399047
1 389737
1 1411660
1 9438537
1 4080101
1 3631297
1 789003
1 6418762
1 8661631
1 5543231
1 14507
1 2204598
1 9616448
1 4374643
1 1403829
1 1764706
1 1571106
1 2300285
1 8698485
1 8271067
1 1317709
1 8434071
1 2743040
1 9246407
1 4801884
1 8814941
1 5964534
1 2187395
1 8588353
1 2753940
1 2030248
1 7065469
1 4204813
1 9519192
1 9407527
1 2046384
1 2973798
1 7992039
1 5278845
1 5636016
1 4931850
1 579655
1 327485
1 3809363
1 6046197
1 8121596
1 8489528
1 9213272
1 4696064
1 8493071
1 6144880
1 9087460
1 3607457
1 5539353
1 294154
1 7808269
1 8337707
1 3232407
1 4453806
1 9247268
1 7073764
1 4333242
1 1787623
1 6689003
1 6649756
1 5318596
1 6985349
1 6668747
1 2392808
1 6111823
1 5198292
1 1766449
1 3047613
1 4187257
1 6892618
1 393033
1 4026867
1 2896814
1 4306980
1 4902211
1 3153556
1 7157407
1 830066
1 6488686
1 1484051
1 2551366
1 496205
1 318117
1 3731741
1 9426633
1 8046849
1 1905676
1 8435117
1 3778488
1 2888242
1 1276475
1 8231359
1 9021818
1 6586383
1 288281
1 3431002
1 1171431
1 9521661
1 3527162
1 94713
1 9120188
1 8989519
1 4791921
1 4514860
1 3052979
1 2810283
1 9335146
1 331882
1 5908163
1 7593169
1 1941610
1 6217916
1 944775
1 8088657
1 185582
1 2807972
1 5778317
1 4263718
1 8593735
1 6680399
1 927780
1 8780418
1 4679190
1 4129045
1 2980751
1 7890407
1 8961001
1 7709901
1 4450385
1 1517473
1 6200719
1 3754072
1 9398804
1 7839444
1 7024885
1 887787
1 2818030
1 934096
1 420886
1 5233040
1 5832608
1 9375061
1 1637042
1 3037824
1 6835581
1 6918636
1 9619804
1 6975555
1 7820810
1 6498272
1 3158682
1 1991340
1 928915
1 7724532
1 5124970
1 3229774
1 9258106
1 5426868
1 3864911
1 2683659
1 3324690
1 5728816
1 2976772
1 5707622
1 7265547
1 5928645
1 2132829
1 395894
1 9820585
1 1281690
1 2203688
1 2985898
1 5237227
1 6839032
1 8753873
1 344504
1 7174868
1 8208938
1 2566557
1 1227317
1 9550019
1 762676
1 3509487
1 7093318
1 1579067
1 2242930
1 6585980
1 1689887
1 9443679
1 1865414
1 5408639
1 8291819
1 1425759
1 3080444
1 9053397
1 3273091
1 917962
1 4803322
1 2303619
1 6087257
1 6058667
1 508638
1 9571346
1 2752042
1 7858371
1 4840678
1 5520893
1 9355880
1 518484
1 793192
1 590599
1 9914386
1 9945951
1 8142085
1 5919782
1 7973641
1 4504773
1 2652632
1 3177689
1 9576130
1 2125890
1 905078
1 6464878
1 4661262
1 9910815
1 5689045
1 7470898
1 7298242
1 6364543
1 6640079
1 2777097
1 262091
1 3515764
1 3794501
1 3054330
1 9643922
1 4788596
1 5509551
1 2939535
1 7125669
1 5371225
1 79431
1 777922
1 5277291
1 25846
1 2169850
1 9318544
1 3237199
1 1978789
1 5619381
1 8818763
1 5642657
1 8250664
1 7487808
1 9459371
1 3417843
1 6934088
1 9551966
1 7036369
1 594414
1 2979713
1 340658
1 3845012
1 4192064
1 4322130
1 8233024
1 4331153
1 311764
1 6686171
1 2146185
1 4153603
1 6418348
1 2391174
1 7707873
1 8023877
1 3044843
1 1817203
1 3440029
1 368456
1 7793576
1 8045187
1 6547434
1 9402545
1 87392
1 8104425
1 5092719
1 3246642
1 3623410
1 5122422
1 7265760
1 7120576
1 9384166
1 4336539
1 2817871
1 9461549
1 1512618
1 7944430
1 9069111
1 3220660
1 2696949
1 7935157
1 1264966
1 3592699
1 5779706
1 2174857
1 9756701
1 6417843
1 7042931
1 7109792
1 6219818
1 5598971
1 6897108
1 1751557
1 7623028
1 3427603
1 4403878
1 4202352
1 9091096
1 7426055
1 9841019
1 1267630
1 6531521
1 3880389
1 5332501
1 636256
1 3321841
1 978090
1 3324716
1 6013564
1 1428076
1 3131419
1 8384742
1 343253
1 2523894
1 1608493
1 6729470
1 4926474
1 6706563
1 6764556
1 1108581
1 9392708
1 8039925
1 4704778
1 5794353
1 620691
1 9151775
1 6138175
1 7703993
1 860709
1 6196714
1 2335863
1 5465539
1 8316964
1 625228
1 8937596
1 7769016
1 28523
1 8460680
1 1966684
1 8454800
1 9923784
1 1964846
1 330368
1 187074
1 2773371
1 3880541
1 8727120
1 5182715
1 9825765
1 8346576
1 5157615
1 8839041
1 518432
1 5550298
1 5734101
1 5765110
1 409549
1 107128
1 8909249
1 6527428
1 9890071
1 1362323
1 5307464
1 5105937
1 7634044
1 7763124
1 1585635
1 7469324
1 3047663
1 8195722
1 1053637
1 5204485
1 1556145
1 5027027
1 1561312
1 4432419
1 2587221
1 6228073
1 919374
1 8887369
1 1968688
1 5530654
1 7955054
1 7298291
1 6394161
1 663313
1 8948488
1 9743591
1 218301
1 8689028
1 9917739
1 1341839
1 6429695
1 1561262
1 6889968
1 8405327
1 3964982
1 2822522
1 200648
1 5944217
1 4021423
1 6515290
1 3466041
1 3528402
1 4746509
1 7462145
1 8852415
1 4863814
1 9107341
1 5413019
1 3262034
1 4654471
1 6364067
1 734512
1 3981534
1 122147
1 2163762
1 5212556
1 7095899
1 4843198
1 5425334
1 8526597
1 5423618
1 7331368
1 8425113
1 5622822
1 9686799
1 8938938
1 5583324
1 7549664
1 9669109
1 2872418
1 5775937
1 6586136
1 9318533
1 9143945
1 5732769
1 8396457
1 3104724
1 7948786
1 160200
1 7309853
1 2745157
1 6178232
1 5755961
1 9889794
1 5565846
1 6329191
1 1781050
1 7281758
1 8696779
1 6973202
1 6481655
1 4687834
1 7494652
1 9401915
1 6906111
1 2273992
1 7388795
1 4975668
1 9830169
1 2638827
1 5121452
1 430064
1 1629501
1 5439786
1 1199917
1 1300625
1 1671932
1 5338176
1 3467062
1 3156120
1 9072728
1 8372351
1 3227294
1 3611586
1 410875
1 9678199
1 6444874
1 4989437
1 2381677
1 8561740
1 5452570
1 6121740
1 182416
1 9437358
1 8899838
1 8302249
1 5200478
1 2404731
1 4029859
1 7170603
1 8046380
1 1949761
1 4232222
1 7811205
1 5071562
1 3658699
1 6244255
1 1253732
1 7676196
1 9646484
1 2489074
1 5483571
1 7990419
1 6897408
1 9286033
1 5610071
1 7963209
1 3164902
1 5315505
1 8935652
1 537252
1 2931882
1 8046087
1 9184262
1 5474082
1 6508505
1 5636782
1 5315728
1 3518983
1 7325088
1 1380481
1 814196
1 5282846
1 2360864
1 4675930
1 530410
1 8253437
1 3897013
1 2766494
1 8572382
1 2375937
1 7971527
1 5970502
1 1490338
1 1571877
1 524359
1 4337627
1 3780168
1 5339531
1 9334616
1 6148416
1 8006076
1 3003550
1 2224830
1 4194332
1 7925592
1 5796166
1 798801
1 6354301
1 9987112
1 1216940
1 8492308
1 5379837
1 4182010
1 8192228
1 1615127
1 5096339
1 140363
1 3908512
1 307525
1 2132898
1 9745011
1 3442172
1 924161
1 1750443
1 8031231
1 9408565
1 8083957
1 3823588
1 8056454
1 131090
1 1595697
1 1055552
1 7589449
1 8638839
1 8351300
1 5573995
1 262494
1 9313295
1 3469263
1 765866
1 2752453
1 4913752
1 9910374
1 8794293
1 4266139
1 3650220
1 6028069
1 1318744
1 6444703
1 6615291
1 1787362
1 2641600
1 4716873
1 2313229
1 7370085
1 6678334
1 8651869
1 5850827
1 4852278
1 5926391
1 859079
1 286584
1 8034485
1 596722
1 5396016
1 147773
1 4352457
1 6190997
1 3289019
1 9800569
1 7380278
1 2363203
1 5736134
1 8441455
1 7354318
1 739132
1 7791393
1 2379776
1 8229931
1 8944699
1 2911150
1 882098
1 2049554
1 6302662
1 2545766
1 5251968
1 2121343
1 4018937
1 7959453
1 1499602
1 5861876
1 9123626
1 6013890
1 7622528
1 201839
1 5231619
1 9038295
1 490580
1 3483876
1 1071897
1 5459562
1 4428334
1 6829643
1 2691481
1 7414093
1 2119192
1 4716399
1 6729293
1 3243954
1 422367
1 4156081
1 8257757
1 6005462
1 6576691
1 1656229
1 5242434
1 8529208
1 8911061
1 2980135
1 7099537
1 2213328
1 5953061
1 438311
1 9786858
1 3043942
1 767218
1 5552338
1 3458702
1 6005330
1 8896132
1 4531465
1 5259293
1 5394023
1 7358610
1 4113002
1 9220905
1 2130379
1 3804083
1 1276497
1 9000791
1 9228683
1 7161807
1 5917658
1 2964487
1 904305
1 965544
1 7894011
1 472418
1 7551376
1 9509016
1 1147854
1 9181584
1 8420703
1 3386751
1 4527575
1 3199533
1 3691781
1 7532985
1 3259111
1 1576863
1 6293458
1 7060385
1 6996730
1 4046380
1 3469322
1 4828424
1 926485
1 5405323
1 1515399
1 6930557
1 3204648
1 3165318
1 2013735
1 2033089
1 6931851
1 5278086
1 73252
1 2124776
1 5832471
1 2774344
1 8336707
1 4037231
1 2063740
1 386607
1 7495077
1 7345915
1 2525550
1 4670282
1 6097292
1 5634274
1 6662635
1 4914271
1 956222
1 2112101
1 7185140
1 5085374
1 4122583
1 2033310
1 153023
1 4983398
1 1623940
1 5652820
1 1720087
1 9342595
1 1726009
1 4090111
1 4303486
1 9042221
1 3901134
1 8289772
1 6123941
1 2603812
1 8888846
1 1331689
1 2843460
1 6393571
1 8086547
1 436408
1 1386251
1 4716481
1 731702
1 3435307
1 7332799
1 4652625
1 4321229
1 3228527
1 4772366
1 5350467
1 2702505
1 9264766
1 5438358
1 5256893
1 9122091
1 9721265
1 3352523
1 3635828
1 6786167
1 5058498
1 5406094
1 6417993
1 3942317
1 5948979
1 9855620
1 6014576
1 8513673
1 4708122
1 1906403
1 9633760
1 1035494
1 1743707
1 2611863
1 9859077
1 8606068
1 884106
1 9239565
1 1973737
1 4300420
1 2288870
1 2036571
1 9816968
1 2644826
1 6107455
1 8854342
1 3317549
1 9630877
1 6975014
1 6626561
1 1105764
1 2881237
1 8558864
1 7751302
1 400770
1 369192
1 5066948
1 187838
1 8988176
1 6917898
1 8556301
1 5473040
1 2575843
1 2041447
1 8164592
1 1998355
1 8876163
1 9934084
1 7331832
1 8230258
1 8992263
1 244991
1 2034852
1 1228859
1 7386281
1 6470554
1 3693245
1 6391432
1 5717318
1 4203586
1 9541239
1 2524150
1 8677207
1 9324406
1 4841341
1 4526548
1 7244950
1 4788796
1 6310012
1 8306507
1 4979642
1 9951382
1 240529
1 2610207
1 4032707
1 9175018
1 3710789
1 217617
1 7122579
1 2638404
1 1045860
1 8448646
1 3484970
1 5377597
1 1943955
1 4499988
1 9700027
1 9488702
1 6919804
1 7309449
1 211580
1 5045343
1 7553562
1 5285190
1 7056363
1 3441795
1 362468
1 5564423
1 3620345
1 3500857
1 4426203
1 1183437
1 4834368
1 3440238
1 7468765
1 1738651
1 6600226
1 8400649
1 6578640
1 8751258
1 4092499
1 5343353
1 2788073
1 1706814
1 4546150
1 569433
1 2939353
1 5435171
1 7750923
1 2604205
1 6620087
1 2549394
1 8836250
1 2350925
1 200703
1 7164110
1 3373463
1 1707175
1 2360172
1 7872722
1 2999389
1 620747
1 7683320
1 6948184
1 8149218
1 6395358
1 7785158
1 7460661
1 7103056
1 7618524
1 7487069
1 6775713
1 8671772
1 262085
1 4795146
1 1999008
1 2509928
1 8123756
1 8886380
1 4831266
1 3393990
1 7035888
1 7197220
1 1876437
1 8438086
1 4735276
1 2787052
1 2772145
1 710132
1 7560406
1 6485644
1 9921893
1 3609110
1 9325109
1 7092987
1 5441657
1 6354267
1 5662260
1 8005404
1 3660397
1 6263967
1 9754409
1 1598204
1 8776907
1 6939013
1 233723
1 1083168
1 3393163
1 1679893
1 2250968
1 3074918
1 1730492
1 3565347
1 602898
1 9213869
1 1905865
1 3816699
1 4239708
1 1273697
1 9909990
1 2321860
1 9853607
1 5301048
1 6450228
1 5498224
1 213748
1 1465851
1 8403069
1 6654227
1 5940267
1 6893030
1 2372119
1 1047017
1 9269092
1 4507930
1 4528899
1 5153401
1 2598018
1 9240601
1 386725
1 2523382
1 5811012
1 7533217
1 5718619
1 4001517
1 652371
1 6631122
1 7010118
1 791688
1 1076669
1 4997044
1 1104500
1 1568248
1 769109
1 6918848
1 3195723
1 4171141
1 3529661
1 9039868
1 7221251
1 8692373
1 9211596
1 7888928
1 1709144
1 1851987
1 8797279
1 7863644
1 4356070
1 125694
1 561523
1 6015159
1 5175463
1 4673092
1 730088
1 2367291
1 9516895
1 1336000
1 4985160
1 7752041
1 4572120
1 1000830
1 2761194
1 1012067
1 1017114
1 5705853
1 4570782
1 6114523
1 6700570
1 8974152
1 9258291
1 3693796
1 7118528
1 4644206
1 560701
1 2233192
1 5463303
1 249491
1 1234440
1 9328067
1 3868378
1 4904972
1 2972566
1 4391159
1 9702253
1 5146396
1 1666795
1 7176727
1 4547460
1 7286416
1 8091210
1 1946504
1 2419271
1 4664284
1 2649573
1 5148088
1 4422246
1 2648789
1 5293100
1 9743416
1 1246836
1 1600387
1 1980569
1 4416375
1 2177726
1 8532590
1 4647251
1 7766684
1 2582217
1 125096
1 7068915
1 9181076
1 7600382
1 2004967
1 3947605
1 715441
1 6551939
1 9022381
1 6283455
1 7951541
1 6162174
1 9670744
1 9745748
1 2777640
1 9912805
1 1130438
1 3139508
1 1637383
1 6729365
1 9351374
1 7403318
1 5975345
1 1070057
1 2948925
1 2119316
1 9346861
1 3143481
1 866518
1 8591618
1 4524997
1 9975749
1 3613229
1 5860273
1 325703
1 6933280
1 9424591
1 5677651
1 3570328
1 9324024
1 8549493
1 8513366
1 7549449
1 5772452
1 7171640
1 4032941
1 9811054
1 8429374
1 1768731
1 9485668
1 489585
1 1234111
1 2753508
1 183832
1 6176282
1 3246127
1 6112417
1 1758880
1 6806356
1 2366142
1 7174835
1 3421680
1 5001261
1 6602444
1 360181
1 8236312
1 5160194
1 3113737
1 3325181
1 6626076
1 1532636
1 6322998
1 1608662
1 8518071
1 7882734
1 9307854
1 9401180
1 6968482
1 9904825
1 7607988
1 4716592
1 9494130
1 1995971
1 5708223
1 1142490
1 5651575
1 8407662
1 170975
1 2279230
1 9041323
1 530537
1 7837895
1 8104137
1 9510628
1 9480037
1 2042368
1 1059166
1 4667767
1 1584006
1 7937026
1 8739210
1 2608987
1 1190657
1 4240646
1 5561847
1 6553277
1 8411537
1 6313055
1 3558641
1 9182359
1 8822128
1 4808216
1 9872494
1 3088679
1 906460
1 6869903
1 4085703
1 4788074
1 6132296
1 4620564
1 8033510
1 533357
1 5600243
1 1370781
1 314768
1 4927529
1 9604057
1 2926254
1 8013572
1 5883050
1 787146
1 3965106
1 5061613
1 1466377
1 4075396
1 7982587
1 1285096
1 3254111
1 6751627
1 9504024
1 3490274
1 55732
1 2825433
1 2306852
1 2472373
1 4173879
1 4953318
1 5479002
1 3180338
1 5310403
1 7471746
1 1194000
1 832517
1 1962275
1 6862639
1 2491461
1 1874384
1 3829813
1 5001234
1 4125510
1 7384458
1 9155042
1 3749749
1 6480925
1 416683
1 3336128
1 8864854
1 8421892
1 2654804
1 8062237
1 3216462
1 2277991
1 5211892
1 7484650
1 9349959
1 7235928
1 9588285
1 1298896
1 8783512
1 9791322
1 9997838
1 4947989
1 6301944
1 6114568
1 7669850
1 2967844
1 2683932
1 9868711
1 5266300
1 3591735
1 5206636
1 1835188
1 9382803
1 3014533
1 6863659
1 5933409
1 362174
1 5373442
1 867211
1 1989948
1 8482230
1 4077345
1 8935637
1 6165090
1 1479883
1 8903532
1 6744470
1 7397829
1 2936963
1 6227537
1 5310025
1 743056
1 1928284
1 5129028
1 4858781
1 5574534
1 3566491
1 2234365
1 4665784
1 3612104
1 3786780
1 9961723
1 194514
1 933960
1 3621315
1 6090067
1 9054039
1 2100924
1 2154758
1 5287365
1 8443831
1 1805013
1 2528666
1 9818302
1 9672550
1 5257071
1 9062809
1 7938406
1 553258
1 9825535
1 4661893
1 5613859
1 5823800
1 977879
1 1058910
1 4698351
1 8265037
1 2225955
1 1148141
1 4536054
1 9568549
1 7179315
1 5439792
1 5461147
1 3517723
1 8867777
1 9922473
1 3560846
1 686728
1 5855276
1 6616902
1 2429896
1 7767944
1 6957652
1 9807228
1 4138747
1 8483734
1 1095183
1 7797486
1 4306363
1 4319970
1 5685013
1 3690748
1 8693930
1 1003503
1 9704595
1 9953121
1 320432
1 7731202
1 2328922
1 3862354
1 170315
1 1281035
1 6193616
1 8002324
1 2629066
1 5217112
1 4477244
1 5569156
1 2662715
1 8141775
1 2944438
1 3455377
1 3293133
1 5148666
1 6373535
1 9043200
1 8332607
1 2791043
1 9878276
1 9123849
1 4015161
1 6786426
1 1497045
1 7559124
1 583343
1 3745408
1 311170
1 6014473
1 2393573
1 7137416
1 8281241
1 446803
1 3543030
1 2421424
1 5869210
1 8890932
1 4579401
1 3709494
1 2807072
1 5444674
1 573173
1 8506313
1 9687438
1 293250
1 2020762
1 4252334
1 1230368
1 7103593
1 6158406
1 8164947
1 5271915
1 3014845
1 1784397
1 8536665
1 4945296
1 5286095
1 4454115
1 3067945
1 1216269
1 6111096
1 5738329
1 6969795
1 2898751
1 819365
1 6065584
1 3614223
1 9052200
1 4180702
1 9717169
1 2344419
1 4665657
1 6188148
1 4392020
1 3643645
1 651997
1 7617172
1 6618495
1 2509030
1 6981165
1 4663931
1 7133414
1 6773619
1 6941667
1 5056347
1 7834675
1 4337017
1 8239314
1 7150414
1 8110505
1 6501417
1 213110
1 2730439
1 8795599
1 6561058
1 3455100
1 6245146
1 1087762
1 7703884
1 7721629
1 9545253
1 9730398
1 3082319
1 952785
1 7526546
1 4893836
1 2525099
1 3224205
1 2973153
1 8245077
1 3618205
1 5815675
1 2594436
1 5932463
1 3760115
1 6013533
1 2436233
1 8997325
1 407509
1 9598949
1 6222179
1 1419517
1 9596793
1 6561345
1 9955258
1 645152
1 5794474
1 9206162
1 8987116
1 2611132
1 1459104
1 4655176
1 8185730
1 9165375
1 9057966
1 7990199
1 9332207
1 8400702
1 862083
1 1710508
1 611074
1 9117393
1 2909366
1 1655928
1 8224859
1 6640418
1 9671082
1 2462130
1 9593653
1 666932
1 4772652
1 6786910
1 8687267
1 6176356
1 9841123
1 4014115
1 5053187
1 5880106
1 9804419
1 8670843
1 8817088
1 1046371
1 9947994
1 6999425
1 9014736
1 1876141
1 232436
1 4453690
1 9724523
1 6728815
1 3664943
1 9059350
1 2399010
1 3057284
1 1220449
1 3686196
1 1940266
1 2752874
1 9696917
1 6754850
1 1828493
1 908176
1 6404799
1 8805570
1 1275450
1 147701
1 8930974
1 1914065
1 7371308
1 880635
1 6414055
1 5596857
1 536622
1 4833044
1 5399262
1 3714671
1 6533072
1 9713371
1 5937012
1 1738062
1 8391290
1 6502741
1 858830
1 6626557
1 2878705
1 9866005
1 726291
1 8248110
1 8423094
1 412354
1 1254415
1 9401533
1 6882983
1 9849775
1 2875680
1 2518169
1 1653055
1 9442054
1 2728088
1 1828759
1 9661158
1 6273376
1 6501281
1 6050125
1 816917
1 6190641
1 8226035
1 8654864
1 833506
1 3413800
1 8008583
1 9296568
1 8331829
1 9844766
1 9130245
1 1801315
1 4017058
1 5766974
1 1131870
1 4065769
1 6756443
1 447177
1 2489621
1 9202703
1 3372878
1 2427848
1 7215396
1 3158586
1 7888930
1 6707868
1 5952021
1 6683526
1 5593262
1 6776237
1 4335502
1 3043796
1 7339649
1 8394364
1 7164596
1 5883249
1 9295913
1 6620037
1 9685107
1 1113091
1 2454905
1 7543742
1 8012334
1 1988120
1 3373580
1 7166316
1 3744033
1 3270127
1 8570813
1 9809475
1 2195137
1 5766233
1 7200468
1 1665178
1 9934392
1 9851476
1 7684749
1 9119174
1 50574
1 9028599
1 7134583
1 4770639
1 8750485
1 2549549
1 8339780
1 6485743
1 9052628
1 4541924
1 6413863
1 332295
1 3306142
1 6598522
1 6350598
1 8569459
1 8103901
1 7810582
1 8074947
1 7816166
1 673253
1 2962958
1 9049016
1 662283
1 7441995
1 7741518
1 3684407
1 3149319
1 7303921
1 8132393
1 224372
1 7346429
1 5240180
1 4975668
1 8853641
1 6934177
1 191798
1 3687629
1 7807982
1 8794954
1 9394072
1 8580792
1 3696710
1 2400059
1 3145703
1 4890385
1 8318270
1 5503873
1 5570301
1 1601342
1 7314698
1 9475906
1 6386108
1 610888
1 5146064
1 4359532
1 1474765
1 6189319
1 3378374
1 1311744
1 9609172
1 8093049
1 2720596
1 436322
1 6477871
1 9671
1 531526
1 4104865
1 7357363
1 1508905
1 8765143
1 9272816
1 9495934
1 7359434
1 4799073
1 8816637
1 4184290
1 6874941
1 7623258
1 720704
1 8564439
1 1893787
1 2742817
1 2812124
1 8540620
1 1606137
1 5487739
1 8667114
1 1942791
1 1402982
1 9438193
1 1076904
1 5492829
1 8587882
1 2821621
1 4157663
1 445986
1 362858
1 4660523
1 1096483
1 8051467
1 1569367
1 7585363
1 9049644
1 6526531
1 4875439
1 302439
1 6205970
1 9959593
1 1589485
1 4208963
1 4030840
1 8579061
1 8171998
1 9028280
1 5170245
1 6069946
1 2018544
1 6555334
1 6876829
1 5019976
1 5693098
1 4447977
1 9048047
1 9618874
1 7066761
1 7466671
1 4150540
1 5859760
1 6123203
1 7263915
1 8811578
1 6129441
1 4389406
1 5736579
1 2268132
1 5204692
1 8640287
1 2601501
1 2005770
1 8684442
1 1019704
1 2160266
1 1687725
1 9829721
1 678153
1 7021854
1 6403356
1 9203752
1 9745171
1 5915924
1 1472110
1 8277883
1 8843270
1 7438668
1 4736521
1 123408
1 2360998
1 8878030
1 9631484
1 3781639
1 9428822
1 5687902
1 7047968
1 9347907
1 3941624
1 8912751
1 8259267
1 7071236
1 6895846
1 1321220
1 2559583
1 2681942
1 1705105
1 9720143
1 612713
1 5245671
1 5611495
1 8945465
1 1977217
1 6096054
1 2486066
1 6659064
1 7426755
1 2902811
1 1337988
1 745613
1 4535931
1 8413471
1 9529095
1 5509446
1 1904743
1 254174
1 8730316
1 6998137
1 7359046
1 9186311
1 4491823
1 8901850
1 1303674
1 4355726
1 5114040
1 1097389
1 520755
1 762165
1 8160099
1 111915
1 3838394
1 281704
1 7974136
1 866248
1 446523
1 6147406
1 5330187
1 7863379
1 8042703
1 2078341
1 8033510
1 1821492
1 7081188
1 4218318
1 6065122
1 2481518
1 8000703
1 7042132
1 584905
1 1886112
1 8694024
1 1639855
1 8382335
1 5675860
1 5875960
1 4656395
1 40700
1 4679075
1 4956902
1 9934920
1 105776
1 4254478
1 7489814
1 4766201
1 3690231
1 3194382
1 6001400
1 5988403
1 4858527
1 1319687
1 4264363
1 1933166
1 1253497
1 4263199
1 7174931
1 2501297
1 2150091
1 6507401
1 1227119
1 1224707
1 3541794
1 5418484
1 6726523
1 25810
1 2298473
1 1832070
1 1504693
1 4311148
1 5258027
1 5773701
1 1127406
1 1108650
1 7721978
1 6584644
1 317171
1 462162
1 785525
1 6364833
1 4661534
1 4261817
1 1729579
1 4722055
1 2620329
1 9452133
1 6192129
1 5722374
1 5173795
1 2785241
1 2736266
1 8776353
1 184591
1 2069884
1 7107073
1 7383068
1 1857068
1 7448149
1 9142983
1 2139155
1 4215748
1 6616932
1 5416278
1 5251310
1 7625715
1 4247269
1 5805924
1 9881650
1 7768217
1 4246718
1 1195282
1 5537855
1 570831
1 1856140
1 1498501
1 5413554
1 8111302
1 4869855
1 1848041
1 2595062
1 2779988
1 6547540
1 1606029
1 486479
1 3765663
1 7424403
1 1565932
1 6775715
1 515338
1 3965607
1 1117974
1 3995162
1 4801954
1 3266205
1 4877887
1 3858553
1 9108672
1 745406
1 8458266
1 9619833
1 3104131
1 7409260
1 3117978
1 3082654
1 7042860
1 8341698
1 4879546
1 1347337
1 3491411
1 1690431
1 2490348
1 9931255
1 4743456
1 7211131
1 1407040
1 5244169
1 6344648
1 7463524
1 846667
1 2312535
1 1390825
1 9685288
1 5056746
1 2005489
1 8166150
1 6329452
1 3928385
1 1299017
1 1754871
1 848551
1 4704978
1 3629320
1 1387867
1 9234289
1 5711515
1 4368193
1 3422799
1 7083967
1 4752369
1 3772403
1 3115622
1 2598970
1 2325509
1 2748084
1 8379200
1 3075193
1 5116012
1 1046735
1 806237
1 8366135
1 3251232
1 4833831
1 582043
1 1010047
1 984006
1 1644037
1 1327409
1 2477654
1 7455984
1 2136933
1 7307493
1 2709996
1 5971174
1 4021024
1 101860
1 6135533
1 958691
1 2506926
1 79175
1 1689251
1 8217111
1 5026484
1 1589307
1 4618594
1 2276345
1 7648404
1 7380148
1 5068634
1 3735130
1 1738045
1 978907
1 3171022
1 8937959
1 5748463
1 4785138
1 2479735
1 6060411
1 7224079
1 5607066
1 3845327
1 437871
1 7506173
1 7565646
1 9468463
1 1201147
1 461503
1 5366923
1 5611458
1 5562349
1 9417621
1 2367845
1 3088046
1 1551898
1 7729317
1 889183
1 4286670
1 9664266
1 6879707
1 3772574
1 8469967
1 7974658
1 825131
1 1837635
1 8550243
1 156332
1 5157600
1 4299275
1 3918829
1 6377614
1 9981952
1 9716363
1 2495541
1 8388006
1 6576084
1 7028688
1 9283028
1 2584818
1 2800869
1 5180299
1 6133390
1 8456278
1 4721545
1 8141797
1 6207588
1 7186724
1 9706346
1 2207695
1 9939618
1 9863152
1 1917226
1 8510171
1 6475227
1 3648404
1 8325631
1 2044200
1 3793160
1 1691064
1 6278851
1 3268793
1 1897332
1 5997576
1 8420067
1 3899755
1 6356316
1 3007032
1 4253380
1 7509046
1 6334831
1 2713401
1 7611373
1 5644934
1 3092540
1 5198942
1 5983747
1 6888618
1 9549184
1 1909690
1 505120
1 9253074
1 5131402
1 8534039
1 6822572
1 8925360
1 3037100
1 7197963
1 4733815
1 3373082
1 4444939
1 1739759
1 2964800
1 1498652
1 2673610
1 9544977
1 1222410
1 7108206
1 3154962
1 7321616
1 430072
1 9008921
1 1331672
1 3043636
1 5197428
1 1780528
1 8907166
1 8810023
1 9935289
1 3176702
1 6274062
1 7545156
1 8030380
1 1351250
1 2722799
1 1733474
1 9642801
1 1095488
1 8102881
1 5183648
1 4722300
1 7068977
1 6867827
1 5799370
1 1461041
1 8363447
1 2808108
1 2911496
1 2751105
1 8583964
1 5917034
1 5629337
1 3879690
1 7646098
1 1013260
1 9452073
1 3147374
1 6201662
1 8892578
1 3221389
1 2729296
1 5118994
1 8260875
1 263734
1 8497989
1 2207737
1 7842663
1 2046142
1 8911541
1 8735318
1 4353707
1 1830859
1 9510108
1 6545369
1 7057798
1 9161779
1 7201
1 6006337
1 8523836
1 6046176
1 7176491
1 1975573
1 7799442
1 5814239
1 6228555
1 3926838
1 1657218
1 9727537
1 1908821
1 4079301
1 2659737
1 3079800
1 8889048
1 653104
1 4635659
1 8863698
1 9947795
1 5952603
1 9704078
1 2390433
1 3264809
1 6412833
1 79164
1 8148501
1 8101894
1 9844629
1 3556971
1 7559301
1 1942545
1 348324
1 3246216
1 9696686
1 4938547
1 1469128
1 2426347
1 7843310
1 3899865
1 8094181
1 6858962
1 9866731
1 4830740
1 3480317
1 8066914
1 1296654
1 5582786
1 1324389
1 1510101
1 4311799
1 6289229
1 7827505
1 1557136
1 9577304
1 4919475
1 4663537
1 8893899
1 4399670
1 2459082
1 4600471
1 891686
1 3529148
1 4690826
1 5177342
1 2617981
1 3800658
1 2087694
1 5056556
1 169769
1 8173681
1 27049
1 6592758
1 3377833
1 5613328
1 2446875
1 710125
1 3826247
1 7887664
1 8636861
1 5706192
1 3104106
1 1466132
1 4480786
1 2108516
1 8906948
1 902191
1 4912471
1 1166637
1 5750312
1 9685944
1 9101422
1 3337183
1 9444920
1 4860465
1 5578359
1 1907200
1 3767875
1 7944258
1 6837606
1 2535964
1 8627538
1 2950265
1 6221508
1 2737390
1 1252936
1 2940239
1 5151652
1 8551130
1 867650
1 9193573
1 7748597
1 8489727
1 645798
1 7655016
1 1716403
1 1605236
1 4680568
1 8219497
1 1553477
1 5255852
1 7241639
1 1915480
1 7419514
1 905859
1 3480343
1 3389953
1 1951424
1 5112736
1 8920219
1 9851904
1 6941252
1 3845324
1 7906539
1 639876
1 6678096
1 6714557
1 3138792
1 2578713
1 1490722
1 7752185
1 2659915
1 1468455
1 9168053
1 7346514
1 7843581
1 4315131
1 7498741
1 4866039
1 8340350
1 111338
1 187757
1 9636047
1 7138069
1 20376
1 6075489
1 2516281
1 2296748
1 1233968
1 2537812
1 2129763
1 7302021
1 7694719
1 6383973
1 5426268
1 2875327
1 4622564
1 1923061
1 397460
1 5971287
1 7730428
1 4005650
1 320808
1 3691674
1 4270882
1 1403448
1 1487746
1 4639235
1 1669799
1 7846343
1 5504747
1 3861122
1 813447
1 5929619
1 5473831
1 5146425
1 5855426
1 1208311
1 2034697
1 8355984
1 1920814
1 3580507
1 5253330
1 7449589
1 6298467
1 6090636
1 6803387
1 4034259
1 4251187
1 7538088
1 6963630
1 5635721
1 6293573
1 7210428
1 7154649
1 9140696
1 3946753
1 2981634
1 1601263
1 879731
1 6289491
1 2889275
1 7545191
1 4849294
1 2989345
1 8457477
1 2671923
1 2084205
1 281799
1 5266424
1 2599809
1 46011
1 4873696
1 2290462
1 1828667
1 954728
1 7209648
1 4715251
1 6506700
1 8499073
1 8721544
1 8503698
1 1021679
1 9029423
1 4701461
1 3866461
1 8979860
1 7883127
1 6735734
1 315721
1 1554105
1 3703669
1 20598
1 9593450
1 1598177
1 5566453
1 7072190
1 6143395
1 917958
1 1880577
1 5628300
1 427982
1 8726300
1 7478068
1 2038516
1 8423955
1 6602780
1 7822836
1 2812458
1 3397660
1 3347481
1 1478398
1 6988670
1 7218995
1 2437808
1 1911469
1 8216643
1 5772138
1 8995939
1 6366579
1 2380021
1 1462177
1 5849139
1 98077
1 355009
1 1479852
1 7273646
1 3368001
1 7796235
1 5168258
1 6183169
1 2127054
1 6553472
1 1411502
1 3363739
1 6741378
1 7390265
1 7419312
1 9061998
1 2327736
1 6620586
1 722577
1 9725680
1 7177776
1 9854350
1 587608
1 4021823
1 1040155
1 3346860
1 5532819
1 7912872
1 9527200
1 1713624
1 6958869
1 1610842
1 6473758
1 4804148
1 1581380
1 526874
1 5972899
1 3005693
1 3501216
1 7513825
1 3942267
1 8621002
1 1995868
1 9986818
1 7764614
1 2454212
1 1430256
1 9050168
1 5037599
1 9426104
1 5242797
1 2143406
1 1401520
1 6611622
1 5616143
1 7501308
1 7790337
1 6905354
1 5794811
1 8197390
1 799557
1 2126550
1 4130024
1 3076074
1 7623385
1 3540485
1 8771542
1 3845886
1 5175578
1 7067271
1 905611
1 8068114
1 2209643
1 4312812
1 8317902
1 1988826
1 4512516
1 5970251
1 1859907
1 4720845
1 8511216
1 9035183
1 2595113
1 2636475
1 2336108
1 6368430
1 188032
1 7935663
1 8518307
1 7390259
1 767072
1 386362
1 9875796
1 3664595
1 5300698
1 6014250
1 2852735
1 1871119
1 9055815
1 5312814
1 5741574
1 1400547
1 7214936
1 8015857
1 5874580
1 8260745
1 4845690
1 5842771
1 6127941
1 4019196
1 8637738
1 1175697
1 6040592
1 4002944
1 2628534
1 5366123
1 2398290
1 6647999
1 7915555
1 5646162
1 3118993
1 3707742
1 3176458
1 6715467
1 8278337
1 2513377
1 9650627
1 8024093
1 1396776
1 7608801
1 7804529
1 1649265
1 5242628
1 5026457
1 700967
1 1571882
1 4590613
1 683744
1 3090558
1 205132
1 6999569
1 6971955
1 2462231
1 9606053
1 7020488
1 1254487
1 9113364
1 4717389
1 7388648
1 2810303
1 6633337
1 5642433
1 6374270
1 3132889
1 1045750
1 647281
1 9562748
1 4204847
1 1303658
1 6617084
1 4872728
1 8766946
1 6160339
1 9572307
1 2312534
1 639713
1 6152813
1 6582155
1 6122126
1 5088635
1 5354841
1 5587740
1 5590335
1 9264069
1 7176812
1 7682878
1 4100205
1 6292226
1 7076976
1 1162851
1 8808763
1 5861972
1 9659885
1 4165210
1 7306367
1 7779027
1 7006140
1 9802252
1 2998208
1 8221469
1 1639774
1 2755648
1 2936454
1 2204379
1 9949923
1 1451246
1 4657068
1 6278977
1 3135798
1 1196017
1 8555213
1 5266254
1 7295955
1 1768245
1 452563
1 1382518
1 7169501
1 3591905
1 3009872
1 673400
1 7842925
1 366176
1 6162208
1 9073026
1 2541255
1 564785
1 9798921
1 6964182
1 7328955
1 7731607
1 8854495
1 9885190
1 7542298
1 6222643
1 4434289
1 3285379
1 136837
1 7815710
1 9354091
1 5273103
1 6824682
1 8762811
1 8659497
1 6619984
1 4314895
1 8078873
1 4387240
1 2382527
1 3823740
1 3339352
1 3435988
1 3038268
1 421676
1 4901349
1 7755091
1 7653242
1 8624626
1 3963791
1 467553
1 8627360
1 6682797
1 2140630
1 1285169
1 7884236
1 6244847
1 9031575
1 5122570
1 6336225
1 5163426
1 7254038
1 187760
1 9416441
1 8821695
1 5097651
1 895559
1 8127977
1 306199
1 8685294
1 9130871
1 5939395
1 9847808
1 6898941
1 2062443
1 6915631
1 329411
1 3952001
1 8214266
1 324567
1 9187594
1 6877095
1 5562337
1 5772688
1 8131071
1 7355026
1 4653256
1 2462444
1 458176
1 6671833
1 941321
1 8618551
1 9874661
1 6302605
1 8324459
1 3321449
1 6892660
1 8418939
1 6824576
1 7975312
1 9136783
1 9842346
1 4191304
1 9940251
1 7494674
1 6034310
1 8666400
1 5839703
1 7767878
1 9113733
1 2810460
1 9783946
1 9399549
1 947973
1 972054
1 4031266
1 9343891
1 4221789
1 7420564
1 6394750
1 6619564
1 8670995
1 4643755
1 5318994
1 5847066
1 6904951
1 4591231
1 5750123
1 1074723
1 1653371
1 9127670
1 3812942
1 4471410
1 4671479
1 51612
1 1552009
1 5015532
1 347848
1 2982223
1 9714091
1 5401053
1 9638400
1 8321355
1 2494647
1 6536624
1 3461213
1 6065111
1 8205276
1 3301082
1 8876085
1 1308713
1 5400653
1 3085976
1 403880
1 4690323
1 284508
1 3729384
1 630996
1 8798434
1 3313413
1 8176749
1 6661443
1 849772
1 4683035
1 5516344
1 5268794
1 5637467
1 1639342
1 487462
1 700766
1 8787220
1 7814702
1 5159674
1 8829511
1 1954050
1 1412423
1 8814325
1 3090854
1 4909559
1 3990904
1 888115
1 5983897
1 66995
1 1133419
1 1766792
1 5187058
1 1598945
1 6355754
1 9924618
1 9695511
1 778263
1 7793618
1 703514
1 2191765
1 6726428
1 6233905
1 6685767
1 7037653
1 9883091
1 8649620
1 3411228
1 4777571
1 5426961
1 9234081
1 7484209
1 3439792
1 5311960
1 8036244
1 2032240
1 9856948
1 3544278
1 8391679
1 446375
1 1489089
1 9659670
1 4836211
1 7271396
1 3801231
1 1357030
1 1708146
1 611518
1 3436779
1 8963372
1 7887392
1 1501162
1 3958813
1 7960644
1 3830811
1 1895986
1 599588
1 4723112
1 9391619
1 6979013
1 3649968
1 7788314
1 2212446
1 2820621
1 5897619
1 5825094
1 3824832
1 7081378
1 6259560
1 5833621
1 832202
1 3594027
1 3899970
1 5748553
1 7689734
1 4084866
1 946055
1 1627253
1 6106036
1 1227146
1 3103566
1 4678199
1 8827060
1 247286
1 8898132
1 7204751
1 9762327
1 850931
1 3483906
1 5215830
1 8069692
1 816602
1 2240961
1 3671055
1 1333825
1 9851860
1 6193062
1 9383247
1 5115123
1 9948240
1 1448404
1 3123934
1 862075
1 4126669
1 5344939
1 9739858
1 1484962
1 52586
1 8410691
1 2097195
1 5568280
1 305598
1 8348454
1 5049197
1 7702985
1 918002
1 3996763
1 1019813
1 6247843
1 1536931
1 9605358
1 9966699
1 8254283
1 3402906
1 4087433
1 9187872
1 5779397
1 6179495
1 5266003
1 5975273
1 368344
1 4865681
1 7293343
1 2271756
1 1449543
1 6009889
1 6059290
1 5054652
1 3555268
1 6071490
1 1670411
1 2728084
1 5661471
1 9735476
1 2689417
1 6442461
1 3881340
1 368916
1 7018709
1 9026503
1 3692646
1 4083877
1 4306613
1 5891084
1 7690191
1 8044880
1 1723113
1 806743
1 2464380
1 1159033
1 614072
1 3126126
1 6488655
1 5926355
1 5478658
1 9788109
1 3674787
1 6065490
1 6611094
1 7617027
1 7721916
1 6899099
1 8236541
1 2431832
1 9436493
1 6977627
1 1960103
1 5655004
1 7522769
1 2926447
1 4626331
1 8890104
1 9015985
1 894496
1 852508
1 2051169
1 4343329
1 9735035
1 7742674
1 2827104
1 8568210
1 3586394
1 8555164
1 3418701
1 3003391
1 5913357
1 7239516
1 9945781
1 1278141
1 9762806
1 921936
1 6693692
1 7059086
1 2476348
1 9821166
1 2432817
1 2843189
1 4360810
1 353108
1 9135770
1 6402755
1 7699467
1 8203809
1 1227574
1 8204415
1 8417862
1 8496469
1 4421131
1 2010325
1 6229346
1 4748671
1 3160010
1 5305657
1 8624234
1 7721262
1 9620871
1 4058729
1 6394741
1 7905894
1 2462669
1 7703645
1 4025270
1 7950250
1 9411067
1 6930613
1 837729
1 5327797
1 9136537
1 9364494
1 5219968
1 7883068
1 1813757
1 5817399
1 3042172
1 4170395
1 3464896
1 1552724
1 903119
1 8448384
1 7469256
1 9286621
1 3373582
1 8086930
1 6218519
1 8977158
1 5898234
1 1983411
1 4107296
1 2131671
1 8825460
1 6986982
1 4300590
1 2584027
1 7167912
1 7019546
1 3710855
1 2204150
1 7717800
1 5174556
1 6200951
1 2111969
1 8979903
1 2022366
1 8308015
1 8209452
1 8485565
1 7577689
1 193401
1 930798
1 3990828
1 1060735
1 5011828
1 6799259
1 9341185
1 5746991
1 3344256
1 3783067
1 4962576
1 4224216
1 6260772
1 3558477
1 2766674
1 8501040
1 7068302
1 6679701
1 2052960
1 5473017
1 461377
1 5860156
1 2992476
1 2935683
1 2845298
1 894258
1 8020060
1 4787500
1 4865424
1 3223741
1 2298283
1 8930723
1 4693881
1 2936048
1 7951472
1 5850612
1 7272050
1 7743994
1 6620475
1 3057316
1 1748178
1 6592804
1 202490
1 8237054
1 1078036
1 8630264
1 4460563
1 7735593
1 4000359
1 3179254
1 9822375
1 4798190
1 2788869
1 8926391
1 9916011
1 8084953
1 3574732
1 3269087
1 690642
1 9080540
1 7958370
1 6419597
1 3110283
1 1481522
1 8655005
1 2356704
1 6551696
1 4879292
1 509507
1 3028549
1 6862298
1 2940847
1 186920
1 655985
1 6117006
1 7986461
1 7324367
1 94020
1 2229358
1 2551062
1 4061548
1 6401392
1 7405842
1 6697824
1 7391346
1 1963782
1 9853941
1 6573583
1 1731296
1 2228611
1 3517729
1 9943275
1 3057973
1 9893071
1 6392790
1 5913672
1 6946153
1 2601654
1 50855
1 5687780
1 6013797
1 7850098
1 8340041
1 764424
1 1881276
1 1034125
1 1341029
1 384907
1 6370487
1 4713262
1 3065442
1 1148725
1 7929816
1 4489056
1 8355990
1 1207695
1 3054502
1 8131075
1 2172173
1 2964787
1 5536792
1 1014657
1 946273
1 6729491
1 898771
1 8819678
1 1137996
1 2317995
1 7002835
1 678175
1 3310249
1 8527079
1 9516358
1 5039302
1 2975850
1 3721746
1 9533404
1 5589960
1 6722739
1 3263612
1 9907238
1 7027258
1 919027
1 9380612
1 3370751
1 9686355
1 2633171
1 7596589
1 659918
1 5244986
1 7751617
1 4405514
1 5602590
1 3048685
1 9781424
1 2021129
1 2288215
1 3976532
1 1091320
1 1140591
1 9287612
1 7472957
1 8579547
1 760865
1 441041
1 351807
1 1789565
1 6641705
1 7676780
1 3527892
1 8504676
1 7387810
1 3168487
1 8345015
1 1745265
1 4580386
1 7356111
1 5750681
1 6796797
1 277398
1 7355838
1 5046448
1 9779808
1 2734447
1 1924984
1 1951160
1 9283308
1 9767281
1 7508298
1 1172809
1 3272651
1 8381063
1 8676891
1 1427977
1 2278710
1 1288495
1 7055653
1 8598088
1 4391653
1 9167213
1 5758862
1 4432087
1 8063690
1 1668341
1 4755695
1 2309179
1 8004701
1 6536077
1 8333091
1 7979548
1 3953477
1 509731
1 3082549
1 516020
1 5031269
1 1658347
1 1069695
1 9477913
1 264431
1 4234345
1 5899157
1 3990786
1 5962404
1 9588880
1 6747782
1 9841288
1 6332990
1 4786741
1 8944074
1 9787483
1 4241269
1 5685383
1 2831168
1 1048736
1 5278362
1 2009107
1 8783582
1 1226812
1 5133798
1 846888
1 1665974
1 2780702
1 3432776
1 1854795
1 9168153
1 7503517
1 2536598
1 8193555
1 3742260
1 6503699
1 7720305
1 8018527
1 9799201
1 3151779
1 1330630
1 4763933
1 5030029
1 7210261
1 605664
1 2207979
1 8947020
1 6096936
1 1271416
1 2603593
1 890537
1 4905767
1 5818616
1 2104211
1 954186
1 4621039
1 2181646
1 4965557
1 6504404
1 1887232
1 6111296
1 1047039
1 5615055
1 6641593
1 9223972
1 5853366
1 9051447
1 6505636
1 9766651
1 4800934
1 3568425
1 2593213
1 1208329
1 3084600
1 2624366
1 4904169
1 4190410
1 3364246
1 2139475
1 7510572
1 8976875
1 1323241
1 3370023
1 5594326
1 2848875
1 5281037
1 4756977
1 1304107
1 2989731
1 7805731
1 6980368
1 946017
1 3240418
1 5811716
1 5812138
1 1669776
1 6747379
1 2719230
1 5300489
1 5190629
1 9340303
1 9191415
1 4021487
1 2377308
1 6561958
1 8022477
1 2310941
1 1140671
1 899516
1 4933749
1 9792883
1 3944687
1 9893442
1 4759296
1 6785240
1 2293832
1 3339120
1 6249181
1 2061971
1 9601668
1 8462445
1 8669943
1 8640694
1 9682809
1 2206012
1 675680
1 2299866
1 2518651
1 8559879
1 8730965
1 5611461
1 7374031
1 4620001
1 8152068
1 3755970
1 8875317
1 8947637
1 8073808
1 9758941
1 2894807
1 7085497
1 533455
1 8711966
1 2711194
1 2798544
1 9566163
1 5714711
1 2879824
1 7529362
1 536335
1 6361592
1 634667
1 3539311
1 5185864
1 1246884
1 1951606
1 6426533
1 5520765
1 3349667
1 6030803
1 3411801
1 4999845
1 3940252
1 3424256
1 9082908
1 2806786
1 2195698
1 3255610
1 3329268
1 7862394
1 7088498
1 9324984
1 3273344
1 3561486
1 226279
1 4200624
1 6312897
1 7132338
1 5326813
1 4082677
1 692074
1 8093259
1 1342301
1 1643782
1 1113596
1 7042885
1 1992084
1 9983225
1 7021390
1 1438544
1 998234
1 9217151
1 8830516
1 9321404
1 3847917
1 1510276
1 1072850
1 7039345
1 2718409
1 8604089
1 310283
1 860776
1 432333
1 1971444
1 374689
1 1969285
1 5293665
1 3427591
1 6674333
1 3969786
1 665878
1 6241141
1 7151767
1 6059878
1 3694491
1 7805484
1 8022811
1 1219117
1 4814675
1 758034
1 6484845
1 7535795
1 7350912
1 4630470
1 7245893
1 8526812
1 7872464
1 3429498
1 9799237
1 1421365
1 1134978
1 2937969
1 5376714
1 9176331
1 5672843
1 3961871
1 9688312
1 3161116
1 5276746
1 1022865
1 6853302
1 1759051
1 988220
1 5667277
1 3767588
1 3806678
1 2920338
1 4829107
1 1699754
1 4082354
1 6714024
1 7760091
1 2457935
1 8155237
1 8717925
1 7109699
1 7611378
1 1694793
1 6683373
1 3936094
1 2598169
1 289669
1 7473076
1 8724311
1 5890387
1 7870831
1 8654058
1 1897354
1 9007649
1 168115
1 8561462
1 6772735
1 1455908
1 7433018
1 9863465
1 1597235
1 8458966
1 9106331
1 3138917
1 6947975
1 9659911
1 7650387
1 4815605
1 8443915
1 2253906
1 8774755
1 8744694
1 1717046
1 8747019
1 6473634
1 3853483
1 8796207
1 9085274
1 943863
1 5203619
1 9784215
1 1706769
1 7570823
1 3957713
1 2196123
1 7315013
1 1747608
1 9106885
1 2817364
1 3752172
1 7047466
1 3849368
1 5440518
1 7859672
1 6276064
1 1285169
1 1190516
1 9184975
1 1376861
1 6318370
1 6196660
1 9972432
1 9668458
1 5288558
1 8152059
1 8020186
1 8741208
1 1090305
1 704592
1 8481459
1 141761
1 7189009
1 5610102
1 5927960
1 6205598
1 4576937
1 7546438
1 713500
1 4851387
1 139914
1 1417261
1 8804650
1 4152881
1 8543904
1 9469860
1 2597061
1 2192346
1 6475500
1 8316729
1 710019
1 4299278
1 1160781
1 8494142
1 9430563
1 451235
1 5146580
1 6097508
1 9043129
1 1260634
1 123719
1 4412820
1 6695506
1 7833276
1 9838505
1 7135312
1 3174039
1 3175003
1 4118125
1 9518223
1 8373093
1 7695511
1 5661431
1 1016646
1 5982309
1 1504396
1 9495802
1 8229244
1 7694611
1 2062848
1 1722703
1 9254071
1 5710136
1 8789599
1 9796193
1 2151523
1 6189423
1 5219845
1 4753068
1 9169006
1 1922805
1 9514303
1 9939189
1 7001748
1 3486059
1 4632495
1 6956961
1 9783704
1 3584000
1 6744962
1 9901031
1 5603675
1 6537465
1 4820104
1 1335799
1 4040914
1 43034
1 9296322
1 1177125
1 705854
1 3609861
1 4237724
1 1993156
1 7768340
1 1865867
1 853010
1 4468504
1 7722988
1 2238146
1 6715822
1 4686981
1 8031601
1 6869842
1 9163767
1 699050
1 1530918
1 226056
1 7949276
1 8249098
1 4028635
1 618104
1 1812594
1 4827471
1 164383
1 4757398
1 1590665
1 1202606
1 8498668
1 9001917
1 1435022
1 3304640
1 8175293
1 6999046
1 7831314
1 8386819
1 7351944
1 6835226
1 6532051
1 2396009
1 2986273
1 9645436
1 59615
1 7308328
1 164470
1 5950014
1 3829401
1 9449508
1 9215644
1 2884504
1 4260812
1 9647505
1 2211163
1 4697565
1 2572931
1 3174760
1 8777749
1 7704865
1 1540671
1 1534554
1 9904004
1 4487468
1 1849213
1 6566538
1 8875769
1 2441285
1 4166303
1 3983377
1 1407980
1 5572329
1 7240319
1 8821404
1 7152188
1 5742467
1 4958870
1 1977726
1 9861691
1 8392914
1 3781062
1 935591
1 745349
1 850976
1 6503991
1 2179385
1 4238544
1 5962224
1 7662125
1 8367724
1 6005923
1 9267223
1 9609509
1 3140779
1 424433
1 3098126
1 3149173
1 5389172
1 782367
1 5165435
1 5528518
1 468249
1 4538489
1 2613408
1 5533882
1 1356927
1 8838371
1 6968483
1 9421134
1 2673161
1 6627698
1 202553
1 4638989
1 7707584
1 8708499
1 5708507
1 3834170
1 2271288
1 6645073
1 7983745
1 4840763
1 8799591
1 6300580
1 4934277
1 9713802
1 1858599
1 4125953
1 3499542
1 3543507
1 6915084
1 2239718
1 7225533
1 6933601
1 2931377
1 5458463
1 5324855
1 9115363
1 9127268
1 9882554
1 6216401
1 7467040
1 9441187
1 7883550
1 3724775
1 2904098
1 7683434
1 5095828
1 2520363
1 9608408
1 3722788
1 2298451
1 3348516
1 530795
1 2008001
1 8510369
1 8691879
1 349328
1 925309
1 7396001
1 6505002
1 4816341
1 9336031
1 7018198
1 4137109
1 7016422
1 1076583
1 35258
1 6238345
1 17971
1 7239637
1 7500789
1 9466359
1 7021431
1 7955461
1 745260
1 1170669
1 1370396
1 5666809
1 1855766
1 9440673
1 7660202
1 512693
1 4580154
1 6458320
1 2388183
1 3998238
1 6836891
1 9463254
1 9381776
1 9337509
1 3109868
1 9471016
1 1101797
1 8393015
1 2871201
1 5844065
1 3235367
1 2480691
1 1210958
1 7081222
1 7204766
1 3699765
1 9583971
1 1101074
1 9477024
1 9852283
1 8946692
1 1909753
1 4622083
1 891198
1 256260
1 6782172
1 9353296
1 8336867
1 1605227
1 2442920
1 680945
1 3021498
1 4955373
1 6599598
1 7386391
1 9493740
1 5108835
1 5902439
1 7273673
1 8830477
1 8147629
1 4659243
1 2404451
1 540101
1 7683849
1 7104366
1 4901224
1 9850765
1 5214107
1 1274074
1 6382020
1 2811402
1 5063453
1 8715516
1 4575080
1 1275571
1 991771
1 6178511
1 4272268
1 8922737
1 8763177
1 7426475
1 195634
1 9427976
1 2761654
1 8691002
1 1163641
1 8881795
1 4286740
1 415958
1 8201279
1 2360412
1 6261613
1 9425379
1 2407538
1 2850339
1 7199194
1 7158919
1 2329184
1 9231132
1 1918623
1 1280489
1 6336850
1 1579009
1 1357574
1 7062905
1 8028735
1 9129798
1 3308966
1 1090147
1 7959971
1 919472
1 1542516
1 4991817
1 3758811
1 5841037
1 3405475
1 7982800
1 4676414
1 4155765
1 8161983
1 8064041
1 8755598
1 3824407
1 4812124
1 7397023
1 5469892
1 7535725
1 7562680
1 5511477
1 7126688
1 6935369
1 8803853
1 5730759
1 4994856
1 1818787
1 7489322
1 3692548
1 5699628
1 6809985
1 2024737
1 7939167
1 3623070
1 5812025
1 1767422
1 3162150
1 2673069
1 2226214
1 7135195
1 1997789
1 1875524
1 6802784
1 7836213
1 4197962
1 3464695
1 4821070
1 9979993
1 1843139
1 2855490
1 3359661
1 4991623
1 4188479
1 1377445
1 9276576
1 3053200
1 5658321
1 4793538
1 3340291
1 2235679
1 7933450
1 1277378
1 6811749
1 2241436
1 5729325
1 8543301
1 4921738
1 2466656
1 3183414
1 4591226
1 3254099
1 4051549
1 5575247
1 7370854
1 8107037
1 1013860
1 5314171
1 502880
1 5525100
1 4757710
1 282999
1 5217595
1 9605798
1 4966008
1 4945498
1 5352176
1 8758049
1 4622166
1 2202961
1 5886017
1 4369792
1 9962639
1 505510
1 4693139
1 5573375
1 5726827
1 5736914
1 8554084
1 3107504
1 1784283
1 73229
1 9776509
1 2782239
1 8905261
1 735306
1 7483426
1 5069761
1 6072436
1 2268593
1 812603
1 2256254
1 9473480
1 6656866
1 1849457
1 9554085
1 1300070
1 6878614
1 5944803
1 7029788
1 5529873
1 9446104
1 883706
1 3009957
1 197266
1 4595938
1 8466751
1 6034308
1 8907666
1 2673768
1 1383712
1 6358373
1 2702408
1 2389362
1 2647282
1 404921
1 3860828
1 2085458
1 9286365
1 2161169
1 5915649
1 5473222
1 4007948
1 4876963
1 988022
1 8972512
1 8241488
1 8196455
1 3012474
1 723443
1 2656960
1 4957255
1 9622762
1 4821660
1 3902902
1 4591607
1 991621
1 3827438
1 4126079
1 333765
1 5905013
1 908263
1 8199537
1 8488851
1 5935527
1 3847169
1 1967845
1 7699839
1 919991
1 6134641
1 1238483
1 4569597
1 575972
1 3066775
1 6044948
1 9099584
1 9856365
1 4633047
1 2298482
1 3606621
1 9859151
1 5601638
1 6244890
1 7348935
1 2657679
1 7443870
1 9491656
1 3310566
1 4099961
1 1542498
1 7133004
1 9093334
1 3972526
1 4299549
1 9094863
1 3175073
1 3826846
1 2805180
1 6889228
1 3231908
1 8698779
1 368239
1 880354
1 6618691
1 8320412
1 5576020
1 176440
1 806490
1 2409302
1 8776051
1 2456119
1 1491026
1 8507920
1 7001960
1 2517558
1 9465229
1 8973023
1 333631
1 1944162
1 4260707
1 6382865
1 2696668
1 4379626
1 339856
1 7590615
1 464307
1 5059975
1 1704410
1 3459586
1 6634702
1 2195964
1 8974352
1 429977
1 8619196
1 5827445
1 2445762
1 7940466
1 6422608
1 7564540
1 4528582
1 7579533
1 139556
1 9690217
1 3813184
1 7152626
1 8509467
1 6039056
1 2802090
1 6860519
1 9436977
1 427732
1 7899618
1 409965
1 4428548
1 1502961
1 7392502
1 8016090
1 291389
1 5152181
1 9287519
1 5563188
1 1664887
1 7728030
1 7935104
1 3207230
1 3528324
1 4769481
1 1573249
1 8785790
1 6202789
1 5235866
1 3282959
1 308961
1 1216159
1 5001244
1 1807834
1 9409273
1 4715175
1 4772944
1 9084271
1 1421820
1 99976
1 1019874
1 4898248
1 3016369
1 1654947
1 4388553
1 5672241
1 9707706
1 579103
1 1516857
1 9709254
1 6390965
1 4632581
1 2088310
1 8115741
1 8237435
1 503222
1 7623547
1 8295000
1 5340173
1 1514376
1 9738884
1 3120804
1 3737844
1 1617943
1 3260802
1 8352466
1 6812879
1 7535028
1 1411793
1 8727949
1 7276085
1 5604765
1 187251
1 1815166
1 1105164
1 8787285
1 8484834
1 9996264
1 5463058
1 7222043
1 9873654
1 4384025
1 7272828
1 9705658
1 4356326
1 8382258
1 547021
1 6144155
1 6263483
1 8820941
1 1207034
1 4934326
1 8221468
1 8332904
1 797510
1 3907421
1 7341164
1 3987463
1 1867839
1 9560719
1 8324972
1 2211542
1 2187429
1 7825446
1 5727245
1 8774231
1 2121060
1 6995219
1 6436100
1 8308688
1 9174923
1 6206618
1 8173963
1 6959935
1 9162611
1 5483030
1 464609
1 392783
1 6294241
1 9733778
1 9796972
1 2763286
1 9059293
1 2570954
1 8845379
1 5045074
1 4263262
1 270090
1 6875318
1 982247
1 500384
1 8291684
1 8576613
1 5972623
1 1738197
1 8540677
1 283559
1 8228265
1 4738064
1 5495353
1 802352
1 7138938
1 8627288
1 7034055
1 1016704
1 2016081
1 484220
1 3230937
1 2762427
1 1957826
1 7681308
1 2846344
1 1360357
1 3531358
1 1699259
1 142770
1 7112970
1 6986990
1 239221
1 9148930
1 934192
1 8497079
1 2159301
1 3219476
1 1873977
1 3653524
1 3396042
1 7117036
1 7648187
1 333463
1 6116714
1 2535930
1 3057771
1 1850949
1 1907084
1 8699775
1 1498249
1 4714746
1 8959524
1 8305375
1 9983906
1 1890401
1 5855620
1 283921
1 7004165
1 6729570
1 6106606
1 8217782
1 4692204
1 8871176
1 1979187
1 9881682
1 5641689
1 1092397
1 7462751
1 6533275
1 7883026
1 4174633
1 9858427
1 4930491
1 2300835
1 1933461
1 3205404
1 7036403
1 9321914
1 6569584
1 5424170
1 6582450
1 6644751
1 621115
1 305536
1 7476404
1 5959792
1 710618
1 8665338
1 1151950
1 8840059
1 6449692
1 7590350
1 5326200
1 1725314
1 4081397
1 9640999
1 850266
1 4212152
1 2078996
1 3399322
1 6441326
1 8545777
1 582600
1 6376287
1 9057146
1 4603939
1 8601365
1 5586033
1 1932210
1 221088
1 5648443
1 4916987
1 296336
1 4418699
1 71872
1 153103
1 9442540
1 8248676
1 3965428
1 5418210
1 2164483
1 2079326
1 4226985
1 8643718
1 6937511
1 9512888
1 9575488
1 4761118
1 8356196
1 3898899
1 906809
1 2700701
1 7061584
1 8464520
1 830649
1 7291387
1 9241982
1 9366331
1 9350500
1 7850859
1 485965
1 7983329
1 7305037
1 4000806
1 8764038
1 9678904
1 6380343
1 6905768
1 6251486
1 5002897
1 5947133
1 9325246
1 2803036
1 4850021
1 2208008
1 9228353
1 1493470
1 2218478
1 5957295
1 2175008
1 5892564
1 9655548
1 9103618
1 8257808
1 2599948
1 2339374
1 4450679
1 945153
1 353754
1 9791787
1 8584590
1 2897554
1 276904
1 3293601
1 1981828
1 8249951
1 9500318
1 8297643
1 5206281
1 471767
1 2076245
1 4064020
1 7343224
1 492552
1 6258944
1 3189248
1 137614
1 693132
1 8280193
1 730185
1 8468827
1 9787333
1 3666710
1 8749969
1 9079130
1 5660777
1 8012579
1 3529868
1 2472681
1 3393667
1 8188334
1 583443
1 2516403
1 3568636
1 8332333
1 5918449
1 5485134
1 3520186
1 97994
1 1289555
1 4961417
1 6506251
1 3355207
1 3361045
1 3852391
1 4072780
1 6622217
1 9351293
1 7508741
1 6600810
1 7944968
1 8768196
1 3056535
1 3572494
1 3725239
1 2921972
1 3907558
1 185249
1 2538211
1 6680064
1 9879977
1 849698
1 9246655
1 8579703
1 4723695
1 3910583
1 8684372
1 9443661
1 1509349
1 7011722
1 9767996
1 9145829
1 5462251
1 7578405
1 944687
1 6979664
1 4164609
1 1266756
1 2407218
1 9960299
1 4924065
1 6246346
1 6314204
1 1101021
1 2038083
1 7867435
1 2049145
1 6330618
1 3886653
1 1327945
1 7987066
1 284397
1 8362673
1 8530429
1 9588451
1 5411529
1 1350101
1 1142817
1 2895193
1 4676553
1 9575710
1 5010532
1 7456387
1 4444867
1 5362243
1 8533685
1 3854290
1 2253577
1 5074319
1 590770
1 6381600
1 2470784
1 3784155
1 9436167
1 1502769
1 4606646
1 2623847
1 1384197
1 9629657
1 3753413
1 8987036
1 5062080
1 4257736
1 9578411
1 7526169
1 2584568
1 9386716
1 9702679
1 6071594
1 39548
1 6249870
1 7653075
1 8655503
1 6114821
1 2753866
1 2056758
1 772227
1 4873010
1 414411
1 5864869
1 7641276
1 8018893
1 4433994
1 676489
1 4555316
1 85174
1 193154
1 1788808
1 7851724
1 7965004
1 623315
1 1950865
1 2636836
1 5270920
1 9700629
1 9908555
1 750968
1 6590271
1 9887787
1 3753402
1 1504434
1 2441736
1 3825025
1 7312901
1 3122872
1 6566536
1 1332394
1 3058678
1 5358959
1 7064682
1 1281234
1 4651619
1 396215
1 8464604
1 8116706
1 5697940
1 8342900
1 465809
1 3943401
1 1268998
1 1671118
1 5346360
1 1561336
1 314874
1 1978680
1 9925131
1 5723282
1 4850251
1 8669115
1 5584817
1 8003650
1 3939686
1 6240265
1 4906703
1 4518335
1 739450
1 194925
1 3136854
1 714342
1 3483828
1 8283171
1 9779282
1 206022
1 377698
1 2845384
1 2169841
1 1743063
1 2364648
1 9883974
1 6100217
1 9053875
1 245761
1 4058342
1 4158584
1 183273
1 4523229
1 7069132
1 7050527
1 1980207
1 865309
1 806070
1 5547980
1 5606384
1 4537334
1 7042241
1 3338695
1 2074005
1 3421905
1 1268127
1 7100805
1 9625605
1 7122859
1 3977902
1 4496835
1 4514416
1 394757
1 7608174
1 242931
1 4663325
1 9115822
1 6663728
1 1387066
1 1808324
1 6664343
1 5508738
1 3453612
1 1324685
1 1913092
1 1076131
1 1398169
1 5857566
1 6259504
1 2942614
1 3015589
1 8583988
1 7849471
1 4307904
1 4646346
1 6372183
1 3714854
1 3094589
1 98615
1 7918031
1 8635998
1 4499119
1 9122157
1 9154483
1 4073749
1 4162940
1 5834255
1 4979146
1 7900618
1 4104822
1 7330267
1 5251017
1 1237594
1 7688611
1 5588491
1 622229
1 2980711
1 7082680
1 4571795
1 8664052
1 1181726
1 2946974
1 1535623
1 4508503
1 7233000
1 361163
1 3639765
1 7779467
1 4554713
1 7102340
1 4117440
1 5180684
1 906321
1 1312699
1 8251413
1 2666532
1 5864458
1 7172086
1 3218786
1 7996307
1 5842511
1 853575
1 1949568
1 7562048
1 7838085
1 8758614
1 4596990
1 8200249
1 458790
1 7285043
1 7100654
1 4722736
1 1027418
1 6762882
1 6196796
1 5398640
1 7836676
1 5634823
1 4844239
1 1808497
1 8597656
1 7877112
1 773212
1 4465488
1 7814715
1 2145943
1 8244179
1 856778
1 4339989
1 7626307
1 6375715
1 5828323
1 8309007
1 6023715
1 9933061
1 5163700
1 2987294
1 4368010
1 1882711
1 2598907
1 856288
1 5909712
1 7683102
1 9668710
1 6679958
1 1478668
1 6513898
1 8289070
1 8157129
1 8031370
1 3063686
1 3143362
1 1779286
1 8172178
1 3713896
1 9576418
1 847844
1 8357400
1 5904561
1 7990633
1 8971186
1 9097101
1 775115
1 723388
1 5229969
1 9322618
1 5815746
1 3878511
1 35877
1 8642070
1 3313618
1 4533883
1 1139336
1 1045252
1 9667736
1 1117752
1 1586162
1 6787068
1 6061064
1 3881163
1 3496077
1 6737644
1 2242929
1 152425
1 9684944
1 4363210
1 3790065
1 9538887
1 389657
1 3658270
1 5427808
1 6695840
1 7751446
1 3601862
1 4244628
1 604776
1 7689944
1 5433134
1 7519233
1 6591101
1 9631459
1 2695981
1 154488
1 639928
1 3782166
1 9524420
1 2521124
1 6412278
1 3749438
1 7362335
1 562756
1 3989844
1 4764349
1 293737
1 7240451
1 3500768
1 2702114
1 859629
1 9653375
1 7948230
1 1333917
1 7429576
1 7814780
1 4174001
1 2578111
1 6267098
1 6161606
1 7479492
1 8317451
1 8308700
1 5258052
1 5769455
1 6235661
1 6946807
1 3264808
1 9968271
1 4697645
1 1983714
1 9212446
1 1487259
1 7690521
1 2451832
1 88452
1 9950873
1 3257998
1 2469683
1 2619790
1 6077120
1 2962657
1 8458321
1 9931475
1 2369528
1 635396
1 8089492
1 2298442
1 2251061
1 9359313
1 4920902
1 4628254
1 2556731
1 7490928
1 1654777
1 8695867
1 2523569
1 9251978
1 8099461
1 9322847
1 4512916
1 7339311
1 3868090
1 1113315
1 3032779
1 572011
1 2813757
1 2443794
1 7217085
1 5042226
1 9933796
1 1173786
1 4701029
1 203736
1 8382057
1 4070485
1 9304080
1 839951
1 1879292
1 6196875
1 1089071
1 3037947
1 5808158
1 49858
1 6425354
1 735084
1 3365087
1 7155304
1 3232750
1 1652253
1 3783561
1 9247289
1 8334862
1 6335860
1 4395026
1 4204728
1 5841635
1 914371
1 6377498
1 2490398
1 5401971
1 9244662
1 6399762
1 2156136
1 2089916
1 2551420
1 3732942
1 294946
1 1981361
1 142220
1 3877483
1 6580899
1 6001499
1 5936989
1 5746356
1 3095984
1 5525215
1 8711430
1 3530079
1 6240694
1 449641
1 3090094
1 7764131
1 992313
1 5160023
1 4860487
1 4831928
1 9163455
1 1197740
1 9825467
1 4324695
1 4676522
1 294679
1 5863820
1 9319445
1 9683093
1 880843
1 5719924
1 8924900
1 9406344
1 1530151
1 5238797
1 8661984
1 3123636
1 612812
1 7246343
1 8741568
1 2941206
1 3984714
1 475692
1 739826
1 7189393
1 7179437
1 2379790
1 3986259
1 1719926
1 456695
1 7814417
1 1736549
1 2502093
1 4755550
1 3025822
1 9227065
1 7111905
1 3157367
1 6635821
1 4059444
1 5203529
1 8945821
1 4406781
1 2925400
1 1793744
1 1347376
1 4510
1 2217275
1 5343274
1 1525551
1 6275442
1 3391860
1 5686105
1 483837
1 9514105
1 1375187
1 6271286
1 892325
1 2252723
1 9200636
1 6757569
1 3168639
1 3267730
1 2865970
1 4226967
1 8325365
1 7752426
1 3507181
1 1977468
1 8110277
1 477257
1 9211301
1 1144771
1 8413172
1 6829557
1 1279374
1 5413107
1 1894078
1 1209439
1 7240457
1 8185509
1 6722721
1 5558129
1 9616917
1 2512871
1 9602022
1 3875463
1 7466828
1 4301199
1 714446
1 2625548
1 1549477
1 1270995
1 8518985
1 7215389
1 706147
1 3077368
1 4369433
1 4228383
1 8083407
1 7718788
1 6881212
1 7610222
1 3319482
1 2883669
1 5704508
1 5801230
1 1100329
1 8252229
1 850763
1 5282436
1 2992644
1 8311466
1 9484632
1 1672198
1 1562022
1 4316351
1 2960344
1 4036927
1 5410247
1 4563742
1 789505
1 1676001
1 5400345
1 1333525
1 5128361
1 8608429
1 1815326
1 8449107
1 684843
1 3892502
1 4018988
1 2776482
1 9144090
1 7373746
1 5090390
1 286062
1 7450237
1 52854
1 3135592
1 3661034
1 6701275
1 3729507
1 4751749
1 3172146
1 8819875
1 9960956
1 4548971
1 8074740
1 8476921
1 9147288
1 7596951
1 8919004
1 4356651
1 813276
1 7652619
1 439228
1 8483752
1 4705254
1 9699729
1 1655272
1 2772956
1 4875299
1 8730682
1 7389550
1 4447821
1 4132610
1 8771290
1 5011858
1 2473570
1 8772481
1 549163
1 117684
1 4766873
1 9079553
1 329416
1 3759574
1 9499035
1 118
1 15277
1 9490904
1 6968146
1 6210785
1 2778704
1 1892121
1 3407575
1 5096974
1 4305837
1 5989998
1 6891380
1 2788331
1 2531677
1 4881352
1 382087
1 5207795
1 3991480
1 8583721
1 8748493
1 92597
1 8561587
1 3807663
1 2941796
1 7449484
1 5486384
1 2630909
1 1868453
1 8162855
1 8932872
1 5099019
1 900297
1 5807399
1 8530895
1 5818250
1 5334929
1 8452661
1 7624309
1 5542858
1 6069633
1 5946417
1 1056831
1 579124
1 6476970
1 778243
1 3698694
1 9543911
1 8471916
1 1247521
1 5936732
1 4567935
1 6164484
1 4003075
1 5310451
1 5775652
1 7407111
1 7957666
1 418452
1 8384888
1 5995158
1 5414649
1 276984
1 4496609
1 1607026
1 1616272
1 8617491
1 9814082
1 5669606
1 9019458
1 8331274
1 2078875
1 5856920
1 7471744
1 9342830
1 6719661
1 8955701
1 8217540
1 544790
1 9321682
1 8441828
1 5266595
1 687935
1 3050670
1 3269163
1 9881728
1 7180580
1 7895795
1 9891448
1 9091012
1 9869661
1 85593
1 3865680
1 2748137
1 4620155
1 4145148
1 9197831
1 607567
1 4402399
1 1947154
1 3478462
1 1356587
1 4935219
1 4254680
1 3572294
1 4394487
1 5247042
1 1708265
1 713134
1 875022
1 7688374
1 4897943
1 3093939
1 7981591
1 6816906
1 2636697
1 4314845
1 2709256
1 2453280
1 5928747
1 9502466
1 8517463
1 8579779
1 8096891
1 5817621
1 4193862
1 7185901
1 6065800
1 929957
1 6785985
1 5626280
1 3712973
1 3824595
1 6774020
1 6477849
1 3978118
1 7868834
1 2269924
1 8143175
1 6484802
1 2097938
1 1934555
1 7408093
1 9660445
1 2828340
1 8858213
1 2711047
1 8340460
1 9970003
1 2831325
1 1656372
1 1696175
1 2230945
1 7004004
1 8455240
1 8376703
1 7407165
1 2176247
1 1509746
1 1622525
1 9832210
1 1781220
1 8073653
1 7633558
1 9772232
1 845888
1 4888195
1 1343655
1 8547234
1 1359898
1 3162255
1 4527602
1 6759221
1 9900801
1 5384160
1 7317435
1 4069563
1 6276462
1 4822462
1 2845472
1 9535132
1 1048650
1 2074202
1 5682452
1 4054942
1 48581
1 31041
1 4521296
1 3003698
1 2509584
1 3540218
1 8184486
1 8350285
1 2869802
1 552082
1 9860511
1 7082583
1 2955787
1 5477052
1 3648100
1 46928
1 6195233
1 4439169
1 5603846
1 3504864
1 4695553
1 1155889
1 1092361
1 5932438
1 4860421
1 6834155
1 5838074
1 6738628
1 6469651
1 5997683
1 9250793
1 4733793
1 5152362
1 2256497
1 514068
1 2386574
1 3156395
1 2366190
1 4302411
1 7824057
1 2533995
1 5178987
1 1338819
1 3081303
1 5574044
1 2742471
1 9372823
1 2382789
1 9504236
1 5564162
1 9547664
1 5548715
1 2082669
1 3641913
1 167898
1 865646
1 5868851
1 1623029
1 6363361
1 9874804
1 5261813
1 5856595
1 4162670
1 7545283
1 2441919
1 5325965
1 7728861
1 6080175
1 816761
1 3988909
1 1567418
1 8247786
1 2875466
1 2415945
1 9002221
1 6320048
1 2959321
1 3329237
1 8762279
1 7245054
1 4116181
1 3211638
1 4645587
1 6410282
1 7615564
1 5636629
1 2421932
1 3711998
1 8909060
1 4778875
1 9675289
1 5288433
1 6128884
1 9152955
1 3575504
1 6729492
1 4767456
1 7105266
1 5919143
1 9932354
1 5423831
1 1748848
1 8185920
1 4165837
1 1655225
1 6718079
1 406247
1 4019809
1 2876191
1 1785590
1 1128751
1 8340275
1 7832395
1 8063750
1 1855043
1 7557989
1 2829408
1 6570967
1 8635756
1 5766048
1 4780364
1 6465013
1 9298128
1 5793440
1 3085644
1 8096825
1 9711320
1 8450857
1 2000708
1 5605184
1 3044632
1 8443249
1 9922769
1 7571458
1 4577527
1 8737740
1 1129071
1 6222437
1 476103
1 1216896
1 3527720
1 5530680
1 8200646
1 3009744
1 7720780
1 1694229
1 1239355
1 4423853
1 3148460
1 4299847
1 1740381
1 9405563
1 9550108
1 308655
1 5963094
1 6126061
1 1283740
1 4506335
1 5223238
1 7406240
1 895356
1 8615368
1 5892704
1 2417522
1 5542110
1 206431
1 3758466
1 1549525
1 5144144
1 8568675
1 7243811
1 6685664
1 1989940
1 8460193
1 154727
1 7490411
1 6271494
1 610802
1 3778308
1 5187932
1 5213093
1 7968636
1 6519166
1 2873380
1 2654179
1 2540587
1 6451588
1 1333715
1 1707019
1 78875
1 8039381
1 8607830
1 6150868
1 1280514
1 6678900
1 796566
1 6836445
1 6614441
1 6528753
1 7120515
1 7627568
1 3255945
1 1210019
1 3120009
1 2247947
1 26671
1 6784397
1 3774645
1 2335678
1 3940311
1 943841
1 1820672
1 3240519
1 5111922
1 144035
1 2017091
1 8337063
1 9191017
1 8098565
1 3333665
1 7945698
1 6348459
1 7905007
1 7691429
1 7249199
1 9307029
1 5097783
1 8648438
1 8022508
1 8188672
1 8908449
1 901045
1 1710972
1 9131379
1 8276708
1 6850252
1 3769626
1 2437874
1 5175912
1 6798317
1 8613577
1 3428846
1 9824526
1 1508153
1 1468049
1 6889954
1 8750984
1 7220746
1 8112523
1 8645310
1 4917912
1 3000320
1 6382589
1 6695182
1 3691741
1 8305274
1 1869639
1 37780
1 5695364
1 89691
1 5476788
1 612262
1 2180595
1 3531029
1 9277283
1 8268665
1 844892
1 2545724
1 9111560
1 2085112
1 1145157
1 3155832
1 6099400
1 3681541
1 3389966
1 3345757
1 1286821
1 844462
1 964664
1 4415211
1 930231
1 375416
1 1840622
1 5130693
1 7373424
1 5717205
1 6989941
1 7945824
1 2748327
1 1091996
1 7073851
1 2815628
1 9992871
1 3794501
1 191125
1 8997590
1 5375942
1 1165883
1 9368127
1 8620497
1 5962015
1 1699540
1 6041740
1 3014101
1 2004406
1 6382559
1 6560055
1 6855672
1 2215692
1 8379225
1 6761343
1 7919964
1 8480279
1 5809671
1 9680797
1 1782466
1 7966418
1 441055
1 1988076
1 8863875
1 1899271
1 7435069
1 7585143
1 8414591
1 144360
1 1893481
1 4231778
1 8431592
1 3413268
1 2517401
1 8475125
1 3556326
1 4479017
1 2313341
1 9325644
1 9323140
1 6128645
1 5454663
1 6030807
1 2449601
1 2292765
1 6875934
1 1480261
1 7876645
1 7036026
1 8609293
1 8998130
1 9140405
1 982017
1 3363211
1 2044454
1 2053577
1 2181457
1 3268043
1 3531205
1 6664954
1 4802153
1 2704861
1 6684031
1 3920194
1 1826826
1 2582299
1 198243
1 6775709
1 649875
1 9839156
1 6012793
1 1397237
1 8842437
1 296154
1 9064148
1 3874004
1 3045312
1 4804417
1 7832428
1 1035161
1 4687877
1 1230672
1 520277
1 145520
1 6937925
1 9965491
1 1902109
1 4952051
1 47856
1 2915441
1 8987349
1 1424696
1 6070452
1 2318106
1 1843616
1 8588275
1 387844
1 7070676
1 8092619
1 8291639
1 5885108
1 3293507
1 9537990
1 2008782
1 534708
1 3032184
1 4125294
1 6624192
1 9726172
1 8008522
1 7815302
1 5082365
1 5374543
1 4113518
1 6202031
1 1482069
1 6863498
1 5811112
1 4391548
1 6623679
1 8554299
1 7780918
1 314273
1 4389369
1 6276693
1 2099244
1 8587535
1 3532659
1 8972824
1 7417162
1 4666609
1 6024472
1 9783862
1 216840
1 1749592
1 6000001
1 8836668
1 1091901
1 242478
1 6205317
1 7554127
1 2826250
1 9928006
1 8293138
1 5712373
1 431510
1 3406104
1 6073464
1 2457078
1 5361520
1 1954166
1 4388232
1 3875998
1 4617984
1 8093143
1 4884556
1 9267367
1 8253459
1 1586477
1 1454145
1 5745937
1 407387
1 5054772
1 1792512
1 437104
1 9504988
1 7036150
1 3358239
1 3091752
1 893795
1 4942148
1 1701701
1 76908
1 2033387
1 485313
1 7560648
1 8499410
1 2432191
1 5243296
1 8982963
1 4549237
1 3244661
1 6569424
1 1830256
1 3319413
1 4090584
1 2587901
1 6870682
1 8443344
1 469536
1 7540061
1 4436878
1 4509370
1 6047395
1 2156253
1 8586764
1 7138696
1 1232251
1 4578552
1 6634096
1 1531052
1 4416345
1 5060959
1 1584785
1 6198920
1 7824128
1 4481816
1 2839861
1 8028012
1 6557295
1 8752314
1 8055692
1 1261981
1 2814757
1 4502466
1 8524563
1 2513761
1 3353643
1 6200523
1 3515419
1 2512781
1 480881
1 1324224
1 1891870
1 588362
1 8717078
1 2155175
1 1253143
1 6110759
1 4856874
1 7599120
1 9202814
1 9547583
1 6597296
1 331749
1 1331962
1 5395682
1 9934543
1 8723384
1 2455881
1 6239431
1 1445841
1 8923396
1 1445374
1 6967042
1 9317194
1 5032014
1 7928473
1 5551454
1 1906686
1 7623296
1 8513341
1 6991275
1 1807418
1 1697193
1 7303000
1 4667566
1 4036742
1 8794635
1 9585864
1 5092200
1 9320753
1 8437110
1 9948115
1 2650516
1 467199
1 1242121
1 3317121
1 4056911
1 2600759
1 8905451
1 4911565
1 9990030
1 5584012
1 3443234
1 5916566
1 441719
1 4536443
1 3704325
1 5491888
1 5260153
1 1171023
1 146369
1 4951639
1 8551113
1 6646428
1 32323
1 3774433
1 8053349
1 6942538
1 5013567
1 8096729
1 4686222
1 9164939
1 778595
1 6390719
1 2135079
1 4697432
1 1850211
1 2538247
1 8485620
1 4385831
1 4916070
1 1907274
1 3316777
1 6456892
1 3195183
1 8056198
1 6174181
1 6442186
1 9619109
1 6006521
1 2203391
1 1964775
1 7713555
1 6215051
1 4169886
1 6698873
1 249685
1 1065845
1 6505106
1 9308972
1 5433723
1 283223
1 384847
1 9469336
1 4874422
1 8442572
1 247760
1 4928237
1 9950145
1 1345253
1 4032580
1 1079960
1 5672097
1 3364398
1 541141
1 2822356
1 8812892
1 1330085
1 2487077
1 1894750
1 1966196
1 1651215
1 9293206
1 7016947
1 5005033
1 753169
1 4434850
1 3785649
1 7324276
1 1833920
1 9834398
1 6087173
1 8768251
1 5833079
1 3928480
1 2285236
1 7855033
1 7511319
1 2362233
1 6421358
1 6883650
1 4143650
1 6132856
1 5801908
1 3297168
1 5076776
1 704850
1 9481464
1 3672187
1 6522105
1 1322574
1 5882936
1 4498436
1 2284293
1 589621
1 6095112
1 5276317
1 3028163
1 9641695
1 9460996
1 7926746
1 7751107
1 5213571
1 8682179
1 4157951
1 2953230
1 1297236
1 7255056
1 6258139
1 3316137
1 9457842
1 5088803
1 5633709
1 6453002
1 2319486
1 6918673
1 5939595
1 4013995
1 9000197
1 7840204
1 5049932
1 1624099
1 5226023
1 1805706
1 9182105
1 8624656
1 4421986
1 6543108
1 7321839
1 2424253
1 6563785
1 3143168
1 4481285
1 1465734
1 130545
1 892670
1 54605
1 2525166
1 9683694
1 9353818
1 6125489
1 5727020
1 843798
1 3308108
1 5442649
1 2992259
1 6610294
1 7004969
1 4166714
1 2643790
1 8880909
1 7042769
1 8245083
1 8977732
1 9211848
1 6052160
1 4706382
1 380747
1 7994592
1 8882687
1 1405203
1 5091650
1 9167091
1 7938887
1 3730378
1 8154107
1 5704666
1 2884436
1 8854818
1 4348797
1 9807599
1 2214612
1 1376598
1 3250434
1 4761248
1 7927603
1 4362848
1 6224768
1 8890564
1 6283246
1 947311
1 6806713
1 1243302
1 7433868
1 1762824
1 252024
1 9419774
1 7877851
1 2720753
1 929207
1 5981831
1 1321090
1 6977465
1 6431952
1 4003184
1 5576427
1 3451239
1 3057721
1 5858643
1 2023420
1 1827570
1 61976
1 1833011
1 5478158
1 8529019
1 6583024
1 9338455
1 6259117
1 8971415
1 7330042
1 2671764
1 6295465
1 6190799
1 7523333
1 603446
1 2093847
1 8960414
1 4672910
1 1319124
1 4887999
1 2370094
1 6002331
1 3464617
1 3329432
1 2190996
1 4103786
1 896502
1 4252041
1 4525609
1 233372
1 2436803
1 9011338
1 7740015
1 8434758
1 71365
1 2143729
1 1928170
1 3876975
1 9121677
1 5774181
1 8117417
1 1135917
1 9533139
1 4349345
1 3502604
1 7263451
1 6937108
1 8079085
1 18833
1 5028424
1 6243215
1 7565116
1 7979275
1 4225284
1 4115345
1 9129442
1 6984338
1 2258010
1 9923488
1 5441610
1 4364326
1 852088
1 5306508
1 5013848
1 5582891
1 8939677
1 4554592
1 7866057
1 7263058
1 6618110
1 2875670
1 4078562
1 3128560
1 3876042
1 9896354
1 3168176
1 4671213
1 9088026
1 6962257
1 4218323
1 484448
1 8649430
1 2277591
1 2021874
1 3875456
1 5286361
1 6690872
1 1671393
1 1760079
1 5571160
1 2484732
1 5453835
1 1179558
1 4699401
1 4532309
1 8461615
1 4709231
1 5587718
1 2103709
1 143969
1 4307034
1 4754104
1 7507823
1 7322512
1 6055752
1 6659560
1 9789034
1 9931816
1 9393633
1 5095323
1 461011
1 2066128
1 1638768
1 6633222
1 6933130
1 6881212
1 2673660
1 2781549
1 1484448
1 8365776
1 9399984
1 6457148
1 5731838
1 492503
1 5136259
1 1968833
1 2526701
1 3626932
1 6412341
1 9109105
1 8472026
1 4152518
1 2316365
1 810421
1 6501631
1 9106174
1 9678071
1 461726
1 1504529
1 2320179
1 5683819
1 3188231
1 3945374
1 1829301
1 2668176
1 4468259
1 1581055
1 4227653
1 5529652
1 9546873
1 5900312
1 4634910
1 4005815
1 8649713
1 6411496
1 38441
1 3782648
1 3391884
1 800092
1 3385927
1 1514858
1 888272
1 3926335
1 3959198
1 6705058
1 3844339
1 4652343
1 5971285
1 910533
1 6109175
1 3239390
1 741772
1 9742738
1 7342233
1 7971572
1 8566865
1 2696947
1 9539033
1 9131
1 4024323
1 4564841
1 6798232
1 5783889
1 7721874
1 5174317
1 9150365
1 5924102
1 8108389
1 9450481
1 3959081
1 1793926
1 5115715
1 5827904
1 8994439
1 4059752
1 589209
1 8655385
1 6916557
1 6898561
1 130329
1 4746474
1 5283282
1 7563014
1 5793381
1 5889494
1 4621968
1 9342078
1 5033462
1 3009107
1 5785763
1 3020144
1 7861142
1 1737819
1 427125
1 54820
1 5177357
1 8580223
1 8545582
1 8350195
1 5549673
1 6580437
1 8227032
1 5845267
1 4167294
1 9102130
1 8621091
1 6150882
1 4546972
1 5942095
1 7132995
1 8409084
1 437641
1 1524776
1 6511059
1 318871
1 7604432
1 1243019
1 2923966
1 5404524
1 1137891
1 825011
1 2110542
1 453660
1 809188
1 7593337
1 9654262
1 5620320
1 9526498
1 4268139
1 5905967
1 650064
1 7185493
1 4745728
1 3346568
1 2976703
1 2306934
1 1601342
1 7810778
1 3048953
1 6135200
1 2722306
1 7253169
1 4700020
1 6385563
1 5712656
1 5007286
1 1664850
1 3668150
1 5079535
1 1769617
1 7165884
1 6996451
1 9595915
1 2734667
1 9532666
1 3522124
1 1122809
1 995150
1 8808928
1 6723659
1 9609865
1 85739
1 2071188
1 8284545
1 3346030
1 8027288
1 2906994
1 8647266
1 8441043
1 6231937
1 9553173
1 4860367
1 2695322
1 8393009
1 6999074
1 1466092
1 4554149
1 614844
1 5419685
1 3557735
1 8294658
1 2913962
1 6840662
1 9772294
1 8654745
1 5146047
1 1412381
1 7447583
1 7043008
1 7407488
1 6218295
1 8981474
1 4347832
1 9011915
1 2320729
1 7917277
1 4360952
1 7326916
1 3642682
1 866862
1 8078060
1 9577556
1 5433650
1 118240
1 2413499
1 8385525
1 8083946
1 7138037
1 823831
1 7148834
1 6598019
1 8320205
1 6713679
1 1417990
1 5131907
1 1881904
1 3137929
1 5797962
1 2957503
1 6903681
1 4595805
1 5293727
1 8868237
1 8331880
1 1083773
1 3848585
1 9594945
1 4322077
1 6820607
1 7452049
1 5053163
1 3489405
1 4985537
1 1490385
1 5615443
1 6195846
1 3217138
1 4701582
1 9778876
1 7968421
1 3981994
1 5263371
1 7688257
1 4391799
1 9510315
1 3892772
1 2600143
1 5735600
1 6469716
1 7183419
1 6822791
1 3245831
1 1656165
1 1633448
1 8249665
1 7811623
1 4223899
1 2313347
1 6977813
1 1880818
1 3394468
1 8722681
1 662452
1 7069071
1 3088146
1 2645163
1 7975464
1 5356124
1 1175466
1 8307454
1 2433358
1 5558883
1 8259657
1 4207115
1 226167
1 7771737
1 3236402
1 6694583
1 5763847
1 1441835
1 9618744
1 4609931
1 718814
1 976758
1 9890410
1 5399542
1 8060792
1 3102170
1 5323852
1 313654
1 225043
1 8576833
1 2876737
1 8412900
1 35441
1 6634860
1 3405151
1 7333903
1 5444183
1 1320622
1 4136750
1 3720610
1 5631058
1 1726944
1 4824368
1 1957444
1 7970667
1 3463750
1 1199520
1 962846
1 9433350
1 6004246
1 8880736
1 9106466
1 8974966
1 4422009
1 9990957
1 86161
1 1293939
1 6020878
1 5223448
1 4080650
1 4580487
1 347066
1 5325962
1 2043761
1 6960363
1 5365926
1 9808899
1 920555
1 2648908
1 7289150
1 9275076
1 4129052
1 4698871
1 2887083
1 5341332
1 7872317
1 1710970
1 314514
1 5914189
1 795470
1 2741562
1 3585737
1 4170463
1 7196590
1 3593454
1 4601833
1 8298132
1 2932655
1 8628412
1 8479402
1 140871
1 9952136
1 733913
1 7816157
1 3351937
1 8237182
1 7828473
1 411079
1 5419971
1 1779123
1 1069189
1 1294326
1 1260906
1 6388506
1 4941367
1 7943787
1 5580604
1 1106305
1 7316644
1 6866602
1 6307599
1 302386
1 8263360
1 5918054
1 4713067
1 5444962
1 1265678
1 7994856
1 8158859
1 3560264
1 7509359
1 7476614
1 3269376
1 711321
1 3684212
1 1263091
1 6627031
1 1210357
1 6383787
1 2968732
1 1913605
1 8077886
1 4320925
1 3598113
1 5831451
1 7376134
1 3737454
1 8383335
1 3863924
1 4519945
1 8024088
1 3024557
1 2266260
1 9827352
1 800586
1 3518910
1 1168259
1 6205679
1 7378943
1 8191914
1 6544121
1 818118
1 6126271
1 1471906
1 1576067
1 529769
1 9854198
1 165437
1 428692
1 2806885
1 8890815
1 5531129
1 5149594
1 4620288
1 751951
1 1419824
1 1857807
1 3450342
1 1636686
1 1450661
1 4589621
1 3850709
1 2314799
1 1484356
1 683048
1 6410502
1 4506198
1 5956598
1 3933654
1 1779000
1 1401492
1 2554893
1 782186
1 7651102
1 9687969
1 6991687
1 9888711
1 3528999
1 5980706
1 8617140
1 6590394
1 9627721
1 7005182
1 9098498
1 1648250
1 7192348
1 5231175
1 6337698
1 9114371
1 1150674
1 7218119
1 1422536
1 9872843
1 6283855
1 1533382
1 8492448
1 6543191
1 4802543
1 9826110
1 4956729
1 8232182
1 7193899
1 80870
1 6894552
1 9436885
1 5165232
1 9429987
1 6237475
1 8165191
1 5013560
1 2174448
1 9467038
1 1499232
1 1809983
1 170435
1 6817559
1 9439697
1 7775003
1 7511009
1 588596
1 6686498
1 85492
1 1207523
1 5392562
1 2260926
1 3572642
1 3313006
1 8391237
1 8293110
1 3237453
1 2247054
1 9192913
1 9316543
1 750153
1 1499629
1 7435874
1 6538560
1 1744331
1 9633507
1 800789
1 7262445
1 5762580
1 8767498
1 3450522
1 4515132
1 2351589
1 4172261
1 7837306
1 1482696
1 2986871
1 6922152
1 6902083
1 6831261
1 5089085
1 1187842
1 1387324
1 4613395
1 6666673
1 3048691
1 1842654
1 9493785
1 8765948
1 4835204
1 32852
1 5226867
1 5506533
1 8509202
1 7841772
1 7784229
1 5175328
1 7596761
1 4570130
1 2177250
1 5032540
1 5704957
1 1724816
1 6190495
1 8459854
1 640098
1 3203262
1 8136051
1 8282024
1 1415593
1 736632
1 8456584
1 8689879
1 8510058
1 784108
1 9268377
1 499958
1 8949719
1 4569920
1 7423015
1 5339794
1 8377363
1 4585777
1 6018633
1 8516905
1 6990539
1 4840054
1 412356
1 1781768
1 1272345
1 9910846
1 9836175
1 2430296
1 1424421
1 9581375
1 7554913
1 2053265
1 8381080
1 7441549
1 4551883
1 6896100
1 7989842
1 7500498
1 3167102
1 8544661
1 1204465
1 4651062
1 6703748
1 1058905
1 6096558
1 9399395
1 6896099
1 4559817
1 3080930
1 1796960
1 6401316
1 9976679
1 6541723
1 2122068
1 899362
1 7706095
1 5186497
1 7817093
1 6804896
1 3262957
1 9233756
1 6130610
1 9615515
1 1249990
1 9511992
1 5008633
1 2728016
1 6528320
1 9596554
1 9382820
1 1777723
1 6836329
1 7096522
1 1283964
1 366880
1 7747102
1 8938203
1 80761
1 4497133
1 5592956
1 4864664
1 6026934
1 4650522
1 7647026
1 4386077
1 5482423
1 7383671
1 9478940
1 7768969
1 1642385
1 8781850
1 3437928
1 3773565
1 9607266
1 8730856
1 3683355
1 4406751
1 8763684
1 1567808
1 3070663
1 5039542
1 6988957
1 214211
1 4659874
1 2888333
1 1236343
1 2091652
1 9104146
1 4799476
1 2630065
1 2814494
1 2159484
1 3924570
1 8024196
1 3365295
1 3950234
1 8676811
1 5887864
1 1812105
1 8073044
1 609874
1 8279710
1 441005
1 9220306
1 8031093
1 4667467
1 8262504
1 2020821
1 4876725
1 8753127
1 9556445
1 7895909
1 1719143
1 6644341
1 6148730
1 3894514
1 9546741
1 2519889
1 5654295
1 705351
1 5316760
1 1991110
1 9770159
1 4438227
1 6023493
1 5546347
1 3511470
1 7288953
1 2138033
1 5913945
1 1272637
1 3583094
1 5874734
1 327148
1 9947781
1 9933650
1 6613967
1 2923271
1 3325421
1 1519436
1 9810112
1 7176637
1 1590678
1 4563046
1 8200193
1 1975012
1 7543622
1 6520145
1 9371468
1 4810416
1 6997169
1 771908
1 9418268
1 5460956
1 8883175
1 7248308
1 1327364
1 1067143
1 6530945
1 8923827
1 6758121
1 9768736
1 7175002
1 5474957
1 7500142
1 3010255
1 3636601
1 9262502
1 4201876
1 120650
1 7716493
1 5827816
1 6959179
1 7764033
1 5129224
1 3934954
1 9610600
1 2935281
1 6238462
1 5644055
1 2022829
1 6291418
1 3389141
1 6890318
1 461261
1 8082568
1 6113677
1 3746139
1 1403900
1 2410522
1 4372595
1 9528979
1 395116
1 4614150
1 8014205
1 1269835
1 3365792
1 3635575
1 9081889
1 2650566
1 4265051
1 1509696
1 4872713
1 6118378
1 1493417
1 4534115
1 7290209
1 7354279
1 1748018
1 7249488
1 6635509
1 6021230
1 4849101
1 4324996
1 1638299
1 8681940
1 6401244
1 2810172
1 6987795
1 9774421
1 3265385
1 7172131
1 3359149
1 2363114
1 8781238
1 303385
1 6225360
1 804909
1 784390
1 3439184
1 6758323
1 8493298
1 9586078
1 8311732
1 8292124
1 9654961
1 8554471
1 469256
1 2317980
1 8232384
1 3397911
1 9503927
1 7499161
1 7548271
1 7309005
1 4817148
1 1907271
1 196310
1 7058109
1 9374035
1 2855603
1 6957848
1 3886510
1 9648012
1 4971351
1 7920508
1 2947938
1 4944890
1 2185485
1 5082544
1 3959664
1 9879155
1 830929
1 2242609
1 6360172
1 3999646
1 9998905
1 6548135
1 9161160
1 315394
1 782266
1 5632885
1 4783671
1 9968647
1 3631824
1 8310284
1 9698979
1 5829613
1 1159986
1 132295
1 6230472
1 511866
1 5664272
1 1462610
1 3915837
1 4646657
1 147327
1 4989358
1 6677995
1 4382563
1 8823238
1 2788348
1 9894816
1 4451389
1 5046267
1 524457
1 9019163
1 571927
1 676510
1 1118770
1 9143960
1 7987171
1 9945134
1 2836926
1 9021369
1 860363
1 8595809
1 6913196
1 2738969
1 71230
1 9660089
1 6460514
1 8300617
1 2794219
1 4157968
1 5531075
1 1971955
1 9512254
1 9752574
1 9295531
1 4832480
1 6593993
1 3078738
1 7150561
1 6392946
1 7692430
1 2142186
1 301980
1 8720047
1 9723720
1 9396164
1 1975555
1 5590043
1 6630575
1 8890045
1 5639947
1 4177328
1 647454
1 8778649
1 7017940
1 7256352
1 418788
1 5445143
1 5915900
1 9341478
1 5216054
1 8762448
1 9327640
1 751503
1 3570718
1 5215291
1 9794494
1 3733559
1 6701829
1 7775067
1 632813
1 1239941
1 4846708
1 3806348
1 6758404
1 5164269
1 8000558
1 231138
1 1627822
1 2715791
1 7511980
1 8795192
1 3170629
1 5830626
1 5914583
1 4358928
1 4225427
1 5467937
1 530498
1 7678641
1 727348
1 4664423
1 2270216
1 5805592
1 8803930
1 2437517
1 8509217
1 1344471
1 5242796
1 5054892
1 3447568
1 9410212
1 6380116
1 3377449
1 5010217
1 9327346
1 2769584
1 6545951
1 9841144
1 9113068
1 3320270
1 3949321
1 7518049
1 3110787
1 3849966
1 2435596
1 1002631
1 9290206
1 7708924
1 9401274
1 2177524
1 5368403
1 4604714
1 3304671
1 7322697
1 494537
1 2861100
1 4514592
1 1763998
1 623000
1 5224041
1 1396690
1 8160160
1 9099872
1 6543178
1 2933380
1 484461
1 5145062
1 198722
1 3167576
1 1243804
1 3838915
1 5979660
1 9012064
1 1712124
1 9681426
1 7152102
1 453381
1 17908
1 833008
1 2546256
1 2675380
1 1319070
1 8509384
1 9972436
1 3606970
1 5035894
1 9778153
1 7491930
1 2859867
1 7021387
1 112813
1 3767047
1 7979965
1 3443159
1 7871555
1 5443997
1 9896671
1 6503464
1 1167854
1 5491660
1 7552747
1 2676420
1 4904496
1 7385866
1 8708203
1 9647017
1 1283703
1 4415563
1 8737798
1 8991363
1 3299625
1 44518
1 2856609
1 2339433
1 848040
1 334665
1 502408
1 9275530
1 7189324
1 8366394
1 4596355
1 5681851
1 5660956
1 2407500
1 4091978
1 9448870
1 2299470
1 3250396
1 5419945
1 841014
1 1935187
1 6903228
1 7720891
1 3657341
1 6542524
1 1928138
1 1346600
1 2415629
1 3285528
1 9939522
1 5771726
1 7967250
1 5572872
1 4036809
1 3004803
1 9987557
1 8212791
1 8961321
1 10688
1 7679153
1 4085578
1 1567158
1 3011281
1 4854948
1 9626279
1 8981848
1 1848566
1 408971
1 1388436
1 5878950
1 2516421
1 2193630
1 2542139
1 8288014
1 8065191
1 8189749
1 2260378
1 4126733
1 6545462
1 8456686
1 1295058
1 1178233
1 1373588
1 3209131
1 6892594
1 5864876
1 2847202
1 5238924
1 7848708
1 2605783
1 5915459
1 295552
1 7367023
1 2465413
1 3154094
1 3187540
1 7972416
1 8986402
1 6060083
1 3175125
1 7798220
1 6191553
1 960652
1 1878422
1 6225283
1 4230050
1 5058507
1 7003109
1 8310895
1 2212300
1 5381577
1 5274961
1 6284665
1 1250053
1 6245893
1 9154635
1 5647464
1 8099295
1 4043413
1 8410451
1 4855435
1 9703016
1 6801920
1 7683862
1 4298289
1 6692388
1 1329757
1 1636267
1 9723731
1 7957135
1 2191175
1 4755503
1 9064351
1 4971971
1 1074223
1 8455953
1 3542534
1 1810203
1 7748346
1 9961530
1 2632583
1 6216884
1 483352
1 5499626
1 77214
1 7539533
1 4261977
1 5099143
1 3619187
1 1692438
1 6515361
1 8506411
1 3182500
1 3897631
1 9191889
1 1828823
1 5013962
1 7823711
1 5864913
1 4747524
1 6230739
1 8777281
1 463178
1 479728
1 6740615
1 4974959
1 6857452
1 3615914
1 971738
1 817216
1 9681881
1 6297536
1 7042471
1 6791028
1 4429668
1 1165099
1 2610857
1 9335471
1 3823508
1 8797449
1 575161
1 2473128
1 8284414
1 2602422
1 3457266
1 6563786
1 8538486
1 4891122
1 5020675
1 8454335
1 334262
1 7640811
1 4275658
1 1779123
1 3267150
1 5998869
1 3841001
1 2282784
1 4228158
1 6094203
1 2698554
1 3162489
1 9452296
1 4116298
1 594917
1 4436295
1 3807182
1 5032918
1 9986867
1 923048
1 6469181
1 4697806
1 6291437
1 6863766
1 5987058
1 1779257
1 8978644
1 5310713
1 984912
1 2409743
1 4514583
1 2373421
1 8581249
1 3827644
1 6544615
1 4327986
1 2840617
1 4782448
1 4894670
1 4995143
1 472824
1 3427882
1 8270184
1 2964543
1 7732835
1 2659410
1 8934252
1 4495890
1 3399643
1 8643855
1 5532331
1 7029756
1 212950
1 2592987
1 7279623
1 636698
1 8388202
1 5052163
1 940087
1 3679704
1 6522664
1 4676968
1 9367638
1 9684190
1 9037370
1 9477887
1 6258041
1 8688500
1 8789015
1 8790902
1 3657852
1 7132356
1 5496563
1 8226393
1 3002656
1 5608023
1 4597432
1 8906836
1 2819631
1 496626
1 4979650
1 7066162
1 6179766
1 4217740
1 1956733
1 3247116
1 85688
1 6009524
1 302489
1 2977331
1 3314088
1 6589276
1 5162405
1 6160117
1 5042280
1 2354672
1 3356551
1 3244903
1 129926
1 4814425
1 8288681
1 4039419
1 2198675
1 5359325
1 9999595
1 3087616
1 7401255
1 8365813
1 3674019
1 7495372
1 2908063
1 4965387
1 4586077
1 8950615
1 5660608
1 1495491
1 3436297
1 8159461
1 9316332
1 6881530
1 3721505
1 9709607
1 5653713
1 4957792
1 4032126
1 49011
1 7956195
1 3752497
1 5970453
1 8778731
1 1127557
1 5764858
1 2233458
1 5024272
1 1318150
1 3952442
1 4801053
1 1060725
1 6870985
1 321495
1 2703819
1 2835476
1 6568594
1 2011633
1 9017890
1 5161937
1 6702798
1 2722544
1 2020710
1 9344423
1 5631634
1 2137462
1 516610
1 2572318
1 770877
1 1156861
1 5046613
1 9952414
1 3136407
1 9212509
1 4653870
1 4453195
1 4823262
1 2372798
1 2571634
1 4490296
1 9344005
1 7081756
1 2185474
1 3420037
1 7123219
1 6710489
1 3975039
1 976130
1 7136024
1 4261030
1 3100741
1 2241625
1 5164307
1 6913229
1 4726776
1 3238263
1 8901765
1 6011188
1 6978934
1 176796
1 2877887
1 177859
1 856806
1 2941255
1 6825795
1 8338210
1 3706546
1 7918009
1 1297387
1 8268449
1 2022409
1 324674
1 1322569
1 5578854
1 6569906
1 4444029
1 5170075
1 6069220
1 1945534
1 4990043
1 4181532
1 9538518
1 7381022
1 5929588
1 852882
1 3766144
1 7627261
1 6212941
1 3466419
1 3260574
1 8798452
1 6329793
1 4631591
1 1876578
1 8067072
1 2865316
1 9156067
1 6420631
1 695480
1 111554
1 9940425
1 3078991
1 5258150
1 185527
1 674519
1 6980726
1 3320890
1 6120639
1 9893815
1 7880308
1 748562
1 8144273
1 9208277
1 3618736
1 8465768
1 2928319
1 9105198
1 8763488
1 7717554
1 2345899
1 2465128
1 8016857
1 5909449
1 8970804
1 6866445
1 7420481
1 964289
1 2764151
1 1913147
1 6294486
1 7939772
1 5178664
1 3829320
1 6016701
1 3132266
1 3374108
1 2941167
1 5820849
1 8506480
1 5270921
1 952636
1 9269981
1 176611
1 5954816
1 7188456
1 4945948
1 5050913
1 7667660
1 8640042
1 7751397
1 5692744
1 6601933
1 9272063
1 637581
1 7065134
1 5328729
1 8747074
1 9560299
1 707608
1 9637626
1 5332831
1 2848616
1 4014244
1 2282891
1 784312
1 9307034
1 2673162
1 5877058
1 2233718
1 501538
1 3696999
1 3362266
1 380059
1 6294070
1 3128431
1 8331583
1 9591440
1 9546757
1 8128126
1 659889
1 7200543
1 8298327
1 8475937
1 6419646
1 1447287
1 2132909
1 8285498
1 1859355
1 4303551
1 1392079
1 5210754
1 6989709
1 2935932
1 4630973
1 1787549
1 7448236
1 3275716
1 2473337
1 5120032
1 7444260
1 6733418
1 3703108
1 9704123
1 3379187
1 3957132
1 3787220
1 9121022
1 7011584
1 5806428
1 7543512
1 5957096
1 1652785
1 7485906
1 2272335
1 4722089
1 1267144
1 5803208
1 2494022
1 1935225
1 8602533
1 9798985
1 4758021
1 7182494
1 6584626
1 7760868
1 8517769
1 1575278
1 9526975
1 8811021
1 8697428
1 6553652
1 9201942
1 7025043
1 5025045
1 1184028
1 3391068
1 9421700
1 7652436
1 8273595
1 3436280
1 6938599
1 931978
1 9695230
1 4908984
1 4167842
1 8577975
1 6503601
1 5063254
1 6224919
1 7180064
1 145822
1 7120905
1 377873
1 6545317
1 8655684
1 2014744
1 9570028
1 634632
1 1427195
1 3300679
1 8319706
1 4861026
1 6369862
1 1211009
1 8577878
1 6014758
1 1899624
1 2317047
1 3075334
1 1864109
1 9489417
1 229113
1 5065270
1 5306137
1 140201
1 3522879
1 8200182
1 2962023
1 3323620
1 1813868
1 3444980
1 273013
1 9192633
1 1421990
1 1212806
1 6630868
1 874530
1 8015062
1 917019
1 2631572
1 8752587
1 6187609
1 4977129
1 5233889
1 1185416
1 5689115
1 5158446
1 5542256
1 3605734
1 3675531
1 1359795
1 2806865
1 1368422
1 3078460
1 727013
1 7231978
1 6953371
1 7257822
1 6265305
1 1748180
1 1508277
1 1885814
1 8237412
1 4135880
1 6812337
1 2104715
1 743509
1 610425
1 8084117
1 3055593
1 7804460
1 6599053
1 6854703
1 9245909
1 1734414
1 503353
1 9331013
1 2422056
1 2165964
1 558202
1 4756889
1 1408255
1 3484714
1 2071196
1 8778300
1 9588442
1 8972573
1 9635260
1 2830957
1 3916434
1 9359735
1 1550861
1 8483963
1 2704820
1 3000237
1 6846583
1 8923929
1 1924649
1 8133890
1 4563534
1 3159045
1 9954100
1 9204095
1 7500366
1 7302758
1 7957111
1 8845888
1 5729243
1 4063259
1 3012324
1 7274921
1 8932196
1 1376391
1 5057629
1 4855408
1 2571342
1 884820
1 9012827
1 8704942
1 5429750
1 5474305
1 7272152
1 3415731
1 3171876
1 5467956
1 5446385
1 436310
1 2192219
1 2967931
1 7351050
1 7916641
1 1930260
1 7178037
1 4498094
1 6016743
1 2225275
1 3269554
1 8009247
1 9497787
1 5864080
1 9392916
1 6799341
1 6708213
1 1890531
1 2625827
1 3962707
1 7212023
1 6454881
1 3059555
1 9710774
1 8127657
1 4359491
1 4401428
1 8473422
1 5731721
1 5426003
1 1207852
1 422131
1 1918576
1 7738188
1 4208708
1 6136690
1 4257616
1 7294441
1 1977158
1 4271471
1 7744685
1 6598769
1 4847688
1 3880898
1 421287
1 3316471
1 4654764
1 8071193
1 8469774
1 2948079
1 2608357
1 6022352
1 4664313
1 125893
1 1501050
1 843777
1 1553416
1 6598457
1 4865742
1 3120168
1 8024989
1 4486433
1 3437522
1 6436721
1 8999279
1 2591008
1 8923791
1 8593956
1 7696438
1 3215296
1 9428090
1 6796179
1 5481677
1 4626029
1 7825055
1 8908349
1 8210249
1 2898488
1 3526420
1 1549816
1 8067020
1 2980169
1 7930979
1 1956575
1 571855
1 9660195
1 5145622
1 6302257
1 1642808
1 8167453
1 2505363
1 8772133
1 4033836
1 7260962
1 881098
1 2849751
1 138614
1 3022239
1 8825061
1 2534044
1 5733104
1 6872373
1 7549729
1 7255766
1 352263
1 7267789
1 511165
1 9192363
1 3082485
1 9598442
1 299850
1 533304
1 5783635
1 5968749
1 5851168
1 2406558
1 179903
1 2603150
1 653298
1 3804832
1 8604781
1 7189105
1 9068137
1 8204299
1 761653
1 8115217
1 9507801
1 4460902
1 5394617
1 1854939
1 2571768
1 698510
1 4439955
1 3414373
1 9485183
1 2145936
1 5356252
1 3349680
1 2873453
1 2685550
1 1710146
1 9111540
1 2951933
1 8054846
1 5031802
1 9425123
1 8185362
1 5452532
1 6434710
1 8201953
1 3763860
1 9259125
1 3584926
1 7518686
1 5508653
1 4486443
1 1275581
1 6754097
1 7677044
1 5897219
1 9110434
1 5919917
1 2894494
1 1770324
1 1355224
1 5921186
1 5738916
1 1595898
1 4818436
1 4881087
1 1051797
1 1036431
1 6488530
1 8393787
1 5036915
1 8142008
1 4259934
1 9755713
1 5855362
1 5712106
1 2885326
1 9908021
1 7926666
1 3936484
1 2561942
1 97559
1 5452296
1 7807989
1 4061852
1 8238244
1 7661784
1 7866447
1 4228238
1 6330025
1 8421513
1 6135848
1 3968583
1 9451087
1 8743387
1 4943949
1 8917851
1 2088261
1 8205166
1 5385642
1 6574121
1 1399619
1 4978466
1 933305
1 9222274
1 4297938
1 6318354
1 9445596
1 7119252
1 4235563
1 8932818
1 2527205
1 4714015
1 3072080
1 1303180
1 331397
1 2501043
1 9653630
1 3537621
1 4611231
1 6102974
1 6308552
1 8400639
1 9267230
1 7320762
1 801372
1 5676985
1 6951606
1 1736283
1 3278613
1 4690506
1 2029522
1 777993
1 6885260
1 1013162
1 5334164
1 425661
1 4858163
1 7001329
1 5389056
1 2228015
1 7962013
1 8657450
1 9835907
1 6789716
1 2786490
1 803496
1 3153858
1 4882602
1 2584046
1 1070052
1 591665
1 2440670
1 5242699
1 9871130
1 6304153
1 7306356
1 1823777
1 9447406
1 3895388
1 4231933
1 1392552
1 306059
1 5766744
1 1652770
1 4993099
1 1819081
1 474202
1 5919446
1 3932425
1 1412913
1 4588344
1 2891614
1 3476140
1 266152
1 7454870
1 5877124
1 4144757
1 7819360
1 7737144
1 2002194
1 8586209
1 4383403
1 6185285
1 1089440
1 1438838
1 6435527
1 2287704
1 7054215
1 2189935
1 2346574
1 574049
1 5466657
1 6187018
1 6563104
1 9156989
1 90201
1 8697244
1 9618353
1 4909651
1 5462573
1 9206866
1 8547286
1 3156060
1 939394
1 571317
1 2870785
1 220728
1 7244755
1 133847
1 6020300
1 1427594
1 4208218
1 4456166
1 2051770
1 4283515
1 16466
1 4563591
1 9541399
1 5274476
1 1775764
1 9722110
1 9052944
1 9878336
1 4741427
1 5254249
1 5407317
1 4885506
1 9824187
1 6958528
1 1277834
1 5801568
1 2764834
1 3403961
1 9611262
1 7607630
1 2433958
1 9066221
1 7293592
1 8289009
1 5043009
1 2746881
1 6646658
1 9676345
1 8108656
1 5880603
1 7956399
1 876982
1 4681784
1 5061975
1 7552863
1 6821436
1 8572359
1 798175
1 6509596
1 952270
1 2892321
1 164281
1 5630295
1 4994150
1 6094656
1 9341155
1 5797555
1 211891
1 9643134
1 3741044
1 4352970
1 3990354
1 7383353
1 1974718
1 6921143
1 1114152
1 2839597
1 5029597
1 5369877
1 1844593
1 7502377
1 4652842
1 1242636
1 3218467
1 1419052
1 3162098
1 1700560
1 3664140
1 8244699
1 2608271
1 1614974
1 9627261
1 8167995
1 1915320
1 9428164
1 302151
1 609050
1 9527325
1 7958985
1 1816914
1 37969
1 1867892
1 7461667
1 3181046
1 8461839
1 5295918
1 1582119
1 4038105
1 8999612
1 2561811
1 7272701
1 750200
1 149034
1 4602304
1 8779055
1 6956110
1 2934188
1 7315268
1 1039781
1 3436813
1 2751279
1 9774716
1 7632924
1 7306387
1 1224865
1 7552895
1 5139962
1 3758343
1 4219153
1 4745432
1 2755198
1 2503292
1 2182621
1 3220659
1 7895752
1 6407114
1 5611705
1 8382121
1 4017697
1 6561307
1 4235181
1 2403480
1 5044258
1 2023419
1 8875698
1 221648
1 9227653
1 1019977
1 740746
1 9325231
1 732839
1 6676065
1 8009597
1 9465310
1 795035
1 5484394
1 5212823
1 5558950
1 9933364
1 8992919
1 6196652
1 154608
1 8692699
1 4455893
1 8047999
1 7089786
1 1245889
1 7530724
1 3547214
1 5286552
1 4035747
1 1832794
1 443750
1 9252339
1 2685152
1 9832868
1 2304103
1 7819599
1 7156338
1 5321598
1 8257402
1 526557
1 1892055
1 9781103
1 9417892
1 4362271
1 1011744
1 7100424
1 5585190
1 438273
1 9849558
1 6725802
1 1435330
1 1913202
1 4188431
1 200324
1 4744474
1 7397084
1 2363466
1 150881
1 661094
1 5120583
1 8572569
1 7924424
1 6588054
1 7416525
1 4530710
1 8582115
1 2050580
1 4167150
1 6768598
1 9242089
1 6551909
1 9587174
1 9921636
1 6691314
1 6310089
1 5745377
1 2191994
1 3889108
1 2588026
1 5371599
1 5758675
1 6037951
1 2619371
1 9423032
1 2729178
1 6821815
1 3026352
1 5477352
1 1054717
1 2238756
1 6555510
1 202739
1 8693780
1 7506320
1 5606894
1 3118740
1 6789511
1 7959611
1 414573
1 8449512
1 4375454
1 4947816
1 6633587
1 5792306
1 424081
1 3541275
1 9793027
1 7068004
1 7572818
1 6160343
1 9192903
1 2284097
1 3114416
1 3009572
1 7032350
1 5669951
1 9805657
1 8000130
1 8154747
1 1569204
1 3045412
1 9242183
1 2436954
1 3764957
1 8313754
1 2697606
1 98166
1 5037469
1 9776451
1 104614
1 2234264
1 3953877
1 5789599
1 1241674
1 3525072
1 2127363
1 2619899
1 7658482
1 9439207
1 7416523
1 4888303
1 6524737
1 9546621
1 1420084
1 1321315
1 4826417
1 8758943
1 860141
1 3630082
1 434138
1 7017517
1 8418511
1 5739384
1 7390424
1 1795076
1 6706891
1 8636883
1 6202409
1 3161452
1 3476646
1 3934738
1 8370783
1 4245354
1 3191222
1 2668036
1 6203145
1 3353478
1 4923222
1 9648529
1 2859601
1 5664295
1 2536039
1 8149655
1 3660526
1 9594262
1 6240198
1 4391794
1 9339629
1 2994809
1 4446364
1 9619651
1 8167543
1 9268260
1 3730957
1 4529945
1 5827615
1 3892446
1 7089761
1 8240329
1 1228173
1 7094354
1 6216346
1 3983603
1 215325
1 439259
1 9738859
1 112707
1 9509939
1 7279215
1 8155979
1 5819022
1 575475
1 8475121
1 3609959
1 1682330
1 6073995
1 2112714
1 8220469
1 7051619
1 1206948
1 9617790
1 3550004
1 645659
1 1532605
1 5774511
1 221056
1 4057418
1 7740634
1 8930647
1 5386486
1 8078895
1 163143
1 9757326
1 9420915
1 3709024
1 2712666
1 7448085
1 6352552
1 4091884
1 1873723
1 8138852
1 4714278
1 6026114
1 564297
1 6645920
1 9688658
1 6896236
1 9228362
1 2380496
1 8587493
1 8688145
1 3878204
1 1843504
1 9458217
1 7404339
1 3540830
1 2018119
1 7855966
1 8990699
1 5047504
1 9229787
1 4031863
1 3567037
1 7228114
1 1165299
1 9957723
1 8280795
1 1754894
1 7949868
1 1058499
1 372135
1 4996840
1 1846621
1 9191531
1 7366303
1 4285937
1 3932349
1 9349880
1 6829548
1 7572542
1 8271691
1 4772849
1 5964551
1 4384351
1 3054601
1 2093775
1 3128127
1 4395104
1 835363
1 5192644
1 2109984
1 4644157
1 6016688
1 1965452
1 8736262
1 2218041
1 6465739
1 4222247
1 1239598
1 3480575
1 1114373
1 7978375
1 402888
1 751008
1 2569894
1 2207161
1 885034
1 4538541
1 7657996
1 9072270
1 1527134
1 5479379
1 523669
1 5783107
1 5031473
1 6339393
1 7334132
1 5306435
1 2781428
1 9448644
1 8321485
1 815191
1 6559308
1 5064045
1 8294846
1 2061423
1 4331641
1 3485069
1 1094988
1 8915704
1 1875976
1 7500947
1 2092400
1 5833365
1 236619
1 2167913
1 9864818
1 9332269
1 6363010
1 3145709
1 7650853
1 4720873
1 8529045
1 8856946
1 6831133
1 563455
1 7223774
1 7956002
1 6890842
1 695708
1 7138641
1 3807288
1 6738688
1 8855585
1 249347
1 180662
1 29496
1 3333151
1 5744686
1 8436967
1 2365133
1 4404539
1 8415720
1 5565775
1 7979626
1 2125243
1 802279
1 2768525
1 5495127
1 8597218
1 8187887
1 5660740
1 9733866
1 8958035
1 8868876
1 6313847
1 4502582
1 8097185
1 7993808
1 4046646
1 8577783
1 8105351
1 566935
1 2657515
1 495926
1 799555
1 6376366
1 9438287
1 4047724
1 4358728
1 9824360
1 3748364
1 9932631
1 7333749
1 1459006
1 9354563
1 5373815
1 4263227
1 6845523
1 8802129
1 6772272
1 4762548
1 7217551
1 7320085
1 7074921
1 5734952
1 8886541
1 7741064
1 175868
1 9623985
1 7286832
1 6765781
1 9688371
1 7921732
1 7171681
1 9127941
1 7635243
1 4562520
1 3496548
1 918502
1 5693111
1 416392
1 1005971
1 7112775
1 6404803
1 4199598
1 2185197
1 1698575
1 2865414
1 1731013
1 2886809
1 1402936
1 85548
1 621868
1 2948519
1 7323733
1 9776115
1 618440
1 9999933
1 5144550
1 307983
1 3434905
1 8334417
1 958514
1 3958981
1 807932
1 8858569
1 4926538
1 6182994
1 739283
1 1805633
1 4473074
1 554418
1 4390654
1 3445816
1 4236459
1 8361713
1 7080733
1 937312
1 9710207
1 4764644
1 3271028
1 9256554
1 7172473
1 3204251
1 6844818
1 7923766
1 3846297
1 4180534
1 92153
1 7342465
1 9352398
1 9664537
1 8732055
1 6903410
1 5390102
1 2532978
1 7048289
1 8651660
1 5383441
1 1716372
1 747604
1 2317520
1 3666119
1 7724123
1 9672853
1 5987201
1 8620804
1 793402
1 5838751
1 4251460
1 2365712
1 338082
1 8688270
1 6118408
1 3651883
1 6914193
1 6859936
1 8700781
1 2265335
1 1880497
1 8932261
1 187334
1 4627880
1 4016878
1 1357946
1 3564806
1 4453323
1 6526214
1 5496168
1 1668376
1 6456200
1 8876055
1 9434333
1 8215961
1 7209344
1 2646806
1 30792
1 9243200
1 783105
1 510624
1 6877745
1 5899147
1 9161554
1 384026
1 2174023
1 8198115
1 9761356
1 6034698
1 4394172
1 871229
1 2515715
1 4125011
1 217097
1 227274
1 5781947
1 566709
1 8402189
1 782882
1 7266418
1 4496979
1 7314503
1 1716584
1 3301154
1 3553530
1 5179448
1 4002633
1 2760273
1 9977446
1 8198173
1 7391777
1 8647608
1 2934199
1 3609212
1 1206922
1 973952
1 4790281
1 6772981
1 6621726
1 2888411
1 3201812
1 7851384
1 968614
1 8383410
1 8491543
1 4759154
1 3057307
1 3389463
1 6760332
1 5428217
1 4819407
1 271480
1 5798970
1 4830623
1 4619185
1 4402976
1 1788919
1 5012094
1 4738741
1 9299893
1 5460882
1 5065717
1 1609162
1 4421675
1 7477737
1 1019681
1 8990539
1 3241293
1 7821312
1 417421
1 5141504
1 3407381
1 5259186
1 7986846
1 8154721
1 2153929
1 191312
1 3261665
1 5032968
1 9821147
1 4829370
1 2396872
1 1860188
1 6423812
1 960222
1 4947516
1 274853
1 1625807
1 9235700
1 9248603
1 2992860
1 8108009
1 8250992
1 5968886
1 1633220
1 1624454
1 1964057
1 1503501
1 2606774
1 6709061
1 2467606
1 159179
1 4823609
1 5361984
1 9910970
1 2596340
1 8458824
1 8796028
1 1425720
1 5629723
1 998296
1 1926304
1 8157825
1 5974898
1 8943320
1 5762907
1 9755874
1 255785
1 3247202
1 2747489
1 2062808
1 1630336
1 8084580
1 1369905
1 860785
1 4350354
1 214535
1 7905936
1 7666103
1 3035861
1 6526648
1 3461641
1 9747857
1 5505171
1 6979507
1 8501437
1 7613346
1 4094928
1 3643203
1 8192721
1 5811324
1 3521199
1 5901567
1 2056094
1 7751696
1 6054053
1 6987829
1 1527346
1 7968309
1 7193435
1 2059731
1 9206221
1 8379682
1 1475280
1 904297
1 5078735
1 6891137
1 6105550
1 9302774
1 6254850
1 4690437
1 742572
1 1456667
1 8153619
1 3866133
1 7366508
1 7942056
1 9281612
1 3701552
1 4501568
1 2633749
1 1852688
1 1855335
1 3587137
1 747882
1 5664936
1 1030679
1 3017161
1 8134605
1 7992399
1 4722108
1 4817619
1 5104420
1 3269560
1 1257935
1 6979592
1 6982515
1 349878
1 9923115
1 6477968
1 5541518
1 4532516
1 3935310
1 4190594
1 6249174
1 9347476
1 5237097
1 8725112
1 6101537
1 1407094
1 7779094
1 6034460
1 6952859
1 2263108
1 7740665
1 2523070
1 7678266
1 4761733
1 619946
1 9408800
1 9178889
1 1280763
1 3499912
1 263296
1 3490167
1 2787367
1 7832679
1 5157328
1 2135294
1 1560934
1 1266413
1 9313843
1 6726485
1 5205133
1 6993485
1 6595853
1 4640465
1 3691826
1 7279643
1 5720467
1 2611500
1 6860817
1 1532452
1 242153
1 5984939
1 8284899
1 1225669
1 6146463
1 9168078
1 7188446
1 8183394
1 6824132
1 9195918
1 2535162
1 9197943
1 5097456
1 4551912
1 9032543
1 6339042
1 4644474
1 7648000
1 4745536
1 811874
1 6412998
1 2994678
1 703119
1 5573338
1 5498192
1 943584
1 2816719
1 5603515
1 1717063
1 8680007
1 886835
1 5907423
1 2962670
1 8050220
1 98440
1 4021862
1 735736
1 4562319
1 3688521
1 9834341
1 1353547
1 5195102
1 5464039
1 7994081
1 8818392
1 6552584
1 6476867
1 8632252
1 1153419
1 917690
1 9483966
1 5594816
1 5207884
1 59717
1 7536122
1 2640482
1 6652121
1 6993832
1 4647446
1 1788439
1 1563414
1 3284198
1 2598540
1 1685582
1 7489547
1 8903176
1 9584473
1 692905
1 7081209
1 8044140
1 7873250
1 8653682
1 6239470
1 1200790
1 4708778
1 9560665
1 8546506
1 9491757
1 4083914
1 1778558
1 8115497
1 6912505
1 8773342
1 9660361
1 4865262
1 2521896
1 9215050
1 7710691
1 2957611
1 222733
1 5865440
1 899197
1 9920046
1 7917375
1 9492588
1 1388532
1 9263956
1 7288541
1 9033632
1 6851030
1 2712710
1 2778145
1 1647749
1 7619106
1 109030
1 9269693
1 9341240
1 1155537
1 6745607
1 2527716
1 3524615
1 4489285
1 7100375
1 5725485
1 1648602
1 1231390
1 953961
1 8759938
1 5785396
1 5453107
1 2242750
1 9811000
1 9940033
1 1378818
1 3416651
1 8772790
1 6495972
1 6743900
1 4672857
1 2495755
1 4502970
1 1884721
1 1203757
1 6230880
1 4511985
1 7324332
1 2753251
1 6061428
1 1847011
1 1327801
1 8179707
1 2199774
1 3735147
1 6428596
1 2737876
1 7340501
1 114012
1 6320012
1 5173345
1 604332
1 1437063
1 4743731
1 1771493
1 9439086
1 8983139
1 40325
1 8538308
1 4505026
1 3441437
1 2672196
1 2434023
1 725080
1 6273340
1 4339380
1 4373316
1 9631633
1 1025601
1 1069728
1 5963231
1 5396464
1 647353
1 9825709
1 8806361
1 964906
1 8311719
1 3053926
1 5559420
1 2979109
1 4514804
1 5967606
1 501771
1 7626952
1 5491486
1 3339122
1 9405934
1 9520629
1 693520
1 7051866
1 8502902
1 3637313
1 4672237
1 8991795
1 1541211
1 8680359
1 7221580
1 6720480
1 9889453
1 7844658
1 3830409
1 7007583
1 9293003
1 4009063
1 1386865
1 466884
1 6302422
1 3360409
1 1066061
1 6838386
1 2083093
1 1598323
1 9779447
1 4920920
1 1030080
1 6966060
1 9330198
1 1871664
1 4542499
1 4231275
1 3837559
1 3063145
1 6452528
1 4479718
1 602687
1 1510586
1 1147882
1 9898559
1 3788583
1 3513538
1 8112575
1 4786514
1 6100435
1 762356
1 664851
1 1104371
1 1576718
1 8915494
1 8918159
1 9341436
1 6452598
1 8101380
1 9738511
1 6204841
1 6314195
1 9774336
1 6546998
1 433991
1 1626528
1 6815822
1 4831324
1 8725613
1 6350205
1 5627430
1 8678529
1 1769185
1 6185381
1 3099972
1 8694369
1 7868358
1 7245431
1 5399550
1 4577857
1 7061208
1 6603851
1 717670
1 1575169
1 7705549
1 912814
1 7105971
1 6186212
1 1154463
1 8909280
1 9994872
1 3036038
1 8699885
1 476745
1 3033296
1 4235771
1 2441180
1 4605031
1 6296347
1 4312382
1 5309500
1 1903020
1 5401831
1 5511615
1 2932349
1 1256694
1 3014845
1 5093345
1 9016064
1 3509164
1 3153358
1 1919823
1 3533625
1 4060505
1 735152
1 831629
1 2141609
1 9863390
1 7646880
1 7894550
1 3461716
1 6737681
1 4260890
1 1436010
1 3021129
1 4424829
1 6088987
1 7609203
1 2103792
1 1386369
1 7541944
1 7204963
1 7866087
1 153066
1 6330123
1 230720
1 4806954
1 2065759
1 7252099
1 9655856
1 4206816
1 2731722
1 4572029
1 8413936
1 7948616
1 5825274
1 1759593
1 5282553
1 3940665
1 3373598
1 323561
1 1843263
1 972327
1 1392999
1 6056777
1 2926520
1 4121976
1 9297319
1 2006204
1 9533751
1 8255961
1 6356239
1 997614
1 6127687
1 6470793
1 6100224
1 6851354
1 7863183
1 3971746
1 6772953
1 1503044
1 9205703
1 5205812
1 5760387
1 5635803
1 8893383
1 6294518
1 2312226
1 9119966
1 5152633
1 638547
1 2368974
1 5863379
1 2315947
1 3888710
1 4162989
1 49747
1 1468375
1 1911482
1 3546013
1 7595475
1 2267684
1 1335832
1 4821440
1 8369266
1 7075319
1 3365260
1 3616302
1 3350441
1 4251749
1 7577985
1 9432987
1 3195288
1 6986076
1 2009091
1 976830
1 985291
1 234287
1 174741
1 6992958
1 4667814
1 5147455
1 2089500
1 2782722
1 7740688
1 7272914
1 7086335
1 6259210
1 6521566
1 4692454
1 9756596
1 1557837
1 9053717
1 9105627
1 398500
1 459775
1 8762059
1 5317434
1 2214286
1 9350014
1 8466789
1 2212936
1 4335291
1 3671011
1 2706114
1 6394858
1 9932930
1 3041042
1 9230319
1 2089099
1 1124281
1 7285142
1 802173
1 2368537
1 8993941
1 909440
1 5490282
1 5328387
1 1990122
1 6050620
1 250516
1 9419129
1 1341051
1 7978741
1 3634771
1 4068817
1 6504244
1 2761112
1 1553253
1 6855085
1 4376537
1 7285658
1 7153552
1 9970656
1 9973714
1 6721381
1 5713375
1 2115786
1 5869715
1 1370060
1 4313948
1 8478058
1 1334203
1 2155292
1 7490114
1 2781534
1 7249433
1 2479458
1 7297957
1 3572302
1 4462255
1 1300279
1 6356485
1 7097132
1 5001852
1 8013545
1 1062628
1 9861477
1 4233911
1 1415316
1 5231746
1 807050
1 3483251
1 7510803
1 6733659
1 1267789
1 8784619
1 6789340
1 5892398
1 1661917
1 3309974
1 1080174
1 5582439
1 6913887
1 7167730
1 1756613
1 2298184
1 8501786
1 9863701
1 7649
1 4181519
1 3112170
1 8950118
1 5107102
1 7998759
1 6429551
1 9000078
1 1274988
1 1189136
1 5837178
1 6278541
1 2961360
1 8291107
1 2021797
1 9479297
1 1100333
1 6624691
1 9056692
1 8807740
1 6587645
1 1227081
1 7331061
1 1436115
1 4847783
1 2661450
1 1123658
1 6446749
1 1932104
1 1579332
1 3489526
1 2906813
1 8830510
1 5505184
1 1336990
1 886187
1 7107166
1 6940363
1 9715264
1 4610158
1 3173056
1 3540050
1 3649893
1 6667566
1 5724933
1 7087744
1 8321870
1 4364522
1 1366197
1 840251
1 3293832
1 3138351
1 3404055
1 2384100
1 4896115
1 9147359
1 3337914
1 1222323
1 4376400
1 6193372
1 8689590
1 9517790
1 7140448
1 3273090
1 6018570
1 3070644
1 2929609
1 3031396
1 1721259
1 7531796
1 2226107
1 967720
1 9614379
1 1725397
1 870475
1 5582982
1 5562358
1 3176434
1 2543638
1 4200748
1 3159689
1 9009885
1 6788009
1 3380307
1 708708
1 4301163
1 4631323
1 2965571
1 2807905
1 7591778
1 9094789
1 8508772
1 3002504
1 9552534
1 1717113
1 3669987
1 2050957
1 9326802
1 8670670
1 879042
1 8946603
1 5503017
1 7127399
1 7497424
1 7078852
1 9998009
1 8938760
1 1549128
1 5692691
1 3785436
1 5165350
1 34747
1 3080503
1 7006755
1 4636194
1 926547
1 7480635
1 7850358
1 3986855
1 2938144
1 9437559
1 6082393
1 3425806
1 7521019
1 7619094
1 2296121
1 8906264
1 5972616
1 3172686
1 8880478
1 201984
1 7343034
1 3970406
1 6142234
1 8565938
1 2030159
1 1013915
1 1883864
1 5365090
1 8155876
1 6222467
1 7558176
1 8967865
1 4756723
1 2409854
1 8086465
1 7019435
1 5044889
1 9593496
1 6411054
1 9862473
1 5323723
1 9390675
1 782905
1 4519210
1 6531355
1 3110177
1 2289209
1 7066923
1 8058033
1 4875214
1 1138014
1 2653611
1 2853998
1 1848741
1 2968169
1 7752889
1 9403782
1 1783291
1 3858885
1 5625989
1 9244535
1 3137098
1 7609655
1 1672073
1 5736267
1 2045110
1 9642838
1 902038
1 6877919
1 4078544
1 5912811
1 4610068
1 4748903
1 6615724
1 8997989
1 317558
1 4140234
1 3313331
1 9392177
1 5205865
1 4854187
1 5665517
1 8201933
1 7557332
1 7674467
1 9788948
1 9657877
1 1958453
1 5110300
1 4935445
1 3053682
1 6592258
1 2125480
1 4660914
1 2586926
1 3061718
1 6452877
1 7904021
1 5834348
1 7764526
1 8529525
1 4106406
1 6030639
1 2486957
1 2890674
1 6752916
1 5789534
1 1939918
1 6874983
1 8572296
1 276457
1 3798015
1 571702
1 2958961
1 9629578
1 6192786
1 4466915
1 3136805
1 3352698
1 2476556
1 33581
1 1919090
1 1455994
1 6119342
1 9868839
1 5923021
1 6358339
1 5847144
1 862143
1 8805235
1 8965154
1 3753385
1 3197252
1 6065008
1 953377
1 966401
1 7955148
1 6404019
1 5207885
1 1464864
1 7248908
1 6957365
1 6813420
1 9267646
1 9432796
1 8562022
1 9142885
1 5690265
1 7119486
1 7426200
1 8046935
1 3429127
1 5431165
1 7271307
1 5093521
1 9488129
1 2259541
1 3170374
1 8116130
1 9143370
1 9038663
1 7455139
1 6625723
1 7030779
1 6447755
1 1764529
1 6435101
1 25698
1 5057782
1 8375196
1 4132718
1 3722502
1 8173144
1 1830267
1 9531939
1 8761697
1 9589931
1 9842419
1 8815236
1 5587462
1 172011
1 3117595
1 4315853
1 1837730
1 3050787
1 3165079
1 7287100
1 2797400
1 4639890
1 9751944
1 9239288
1 9604953
1 3090432
1 2049250
1 7077460
1 4589590
1 3269398
1 7535872
1 7345903
1 6192522
1 1006829
1 4404397
1 890851
1 9458228
1 1098278
1 1518669
1 9245321
1 8011241
1 5712054
1 8394164
1 3009015
1 7562317
1 1049449
1 7488921
1 2235908
1 2519644
1 4027688
1 1059546
1 2327353
1 771969
1 8434854
1 3993498
1 6002595
1 5502445
1 6520241
1 817076
1 5620430
1 7562194
1 1855457
1 4819025
1 6290725
1 7679424
1 4683419
1 1899409
1 6579567
1 1384194
1 880975
1 6271112
1 6922559
1 4709644
1 2953039
1 4334785
1 7447489
1 6280870
1 7751080
1 7219784
1 6711412
1 685812
1 2367472
1 8167228
1 4791518
1 7610599
1 6059143
1 4673064
1 9282031
1 7360122
1 7021111
1 1686008
1 1541913
1 2104008
1 6712118
1 2087617
1 369039
1 3047469
1 5376833
1 5441396
1 8137506
1 3158461
1 283793
1 8907425
1 4560349
1 3152726
1 3113921
1 2108557
1 5439366
1 6702194
1 5906989
1 887234
1 4269069
1 7463106
1 4972865
1 7612318
1 676149
1 13869
1 6660009
1 9632552
1 8914651
1 9379726
1 2542712
1 3817204
1 6063010
1 8774739
1 4037200
1 9338676
1 8695240
1 7631103
1 3951823
1 7016555
1 5348071
1 3992574
1 7986502
1 5446319
1 2422173
1 9139843
1 8573885
1 2184600
1 8020627
1 2766961
1 2274318
1 2980754
1 6472447
1 6726739
1 8035519
1 5728056
1 4100140
1 4287037
1 4136817
1 9823389
1 912256
1 3356713
1 7739234
1 3970197
1 9792412
1 5341514
1 4421723
1 3982133
1 804116
1 1496238
1 1269807
1 4011462
1 1556083
1 3626234
1 7000094
1 2458390
1 4511587
1 2840965
1 5130387
1 4913603
1 2983121
1 1614471
1 5640134
1 913822
1 8122729
1 7330769
1 8706169
1 6277730
1 3696897
1 6384757
1 2172462
1 9867373
1 3398031
1 7938202
1 8615752
1 7390397
1 8394259
1 7589794
1 5580506
1 5388756
1 1156519
1 6411105
1 2692958
1 5661995
1 8219465
1 6307093
1 818565
1 8587920
1 6935843
1 6261840
1 3324078
1 5994301
1 9515953
1 3580866
1 1022862
1 3163808
1 9684841
1 6106285
1 3141726
1 3809426
1 5888638
1 7273374
1 4151694
1 5653608
1 9591571
1 8630117
1 5357567
1 2295982
1 4503638
1 3075319
1 2781569
1 2348777
1 7389278
1 3726941
1 3180284
1 8428909
1 2946032
1 1556740
1 5712323
1 6325869
1 3231124
1 1057458
1 6331056
1 5072420
1 8621181
1 1365654
1 5866869
1 6461224
1 7888511
1 6071274
1 4938193
1 9111322
1 390240
1 8451417
1 46610
1 7797430
1 9357467
1 1909936
1 2792287
1 5936913
1 5350523
1 8150049
1 1456755
1 5514873
1 628763
1 6443194
1 3216550
1 8305705
1 8015409
1 2242756
1 5162613
1 9202856
1 7588812
1 2387477
1 6485702
1 8167023
1 6011059
1 2491406
1 5578366
1 3756562
1 7226436
1 6272444
1 5301384
1 8121531
1 826267
1 2798406
1 6178571
1 5215688
1 1000499
1 9128559
1 5028862
1 9050506
1 9687672
1 5445017
1 704780
1 1741387
1 7199219
1 5724303
1 408463
1 8624012
1 5051858
1 6978367
1 906004
1 7743145
1 2984800
1 8716796
1 3943119
1 9955915
1 2746541
1 4587573
1 1049736
1 3926114
1 1888765
1 3332315
1 5094262
1 1655242
1 9174755
1 8168344
1 3886515
1 1677705
1 7089797
1 1055575
1 6932109
1 3565994
1 5270822
1 4396390
1 3231370
1 8764896
1 5554457
1 631464
1 6929092
1 6894017
1 5652309
1 9937333
1 3337592
1 1745154
1 9847197
1 5511727
1 1716097
1 2372775
1 9300896
1 9572625
1 9636489
1 6923380
1 3275293
1 4043203
1 916124
1 1125356
1 1530078
1 7846287
1 2561011
1 325881
1 9842829
1 9477121
1 3342183
1 6584017
1 8422850
1 3755279
1 84425
1 2070639
1 4545091
1 8089490
1 1658857
1 985234
1 3117808
1 5574079
1 1135535
1 716329
1 9715598
1 1139353
1 105929
1 7663986
1 8099373
1 6725643
1 7849904
1 9041454
1 9219708
1 4651647
1 1569753
1 390183
1 9110964
1 4199043
1 9520445
1 6203388
1 1972962
1 6046246
1 4397904
1 3063652
1 1388188
1 4469587
1 4959695
1 6857030
1 4131978
1 9858617
1 4196610
1 3286723
1 3529977
1 824591
1 3634148
1 9085227
1 9983000
1 1266354
1 4570490
1 5349012
1 590605
1 7419920
1 6710972
1 3138323
1 9787991
1 6407981
1 4258934
1 7589757
1 1742868
1 5818960
1 8074166
1 4732529
1 4998063
1 809545
1 8792480
1 6029974
1 6663982
1 7476693
1 2013707
1 1778517
1 7500416
1 2190354
1 9889232
1 460339
1 988948
1 3620388
1 1730778
1 7404165
1 4042959
1 8143800
1 9531827
1 5182140
1 4634906
1 6333762
1 7120959
1 2141041
1 9600123
1 6754053
1 1163048
1 9682550
1 9899053
1 3924054
1 4582621
1 215027
1 5146694
1 4339541
1 6512725
1 9269781
1 5662261
1 4092162
1 2017677
1 1790148
1 2230269
1 2703152
1 2642443
1 2446458
1 6120321
1 7020237
1 7154664
1 9796882
1 8401162
1 8469474
1 9679457
1 1533275
1 3462682
1 9695374
1 3093031
1 7752197
1 9555045
1 7295129
1 2519733
1 1968310
1 9233494
1 9510905
1 6788983
1 8888825
1 9335077
1 2368764
1 887995
1 8617737
1 7208175
1 6971555
1 1401798
1 5177731
1 6312558
1 9681907
1 4931847
1 4865662
1 3949989
1 7062658
1 8849863
1 9616854
1 6830299
1 8519216
1 4923851
1 4006857
1 6427952
1 4228284
1 5166410
1 2790621
1 2457642
1 7292660
1 4089727
1 3658608
1 7251877
1 1489510
1 6028892
1 8980432
1 1099586
1 4107062
1 4620596
1 6091147
1 3420445
1 5537786
1 6026111
1 6401115
1 8166791
1 1524066
1 2972505
1 429248
1 1758553
1 3768202
1 3075613
1 6509603
1 8299261
1 1298583
1 7092658
1 1351917
1 307824
1 6387227
1 1690147
1 4234014
1 4350578
1 4793269
1 9451304
1 7565773
1 9912495
1 782176
1 1834671
1 6229825
1 7903310
1 644599
1 3936790
1 494889
1 5476336
1 8160228
1 1617458
1 8688672
1 8809549
1 96700
1 4306070
1 3958574
1 6383507
1 4443414
1 1263143
1 4734929
1 7610880
1 3751996
1 4830517
1 8028982
1 9521315
1 753649
1 9438052
1 6531317
1 6292962
1 8732637
1 8925952
1 9668480
1 6492985
1 5026216
1 5092453
1 5674383
1 583298
1 612249
1 3106929
1 931661
1 7841587
1 8353804
1 5619193
1 52952
1 838815
1 6290170
1 8730230
1 172834
1 869799
1 8388997
1 7888357
1 2293549
1 5314488
1 3977125
1 9711131
1 8882283
1 8321882
1 3580683
1 8601988
1 589342
1 55797
1 5777099
1 355729
1 4647278
1 6494943
1 6080722
1 7644467
1 457811
1 1263112
1 6237228
1 4074031
1 5875641
1 891891
1 43731
1 8667136
1 3701698
1 2629342
1 2123500
1 8150585
1 9491781
1 8992635
1 4680222
1 8185476
1 5939873
1 4825566
1 1075145
1 8417663
1 9466537
1 1741644
1 6153831
1 7607522
1 3960471
1 9125290
1 484306
1 4991667
1 9070729
1 2420113
1 8427192
1 9086132
1 8751297
1 4043034
1 1595108
1 2258398
1 9160049
1 3650457
1 7682811
1 2688352
1 3067507
1 9837915
1 1987171
1 3807159
1 9747473
1 3782588
1 3779501
1 3378133
1 8638311
1 7450359
1 1014971
1 759696
1 5481399
1 9166958
1 2286689
1 1722742
1 5212279
1 9896683
1 9111123
1 2606644
1 1631924
1 1414865
1 8208114
1 8647389
1 8106854
1 4247366
1 9524169
1 2548564
1 6570757
1 5710257
1 9496696
1 92026
1 556309
1 2266514
1 3038762
1 228445
1 388727
1 1627165
1 8173099
1 2658433
1 7725444
1 7784667
1 345839
1 7930479
1 9929650
1 6496495
1 7716090
1 2093258
1 5958778
1 9075070
1 1329045
1 3000329
1 4443802
1 7892588
1 3441045
1 3186406
1 5615143
1 3912225
1 3184145
1 7302878
1 3844365
1 7753907
1 6669173
1 6656498
1 7705534
1 4049029
1 5878873
1 7835451
1 8723128
1 2789001
1 8370128
1 1353220
1 3842163
1 8148393
1 7557249
1 3133884
1 967516
1 6047957
1 2578326
1 4721548
1 3919273
1 5962079
1 3575271
1 3359298
1 4275221
1 3211442
1 8792190
1 2110893
1 5833307
1 7007803
1 7277952
1 9410477
1 4579295
1 1971542
1 8836820
1 4280830
1 1673009
1 2083522
1 1599911
1 5168382
1 1570216
1 8286611
1 4535544
1 1279125
1 6899990
1 2354915
1 3290772
1 7045256
1 43573
1 8063688
1 4625108
1 8665262
1 468270
1 5858342
1 5498189
1 1037092
1 7784814
1 6310609
1 4337408
1 5146350
1 6127495
1 7918191
1 1483510
1 4296875
1 2889331
1 4060091
1 180547
1 5869082
1 7680825
1 56466
1 9149223
1 7588162
1 6398270
1 2360564
1 6010615
1 6389421
1 7574012
1 1487927
1 6132589
1 8514160
1 7783693
1 4483369
1 7129403
1 6148566
1 1260550
1 5083408
1 665789
1 6857580
1 8887602
1 2021746
1 9791579
1 317698
1 7490529
1 4596483
1 5060710
1 7475085
1 2779469
1 8577018
1 2020499
1 7316527
1 7374329
1 6383901
1 7166324
1 8403569
1 9101008
1 8625670
1 2667720
1 8709995
1 1640905
1 3202354
1 7700966
1 7491217
1 2674804
1 8668033
1 746976
1 6939451
1 1147003
1 1435407
1 3902171
1 6328400
1 6053153
1 4476575
1 9438590
1 6400272
1 5728635
1 6790904
1 5243958
1 384936
1 6918165
1 9312639
1 7778113
1 2368349
1 6944605
1 5806779
1 3999745
1 9886349
1 9610900
1 2438994
1 3719253
1 8002202
1 6724579
1 5985011
1 5426156
1 7601847
1 9345645
1 8421916
1 3449681
1 436516
1 8496593
1 6486011
1 2600445
1 5187923
1 6990786
1 9373331
1 4176460
1 5929568
1 2580717
1 3858526
1 22970
1 6172135
1 8034427
1 1505765
1 7123197
1 8935975
1 4215144
1 2532924
1 7566359
1 427877
1 2803181
1 8446729
1 3725025
1 290010
1 6041019
1 2759865
1 1889495
1 3811540
1 3566918
1 5738618
1 841431
1 7496125
1 3862277
1 6217875
1 9511745
1 992326
1 1409724
1 8299332
1 3925505
1 4594208
1 3677522
1 1949020
1 7237874
1 7850950
1 9439635
1 2553448
1 1048985
1 8174861
1 3939367
1 3159013
1 4893920
1 4768040
1 2469602
1 1337971
1 2252722
1 7034776
1 5918796
1 846600
1 6289481
1 9662952
1 6948665
1 2775396
1 6644285
1 6383705
1 168417
1 5828053
1 1877245
1 3009942
1 769057
1 1856641
1 1758455
1 1889107
1 8191475
1 4612184
1 6405193
1 7607243
1 2386819
1 1729870
1 3954754
1 7420816
1 4913472
1 2360196
1 3455521
1 7546802
1 7779777
1 4838990
1 8576015
1 2358190
1 500268
1 9241763
1 6877249
1 9771042
1 626948
1 2096450
1 7785415
1 7267439
1 8472219
1 5059631
1 2732786
1 5944008
1 5557921
1 942034
1 9513407
1 4501606
1 3804501
1 1631912
1 8841116
1 3126092
1 9417826
1 4093766
1 2101226
1 4873173
1 8603176
1 968204
1 2104244
1 5658493
1 6273431
1 2858539
1 7664563
1 637627
1 9899591
1 8417310
1 185069
1 1354164
1 2878641
1 8861581
1 4928633
1 9029455
1 4728305
1 5694108
1 2799303
1 4414828
1 6901233
1 6699309
1 8317654
1 8128152
1 6648236
1 4718322
1 8125807
1 8438646
1 1425687
1 8582695
1 7904925
1 211751
1 2853639
1 2300464
1 9743645
1 1084678
1 4786785
1 8695629
1 1974969
1 5653896
1 4011875
1 7671824
1 261523
1 1755053
1 7371852
1 2776329
1 8087799
1 4621586
1 4774772
1 3691031
1 8693848
1 3683309
1 1774300
1 9828323
1 8993344
1 4369279
1 7079619
1 1676135
1 1710746
1 3340387
1 5201880
1 4307120
1 4031313
1 6279257
1 417313
1 1227328
1 9415859
1 7337476
1 578843
1 5886055
1 9791760
1 9794151
1 1582035
1 662027
1 4752593
1 1772011
1 6843375
1 5425966
1 168342
1 2333148
1 2234124
1 5957788
1 8932674
1 8190373
1 599636
1 1639890
1 8736308
1 3238847
1 6474048
1 1407554
1 4919593
1 2632515
1 4625218
1 1380639
1 7491019
1 3025845
1 9602407
1 1744626
1 4214998
1 5885647
1 9013836
1 3341119
1 8479646
1 6037566
1 7771876
1 4352346
1 7172805
1 3887983
1 600610
1 8752576
1 721062
1 6311553
1 7660674
1 4768221
1 4524053
1 9422334
1 7515415
1 5095096
1 7852713
1 453543
1 3964695
1 8077545
1 4577880
1 190339
1 1249761
1 7925673
1 6990735
1 892760
1 9567687
1 667647
1 5668189
1 4188498
1 869560
1 4638896
1 8620720
1 3021634
1 5539600
1 2901748
1 6426812
1 3428969
1 3216285
1 9415965
1 7718931
1 6724318
1 8286767
1 8974799
1 9913134
1 6068710
1 6040634
1 9404876
1 2032948
1 4459046
1 2366381
1 9846411
1 7526924
1 5246103
1 8884677
1 5000410
1 3852009
1 471015
1 2108145
1 3854977
1 7841140
1 9306284
1 6005235
1 1223358
1 1173818
1 2441709
1 6050524
1 1755402
1 9572242
1 1795974
1 8555990
1 9831068
1 2871379
1 3577273
1 5837728
1 3732472
1 564326
1 3591530
1 6536501
1 7961410
1 7613253
1 3430225
1 301397
1 2687092
1 2884739
1 6015079
1 2212146
1 253171
1 8709102
1 4833916
1 2554937
1 7595167
1 1336818
1 569118
1 8743014
1 5634652
1 6312986
1 2955986
1 6021469
1 5746203
1 3004361
1 7037960
1 395315
1 3685256
1 1672827
1 234699
1 7322119
1 1559529
1 1254124
1 7147501
1 7006030
1 2229114
1 43168
1 2694045
1 7069558
1 5990803
1 1524768
1 9171687
1 2076449
1 9611303
1 1636646
1 5554607
1 5066368
1 5187687
1 5638689
1 7713839
1 4215446
1 1245251
1 6627934
1 7764323
1 9361313
1 7697905
1 4378450
1 6231667
1 4997673
1 2683580
1 44689
1 4683780
1 3156259
1 2985531
1 1194138
1 7454841
1 1190305
1 2665682
1 5197827
1 8570552
1 6972236
1 7410167
1 3747114
1 7793703
1 724705
1 6744712
1 8696301
1 3308323
1 9611378
1 8566707
1 2097140
1 2603891
1 6425355
1 4596788
1 5450865
1 3719867
1 7785710
1 60143
1 226368
1 9784943
1 4182667
1 1696907
1 8810187
1 8171239
1 2181351
1 8298688
1 8288224
1 8572911
1 7367073
1 8221023
1 7971612
1 6181709
1 9607015
1 9985894
1 3351456
1 5669656
1 1803625
1 8818305
1 814515
1 2771041
1 5233847
1 9103782
1 596658
1 2637889
1 2863692
1 8092091
1 4300751
1 2788863
1 3698902
1 7498927
1 9442277
1 2380866
1 6403155
1 1715065
1 971423
1 4748443
1 3045078
1 2381256
1 2736267
1 8803028
1 7914673
1 3661645
1 815971
1 3267855
1 8291701
1 8979511
1 7957824
1 3119854
1 7946667
1 6554659
1 6393391
1 6169703
1 7243373
1 120496
1 4440525
1 5992917
1 465697
1 4147451
1 3015584
1 6869422
1 5572605
1 5962177
1 491898
1 5899622
1 8344899
1 765102
1 1262948
1 2878442
1 7777549
1 2029389
1 6760627
1 5215434
1 1246532
1 9705444
1 6304111
1 2287609
1 4569728
1 8198550
1 3233513
1 2036483
1 1197754
1 8930179
1 1011387
1 5416056
1 8592741
1 7339365
1 3483028
1 2095379
1 9028699
1 7847691
1 5820104
1 8746688
1 2843021
1 1929007
1 219177
1 955439
1 1684335
1 5030816
1 8965979
1 5896390
1 9597511
1 3684951
1 8947794
1 6499838
1 6549888
1 1024556
1 8320633
1 115429
1 5605333
1 2266952
1 3406474
1 698541
1 4426747
1 5258160
1 3638528
1 1775311
1 3027340
1 1677946
1 9908219
1 9565841
1 1073715
1 8835351
1 5127384
1 646807
1 9605156
1 4102555
1 7477604
1 7160191
1 7845392
1 519928
1 9240256
1 2819895
1 2865747
1 3893266
1 8282922
1 6985134
1 3935857
1 9938497
1 4550139
1 3699259
1 4633051
1 1737994
1 6743799
1 1360451
1 8936520
1 5108167
1 2042906
1 6775370
1 7793925
1 2193630
1 8862707
1 2879713
1 5054883
1 8342905
1 2492118
1 160087
1 5472868
1 5368322
1 259206
1 8158937
1 8755736
1 5946833
1 9362315
1 3674663
1 5569949
1 6108184
1 6204188
1 3558605
1 2829710
1 8484515
1 4273462
1 8976106
1 3535416
1 9410104
1 1510055
1 2592256
1 1117064
1 1948782
1 2206544
1 5707440
1 5425896
1 1195190
1 711459
1 3860077
1 35589
1 8875049
1 1439770
1 2170329
1 3076053
1 9649936
1 6212657
1 1521294
1 8411602
1 1129869
1 4192948
1 8747765
1 2330987
1 2337997
1 1178690
1 2556645
1 7045149
1 326687
1 2257063
1 7934047
1 3767816
1 3106572
1 7933160
1 8102196
1 616164
1 6713376
1 7149666
1 4960369
1 7947113
1 6112494
1 2763964
1 664115
1 3686018
1 2616153
1 1801713
1 7166470
1 304009
1 2941812
1 8057474
1 9585066
1 5122731
1 8663205
1 909587
1 190032
1 6656250
1 5159924
1 755593
1 7448889
1 8758656
1 6048708
1 9420813
1 9855810
1 5946736
1 4267525
1 943043
1 5461433
1 5711645
1 7372292
1 6491976
1 3774188
1 6118043
1 7017695
1 2130438
1 3860355
1 2154431
1 6082925
1 7658498
1 4776438
1 2316447
1 4278474
1 1604752
1 759215
1 9106796
1 5190432
1 3268207
1 6653711
1 7342364
1 6336270
1 9441033
1 9914009
1 2932295
1 508088
1 1630289
1 5850501
1 756860
1 1581955
1 346963
1 1115617
1 3289977
1 7616867
1 282446
1 4375855
1 7025803
1 1990642
1 1307597
1 5808566
1 7166858
1 7885634
1 2858496
1 368755
1 3726921
1 5803657
1 1015717
1 4669785
1 966797
1 6187293
1 5201503
1 7335961
1 4736579
1 4423498
1 5512898
1 3183747
1 2895080
1 2889423
1 9639487
1 2640236
1 8917437
1 3896535
1 565283
1 8671560
1 843225
1 5136517
1 4894451
1 5952480
1 4140376
1 3300508
1 906628
1 2274601
1 2251124
1 4993816
1 4509967
1 5525801
1 8205628
1 9580159
1 2159713
1 9361007
1 2930454
1 5839150
1 1319107
1 4654812
1 5494782
1 3526623
1 7596257
1 4047866
1 4995084
1 2015473
1 6325973
1 9959156
1 26240
1 5012015
1 5183504
1 1314895
1 8798401
1 6640152
1 1034740
1 1959605
1 4410230
1 2065539
1 8913159
1 6947827
1 8215221
1 872988
1 1470642
1 8979757
1 9691094
1 5277641
1 9294975
1 484543
1 6360265
1 2366313
1 4297003
1 6898581
1 9093698
1 8289536
1 7171726
1 7437974
1 8925065
1 2458191
1 4798278
1 1715728
1 5760815
1 9216610
1 4324196
1 9280305
1 5261654
1 4030095
1 561177
1 4669219
1 8395483
1 4508972
1 1942434
1 8159157
1 4036853
1 555833
1 7076228
1 4871075
1 8447881
1 667895
1 7274823
1 6530326
1 1741117
1 4378875
1 4934062
1 4858889
1 4714458
1 1959442
1 8430882
1 2890018
1 3758417
1 1374618
1 1654395
1 8018495
1 3188197
1 4761901
1 4907776
1 4512742
1 2227054
1 9944101
1 9063607
1 8374310
1 328272
1 1566769
1 5801281
1 8573620
1 4685969
1 7888305
1 9974971
1 1096930
1 7516266
1 4714312
1 7451120
1 2954128
1 4225945
1 9029153
1 6134747
1 6026364
1 5564711
1 3821141
1 1359240
1 294220
1 864155
1 863994
1 8908393
1 7421214
1 9516747
1 7905409
1 5524242
1 846635
1 5556653
1 4705219
1 1010326
1 1607159
1 7560558
1 8988710
1 4748503
1 135266
1 6058976
1 6937924
1 4448781
1 427043
1 1201879
1 4281856
1 7479604
1 1438978
1 7493044
1 3766072
1 1980352
1 5212567
1 1021009
1 5101352
1 9175064
1 715315
1 881481
1 8848515
1 6621607
1 904260
1 2546659
1 8092916
1 2663269
1 9824746
1 7333827
1 2513101
1 8152124
1 2986031
1 1483243
1 457442
1 2761852
1 8124344
1 5373164
1 1696340
1 6788058
1 2872462
1 8988050
1 9768315
1 6288614
1 8573756
1 5176368
1 4522822
1 4262972
1 1283840
1 6067845
1 4557671
1 586456
1 4114480
1 2196571
1 3555330
1 2107876
1 3267700
1 8605645
1 1927723
1 1907300
1 6190470
1 616551
1 2344718
1 1200854
1 2441679
1 933258
1 5597364
1 9813634
1 2732771
1 3480653
1 3745237
1 1286518
1 9197979
1 6995452
1 8872408
1 4624513
1 2521038
1 2366842
1 256918
1 844786
1 6473633
1 6043579
1 9855452
1 8618985
1 2567623
1 1239117
1 1306775
1 7521190
1 1232241
1 3733116
1 1061253
1 8731390
1 2969676
1 1392203
1 2556561
1 3873638
1 3895567
1 7914189
1 7068909
1 1461309
1 7011960
1 1545871
1 6189135
1 6939721
1 5784205
1 5149704
1 8185404
1 3464010
1 8198555
1 647362
1 901348
1 3702288
1 2676839
1 1978947
1 316063
1 5200510
1 929283
1 5179196
1 4998145
1 5598121
1 3570279
1 2120786
1 5716937
1 5587138
1 3165121
1 9251048
1 7435602
1 8617558
1 438280
1 5276803
1 9881547
1 9103770
1 7405321
1 9704930
1 6441785
1 2398571
1 301277
1 7126019
1 1314972
1 1364313
1 7041828
1 6263010
1 6456977
1 1351874
1 7221507
1 2992957
1 2241614
1 1578821
1 895285
1 4455422
1 6929122
1 6456567
1 142189
1 986983
1 9611750
1 1403924
1 9813989
1 8947250
1 2772945
1 812641
1 6339412
1 2767104
1 2581121
1 1425716
1 8843399
1 7089367
1 790726
1 9739033
1 9576676
1 4457941
1 400590
1 4153285
1 9886620
1 6144564
1 2412269
1 5164956
1 1523801
1 1476921
1 8923742
1 3791909
1 6908429
1 1930645
1 4346997
1 6900666
1 9179504
1 1681464
1 2709135
1 2908191
1 1264767
1 8271973
1 3583475
1 939649
1 720632
1 7493517
1 908740
1 6713768
1 1476648
1 5645079
1 7261154
1 5447299
1 2447999
1 6861403
1 2303558
1 1376260
1 6698925
1 3082077
1 4138266
1 5158941
1 9284738
1 9654236
1 3086799
1 4467259
1 9275862
1 9803946
1 7587893
1 2888208
1 7293473
1 3229811
1 7201792
1 3138143
1 6621029
1 3555140
1 4812866
1 2491902
1 3824619
1 917893
1 9636576
1 5680342
1 9965884
1 7155660
1 5428003
1 4084286
1 9316073
1 2431846
1 2740831
1 9451057
1 3730616
1 7556023
1 684930
1 3421443
1 8992065
1 2699297
1 1963593
1 5009118
1 2476908
1 4450375
1 1412887
1 3594808
1 9647877
1 5288815
1 9436895
1 599371
1 1723878
1 6360579
1 7242400
1 1739116
1 3201973
1 9756015
1 319855
1 1628602
1 2466189
1 5536145
1 3770230
1 6534699
1 4596723
1 4521493
1 6027529
1 5178720
1 6084511
1 4273702
1 3998359
1 4573925
1 3614081
1 3017138
1 1610426
1 4226031
1 6561685
1 2070001
1 2857250
1 7520733
1 426822
1 519282
1 4417639
1 4402617
1 5620848
1 4069773
1 9145816
1 6140313
1 5326922
1 5699381
1 6913484
1 3380878
1 5925993
1 5182577
1 7285353
1 4883234
1 4155782
1 2786548
1 3748515
1 6368064
1 8288965
1 8103492
1 7926726
1 3294555
1 2842007
1 2607759
1 259765
1 6038443
1 3916032
1 5233006
1 386934
1 8415422
1 8498965
1 8569793
1 5074518
1 4266416
1 4739478
1 9870231
1 7991540
1 5454928
1 5881642
1 6325758
1 1831147
1 2795340
1 1301590
1 1325687
1 3130442
1 2103938
1 8268872
1 2321282
1 153372
1 760175
1 2348643
1 3950163
1 8966854
1 7783508
1 7328225
1 2082358
1 7591882
1 6144106
1 9747890
1 1772551
1 4607382
1 1514736
1 9553749
1 6274304
1 9358499
1 3003898
1 4556117
1 6426840
1 7255536
1 19261
1 5825933
1 9649590
1 5563494
1 1097237
1 7364210
1 941649
1 8864689
1 2479307
1 9050884
1 4631808
1 940720
1 6408702
1 6968947
1 2880292
1 5647898
1 411830
1 9736430
1 8541125
1 5006303
1 4007442
1 3597801
1 9461868
1 1718308
1 4731554
1 3778986
1 6860845
1 2901729
1 9721661
1 6928003
1 2597321
1 8022758
1 4963935
1 1693973
1 9825253
1 6266453
1 8021656
1 8495952
1 110731
1 9806675
1 8896611
1 5026794
1 4941929
1 7759969
1 5441563
1 4191197
1 7134582
1 268280
1 7743530
1 640796
1 5908365
1 723113
1 4635665
1 5664524
1 2574303
1 4591085
1 9325032
1 3725098
1 9161403
1 9202718
1 8875198
1 4188235
1 1143250
1 2301277
1 7196896
1 1704356
1 101820
1 8807675
1 8933780
1 7022945
1 716648
1 2976426
1 3529036
1 2120547
1 1734805
1 4534032
1 3574697
1 321019
1 8428351
1 8053456
1 8453792
1 6214013
1 8413948
1 6302725
1 1414931
1 4732827
1 652891
1 737504
1 2619828
1 8805191
1 2176812
1 1363515
1 1476395
1 9946296
1 2668671
1 6406820
1 4230318
1 1600839
1 3626508
1 7699410
1 4267977
1 9532027
1 1892985
1 666614
1 5518717
1 8131234
1 3358062
1 7278153
1 259360
1 7516566
1 3730383
1 1443372
1 3345813
1 4744838
1 444138
1 6627339
1 1712775
1 7559312
1 9363982
1 6511889
1 6771709
1 5485296
1 6609722
1 4057135
1 7369405
1 1607069
1 1383197
1 9892291
1 8745860
1 4655810
1 459343
1 9443420
1 4514138
1 5351767
1 9008562
1 7464811
1 1411751
1 8069938
1 9914769
1 7442551
1 263764
1 5616329
1 9564273
1 8477610
1 4673330
1 3074697
1 1796729
1 6784714
1 1359696
1 3778946
1 8425326
1 8069919
1 8334458
1 7155131
1 5110307
1 522218
1 3445503
1 2382948
1 1291300
1 8960563
1 8264121
1 4157841
1 53357
1 8754262
1 5689382
1 785521
1 3347217
1 3415400
1 1786145
1 6276729
1 7421447
1 6489249
1 2601453
1 429039
1 1187962
1 8216628
1 1552203
1 5508292
1 713946
1 3350925
1 60875
1 8911700
1 5509137
1 5771553
1 8356651
1 6618397
1 4022762
1 241871
1 5159330
1 7570840
1 8384821
1 1949580
1 6318052
1 9784724
1 5249042
1 1559257
1 5182688
1 6246581
1 2623009
1 5549887
1 146157
1 536933
1 6892396
1 1340701
1 9248997
1 9426915
1 7061587
1 8873332
1 3462944
1 8513602
1 9864588
1 6252961
1 5909994
1 5123083
1 3448389
1 1982353
1 4621252
1 6666538
1 1969036
1 5945310
1 8162529
1 9795693
1 8361905
1 1071361
1 6448473
1 7761449
1 2127015
1 1101508
1 703193
1 1851657
1 8473167
1 8121369
1 2015236
1 7729876
1 7764243
1 8837398
1 9898973
1 351725
1 1419659
1 8180081
1 3566529
1 3991002
1 764163
1 4117790
1 7214878
1 4132502
1 6268620
1 3321341
1 6836166
1 9059826
1 8551483
1 7485383
1 9550834
1 2560292
1 6206037
1 5836755
1 6276057
1 6748886
1 2936931
1 2014574
1 2707312
1 5271213
1 5806984
1 8212445
1 6766886
1 3743104
1 6165400
1 6385927
1 2902393
1 7118268
1 5532423
1 5455982
1 1008179
1 8022147
1 7962108
1 9072670
1 4336562
1 4435305
1 4314473
1 5554048
1 5922084
1 9612689
1 1665700
1 4746554
1 6761186
1 3868167
1 1462694
1 7512755
1 3445495
1 5795290
1 5126925
1 2413808
1 1526032
1 3498327
1 8628035
1 8130448
1 7855689
1 2229698
1 6253764
1 7277836
1 4817509
1 9419639
1 4003087
1 3146495
1 1438294
1 7301147
1 3111012
1 9204191
1 7654220
1 6153796
1 2487407
1 6535944
1 2878924
1 6011424
1 3032388
1 5285500
1 9581559
1 4016308
1 1735327
1 5340709
1 7302756
1 5857303
1 7411861
1 687606
1 8194698
1 1156826
1 990872
1 1211450
1 5819461
1 6089049
1 8952726
1 2857790
1 1303523
1 665460
1 4001929
1 8481065
1 3988749
1 4815346
1 7331176
1 7950957
1 5392176
1 1683789
1 5142356
1 6470386
1 1660690
1 6285968
1 4973188
1 5738741
1 4491039
1 9626094
1 8420897
1 4964799
1 7061979
1 453388
1 3251419
1 4192230
1 426919
1 9462175
1 9538097
1 2912517
1 3755547
1 3044088
1 2054193
1 6287598
1 8329279
1 9553036
1 6804158
1 8247739
1 7330846
1 6025839
1 9764664
1 2056243
1 3998545
1 1270410
1 6628813
1 6135711
1 9354699
1 4654836
1 9818877
1 8019105
1 5845962
1 3031760
1 6479662
1 7188414
1 5179826
1 8019174
1 7788553
1 3058540
1 9643239
1 2670296
1 2486438
1 5315818
1 7508871
1 8323771
1 3646998
1 2331327
1 1245086
1 6914349
1 8027460
1 2693306
1 1294687
1 3868170
1 8380644
1 5743711
1 1651135
1 5620957
1 6697691
1 2866501
1 142060
1 4177225
1 3554503
1 1555404
1 8934228
1 4149358
1 890576
1 4408989
1 3904104
1 1434279
1 9059019
1 186185
1 6135138
1 5155004
1 1124157
1 2889886
1 4935068
1 5366230
1 4665103
1 9931321
1 2333981
1 9360650
1 7510266
1 4083836
1 9109928
1 8949686
1 9455554
1 8967233
1 3419837
1 9149883
1 9642703
1 8142348
1 6461774
1 7248093
1 7476943
1 8464029
1 8192379
1 1492582
1 2739322
1 3674980
1 4282863
1 1995534
1 6935477
1 6856531
1 494702
1 5157740
1 2434436
1 7465133
1 7239953
1 1007137
1 4058618
1 8741782
1 689019
1 1725089
1 7638314
1 2763928
1 3268348
1 1198421
1 2778386
1 185171
1 5808617
1 2123098
1 5318687
1 1277184
1 8491862
1 5312879
1 1412232
1 5011750
1 8866374
1 2188710
1 4737308
1 2216255
1 7537129
1 3411984
1 5523678
1 3650458
1 6546993
1 3925254
1 129328
1 2900598
1 9097377
1 2204230
1 1942034
1 9149071
1 2792725
1 9130468
1 8123265
1 8600160
1 8876976
1 3540523
1 4464694
1 7002118
1 5344770
1 956909
1 7611724
1 3581123
1 9224719
1 5901856
1 40249
1 5424268
1 7164462
1 4166038
1 3040162
1 8522550
1 755226
1 8206265
1 5656341
1 4278870
1 8803513
1 1327716
1 9915061
1 7010486
1 2553228
1 2425450
1 3186358
1 9599694
1 1402344
1 9741073
1 7701889
1 2546551
1 5755857
1 2937368
1 5383730
1 7335914
1 7507595
1 6167442
1 1210607
1 7018974
1 9808635
1 7792552
1 6047428
1 6003934
1 5089039
1 2894549
1 8453101
1 403004
1 5574528
1 6408430
1 4961593
1 6855660
1 9360327
1 94168
1 9175694
1 7435546
1 2524260
1 129814
1 641471
1 9705297
1 8077873
1 5712692
1 3871033
1 9614283
1 8824054
1 8747364
1 5719761
1 9873961
1 5950063
1 6644457
1 571800
1 8025914
1 7530721
1 7830762
1 2297322
1 8643474
1 5028776
1 633662
1 9550478
1 4464275
1 5207743
1 251790
1 368661
1 3485303
1 2592772
1 2641722
1 903834
1 1658436
1 2384972
1 6924309
1 6668613
1 8841788
1 1322987
1 7617413
1 8549529
1 400243
1 6477743
1 2473230
1 1296046
1 4698988
1 9651890
1 2475277
1 8987799
1 5716975
1 5270767
1 3490869
1 9073458
1 6102876
1 7115202
1 4688949
1 5820022
1 2108696
1 3841468
1 15606
1 4055622
1 772605
1 9178100
1 2212367
1 5377971
1 6395423
1 405389
1 924542
1 8026383
1 7986747
1 3096657
1 7423008
1 5261813
1 6481082
1 2573297
1 7817842
1 6107483
1 4652385
1 4096059
1 2121695
1 3299884
1 7048635
1 8047569
1 1178653
1 5887570
1 296503
1 9414978
1 9930726
1 6503661
1 8509111
1 9934746
1 7217672
1 3657425
1 7051544
1 9071412
1 4392052
1 4849111
1 9909835
1 358385
1 5529289
1 1086916
1 1369882
1 3594882
1 6012157
1 5360213
1 44558
1 3779178
1 8436724
1 9414216
1 3114928
1 3919737
1 4035220
1 4553608
1 9230544
1 1393282
1 2499297
1 1666793
1 5857427
1 7919633
1 4165428
1 4781066
1 5040159
1 8133079
1 9818947
1 9162966
1 1245277
1 8935614
1 3307196
1 5686452
1 8639863
1 6290613
1 4450649
1 1049854
1 841354
1 6612952
1 5902285
1 7737971
1 4335764
1 7741811
1 2395445
1 3675745
1 4928035
1 6899802
1 9851808
1 9893995
1 6542834
1 2122043
1 8951723
1 9302950
1 9789506
1 8182802
1 8941457
1 7860095
1 1239509
1 1228336
1 4399598
1 1863341
1 9382674
1 9215170
1 1484418
1 7384385
1 8387668
1 3432442
1 5393117
1 1341403
1 9179580
1 7445670
1 552950
1 1119451
1 4497036
1 5859957
1 9413984
1 4640137
1 7774690
1 9397266
1 8199866
1 1502063
1 2499721
1 4218626
1 1324770
1 6603471
1 2267017
1 5643692
1 2321319
1 386905
1 140866
1 862467
1 5919231
1 9037391
1 4084077
1 1105687
1 5692253
1 2690635
1 7427396
1 6938690
1 7562583
1 4940015
1 6829094
1 3348080
1 123529
1 3429957
1 9679149
1 1722480
1 8289879
1 2352970
1 6560131
1 4894602
1 7348356
1 2920517
1 1925939
1 4805528
1 1320585
1 7387307
1 1330651
1 5607447
1 7844435
1 42314
1 5368999
1 477248
1 2961499
1 7926663
1 6035640
1 3574322
1 7616189
1 9200210
1 9668796
1 5690479
1 3552581
1 723764
1 2262405
1 3452748
1 5398668
1 3162445
1 3159092
1 537387
1 9883529
1 9856205
1 7464007
1 7033680
1 7025581
1 9447356
1 6458265
1 2152310
1 3374419
1 1775176
1 1393603
1 477348
1 5159518
1 6751644
1 7111706
1 4212292
1 7060327
1 8109177
1 831867
1 6797839
1 2750549
1 1004863
1 619405
1 8404861
1 9534435
1 4160355
1 1137566
1 2095892
1 2290719
1 3346917
1 3299494
1 7400903
1 6872103
1 3281209
1 2166837
1 6642950
1 3749125
1 4528003
1 4888779
1 5562573
1 7153969
1 9359108
1 4298082
1 5558169
1 5383027
1 3609151
1 5921923
1 7050625
1 4257276
1 4798640
1 7276889
1 2958689
1 3306694
1 8965838
1 3805101
1 151023
1 943520
1 2002184
1 8025476
1 7216971
1 3707203
1 3617859
1 945146
1 3101726
1 1383580
1 9435193
1 4171990
1 1971387
1 5844543
1 8658206
1 7743796
1 709696
1 8109974
1 8500394
1 5416736
1 6719656
1 6597701
1 7281659
1 9999980
1 9310086
1 1999546
1 2698507
1 6676699
1 3406205
1 5405501
1 6346077
1 1301913
1 7738365
1 6552485
1 8203275
1 8210962
1 7662868
1 6750052
1 1120265
1 9593702
1 524168
1 8499242
1 9096238
1 1264287
1 3841033
1 863291
1 5976959
1 9379352
1 8582772
1 5372384
1 9223647
1 6828235
1 8009784
1 5206190
1 6300226
1 9649575
1 8109036
1 7630232
1 6217554
1 1188356
1 8252274
1 4019248
1 2311907
1 975118
1 815440
1 9512098
1 9691125
1 3017933
1 2844157
1 5965521
1 6228681
1 5649876
1 9132220
1 8912627
1 6642813
1 894968
1 4857369
1 2345586
1 7690038
1 2485262
1 740348
1 2535031
1 5158800
1 2831227
1 9748876
1 4343993
1 956478
1 1027030
1 7993426
1 4912124
1 4470903
1 2601672
1 6901484
1 7267944
1 4043203
1 5020245
1 5948313
1 131474
1 6032859
1 266238
1 9380706
1 6799052
1 742678
1 5783640
1 6436970
1 2186623
1 3507297
1 3065104
1 7961706
1 5746499
1 9278305
1 1501339
1 1320128
1 6980606
1 8625345
1 8321934
1 8065398
1 7197522
1 6197615
1 3724742
1 7716999
1 3392224
1 3195491
1 8135066
1 5012452
1 1305732
1 8345174
1 3282661
1 9674232
1 6895123
1 6781211
1 305587
1 6748745
1 9772681
1 9796247
1 3742879
1 8590860
1 2161090
1 1389572
1 4333836
1 2772320
1 4593618
1 8506844
1 6186036
1 9134780
1 4455429
1 6466788
1 4391503
1 3379485
1 4499677
1 4503963
1 1472745
1 1849274
1 7057038
1 9463064
1 1498663
1 9320086
1 5789875
1 9115607
1 2048617
1 2420704
1 1277970
1 2543058
1 300969
1 8899305
1 8896882
1 6651783
1 7435614
1 5656424
1 9591445
1 1131257
1 3407772
1 6533208
1 4350766
1 3950129
1 8798628
1 6922371
1 2706883
1 3480617
1 3228260
1 6118940
1 1075752
1 9473707
1 4644100
1 8560780
1 1829528
1 9517443
1 3832548
1 7977544
1 7685425
1 9758896
1 6751865
1 5310077
1 4962763
1 8310119
1 999436
1 6086282
1 1872361
1 3385948
1 8725123
1 3017986
1 851050
1 955042
1 5636211
1 822964
1 4085403
1 5999558
1 771881
1 1831219
1 9436240
1 5553318
1 4681160
1 6523826
1 5789442
1 7318767
1 4332247
1 6745097
1 5482778
1 4065381
1 3522917
1 9883730
1 304008
1 5785341
1 362952
1 5916131
1 1300326
1 3836599
1 4648720
1 2619943
1 5296992
1 9184545
1 9616904
1 2283012
1 2888293
1 2747198
1 2309149
1 2015497
1 7571476
1 5893802
1 1320277
1 6180213
1 7673912
1 2124856
1 114181
1 9702871
1 3769637
1 4444749
1 6415407
1 3136749
1 9680161
1 6258112
1 9210843
1 6400475
1 8454517
1 6914554
1 2674340
1 8613120
1 1006368
1 4751327
1 771291
1 6058837
1 9313281
1 5010939
1 6437405
1 7798738
1 7434056
1 9234648
1 7742188
1 3161326
1 7674387
1 3673958
1 2486802
1 162776
1 6442453
1 6214717
1 821330
1 2045431
1 8847601
1 3111994
1 2460221
1 893071
1 4078602
1 1858883
1 7425650
1 2026340
1 1551645
1 2199006
1 7237597
1 6487110
1 9435877
1 6318731
1 2095827
1 5658753
1 3163770
1 8507622
1 806391
1 6814210
1 8114873
1 8885066
1 4755090
1 4675184
1 6850457
1 3416378
1 1962008
1 5590263
1 1372339
1 7851354
1 4301613
1 1783101
1 6090316
1 1843545
1 1281625
1 5098520
1 2220974
1 7467621
1 7007225
1 1145152
1 140901
1 8407819
1 6688882
1 3942589
1 9498805
1 4946253
1 4594339
1 2890092
1 2033707
1 9291561
1 8159299
1 8484496
1 9552813
1 8005769
1 6716234
1 2041036
1 7052016
1 673888
1 3539474
1 6412946
1 7014907
1 4558117
1 9231568
1 4363192
1 5115378
1 3489846
1 4319106
1 4825091
1 927194
1 7645102
1 4171761
1 8445741
1 5955523
1 257454
1 8382855
1 7983661
1 5641517
1 6054886
1 5568574
1 8646793
1 4407965
1 3998885
1 7799954
1 4955692
1 3790693
1 2532390
1 2331973
1 2439373
1 514174
1 9758022
1 6417951
1 7295783
1 6274305
1 4289657
1 4597157
1 7422399
1 8910316
1 8054144
1 1642606
1 4050632
1 8520836
1 1078105
1 9216707
1 6526717
1 1387931
1 9212927
1 3261124
1 2168092
1 8802745
1 5573369
1 9478987
1 5914227
1 8792994
1 7257959
1 3997400
1 5656883
1 9564207
1 2582824
1 4458570
1 6661873
1 5072300
1 3887794
1 2437870
1 2387802
1 353203
1 8622243
1 5682443
1 8200453
1 4246433
1 5978144
1 510281
1 3006639
1 1842940
1 1232057
1 6940937
1 6940076
1 8851500
1 1966718
1 5246481
1 8458649
1 7243720
1 2986291
1 8595385
1 3828159
1 2393658
1 1514375
1 2831853
1 4535979
1 9358789
1 5435271
1 2605348
1 1393158
1 5962663
1 967434
1 7648195
1 2617188
1 4072387
1 6252511
1 8854177
1 3360844
1 2678959
1 5893314
1 8224909
1 9258650
1 4828577
1 6660030
1 2592163
1 129766
1 3468275
1 5504523
1 6053872
1 8250716
1 7484202
1 3769796
1 8630513
1 8395255
1 25636
1 2262058
1 2052306
1 3236343
1 4816735
1 8240263
1 980003
1 6486630
1 5484894
1 91891
1 210140
1 4724726
1 1088107
1 513036
1 4968258
1 3528185
1 4366591
1 2000786
1 5041769
1 7222445
1 643459
1 841097
1 7534254
1 8158496
1 1732784
1 3760020
1 498173
1 1958030
1 599398
1 5285526
1 6724482
1 6467258
1 4590275
1 1002595
1 3305074
1 9388600
1 9118538
1 1247489
1 7985774
1 9802224
1 9371088
1 5888117
1 5041480
1 6311774
1 8102358
1 8416953
1 4520326
1 148916
1 4864540
1 6471822
1 4094281
1 4467937
1 6933739
1 4930542
1 1323986
1 6453449
1 1397342
1 8059504
1 6838071
1 3614234
1 2485380
1 7752640
1 714686
1 9008315
1 9816581
1 7857006
1 6036821
1 7816785
1 794211
1 5062734
1 2984436
1 5152589
1 6258477
1 6186402
1 9724634
1 5143376
1 9486632
1 5483561
1 5494795
1 5489019
1 7003595
1 487680
1 7004406
1 3583804
1 6441494
1 5000063
1 5584024
1 2572477
1 5830563
1 3134360
1 7450179
1 1639957
1 2094263
1 824486
1 1707569
1 8363404
1 4453009
1 2300810
1 7589043
1 2163354
1 5912352
1 4390457
1 9830428
1 8199296
1 3733188
1 4939836
1 9216979
1 6522587
1 6867201
1 5068005
1 4098213
1 8451425
1 9399975
1 4398194
1 5700899
1 7198929
1 8644118
1 9143137
1 3953280
1 1238111
1 5608114
1 7871481
1 573897
1 8072653
1 4894589
1 7600308
1 1412920
1 2546746
1 5390344
1 5152712
1 4917094
1 1015184
1 4957243
1 8620898
1 844507
1 6095353
1 7450132
1 2346815
1 6749949
1 4132445
1 9738896
1 9398556
1 5699784
1 3980257
1 860348
1 3865629
1 2489649
1 7562641
1 1835842
1 6776135
1 5669288
1 37276
1 6861500
1 5049235
1 316340
1 3051687
1 2867696
1 7725695
1 5875006
1 713338
1 5240125
1 9073972
1 4272869
1 5440799
1 5537599
1 3357092
1 3278268
1 7073359
1 168192
1 8104093
1 1586801
1 422545
1 6429471
1 6691302
1 2707393
1 288222
1 1061024
1 1101576
1 550802
1 5822337
1 5715630
1 6472264
1 2370090
1 8535884
1 9459920
1 1901475
1 951110
1 4089886
1 7040883
1 4157536
1 8375011
1 7990897
1 1838548
1 9136684
1 535
1 4197077
1 3444580
1 8601895
1 6118845
1 1888432
1 2034613
1 8489229
1 4642235
1 9679902
1 8073602
1 5456536
1 7871916
1 4692902
1 8180942
1 8308737
1 8054531
1 9728331
1 9947810
1 7004548
1 8868309
1 9742197
1 1919009
1 7559275
1 4896449
1 4937883
1 5085359
1 6742340
1 3237872
1 2335946
1 8220688
1 9535617
1 1963794
1 6163104
1 2447473
1 2644027
1 1258739
1 8318657
1 114396
1 5453648
1 3834307
1 6580965
1 1533235
1 4767345
1 4996577
1 152753
1 6566071
1 6995185
1 2836100
1 824797
1 5281263
1 6740606
1 147972
1 9630815
1 2780568
1 5919430
1 9903699
1 238073
1 7721535
1 4076040
1 6528457
1 764091
1 9699568
1 3650318
1 695305
1 7145629
1 977
1 5166596
1 2730948
1 2428989
1 331985
1 9129671
1 7963104
1 3013310
1 9068582
1 8243013
1 1989866
1 8858141
1 1244295
1 7169815
1 8441425
1 7216455
1 3786484
1 5730389
1 1887856
1 9726383
1 7011953
1 317650
1 8201898
1 7488476
1 2661959
1 4659376
1 1707191
1 5407053
1 6292059
1 6864659
1 4338657
1 8324474
1 5804344
1 945287
1 2063754
1 1761574
1 3873525
1 9374920
1 6082140
1 5559611
1 7450106
1 5141306
1 6726821
1 3976887
1 7938027
1 3871990
1 3319874
1 2653841
1 3451585
1 6697809
1 388545
1 9886817
1 1887992
1 587180
1 6418711
1 8627975
1 8578726
1 3945222
1 3499500
1 3649995
1 6246002
1 482650
1 9428462
1 7782340
1 8694384
1 4604323
1 1044566
1 3781927
1 1834959
1 2203582
1 3544560
1 5447204
1 9462046
1 2903553
1 5367317
1 4269347
1 3107744
1 1326363
1 8902028
1 6594378
1 6336433
1 6295301
1 2898710
1 465850
1 7629116
1 4768051
1 5931099
1 3777497
1 4424134
1 9286277
1 1013043
1 567846
1 2092721
1 4806079
1 5551856
1 1781314
1 3657112
1 2737895
1 71940
1 360153
1 3684290
1 781961
1 6281615
1 4245036
1 1951985
1 3148422
1 9901522
1 1133677
1 9690375
1 6683179
1 6830470
1 3577653
1 534784
1 1796915
1 8061458
1 2891703
1 3549971
1 7115420
1 5031733
1 5620458
1 7139171
1 6179471
1 7241648
1 470200
1 4875465
1 416686
1 8680081
1 7498413
1 8655332
1 8788630
1 2975383
1 5571808
1 334556
1 8918640
1 3041655
1 7818382
1 11400
1 1269491
1 6207225
1 491794
1 4557672
1 5551046
1 102639
1 5634031
1 6649002
1 9861714
1 9535973
1 15959
1 812368
1 6154891
1 4597323
1 8068671
1 8128337
1 7625196
1 4907736
1 5600592
1 6396552
1 2215342
1 3841660
1 8146652
1 8668303
1 4616624
1 5227332
1 4453570
1 5663065
1 3464118
1 7110120
1 2947143
1 4968499
1 3015452
1 1676323
1 6090120
1 176923
1 132902
1 3443951
1 7224930
1 3828059
1 3249907
1 154059
1 9667804
1 1579195
1 234267
1 8558924
1 9888670
1 5159047
1 5101339
1 6910464
1 1199999
1 5477295
1 1198755
1 424779
1 9257617
1 6211160
1 2361628
1 9193381
1 8682856
1 4549805
1 8529937
1 7147519
1 6786552
1 9144657
1 7274006
1 1466317
1 932577
1 5110754
1 957317
1 749837
1 564345
1 5655576
1 237816
1 3472605
1 9134005
1 1552294
1 7360294
1 9771447
1 5767420
1 947379
1 8484331
1 8428478
1 4447339
1 5347885
1 1955339
1 2641645
1 5447827
1 4220460
1 365084
1 7385320
1 2217876
1 258323
1 8197537
1 8570351
1 6376627
1 239115
1 7791028
1 6276566
1 6158010
1 3583603
1 2505262
1 4559647
1 6302076
1 9441954
1 3203543
1 2020155
1 5917113
1 563032
1 5151750
1 4212900
1 9017393
1 5711661
1 7649927
1 1475586
1 2027953
1 8442264
1 6342046
1 3455025
1 6323973
1 4858013
1 239279
1 7861542
1 5369927
1 309419
1 1843708
1 6589895
1 9144141
1 2092549
1 3566620
1 8685390
1 6640343
1 6467898
1 5240929
1 2129503
1 7433067
1 2783150
1 8276862
1 2015081
1 9709553
1 9995968
1 6124449
1 5582256
1 1905625
1 2919014
1 4400394
1 2037898
1 1357681
1 3630239
1 4265414
1 5819929
1 8580228
1 5855101
1 2175484
1 6417115
1 4763312
1 1839118
1 840007
1 3795014
1 330244
1 8153851
1 1666459
1 1820394
1 4598124
1 9413715
1 7779860
1 835635
1 3232432
1 2077135
1 350310
1 952756
1 4422134
1 9631949
1 2245615
1 8470836
1 3761933
1 1394441
1 9105976
1 5480508
1 1310773
1 39493
1 2709945
1 1734830
1 861344
1 566572
1 3595149
1 3299257
1 7986862
1 2968800
1 3717530
1 446831
1 1832805
1 4178259
1 9832994
1 9430757
1 6019044
1 7323998
1 6693291
1 7422784
1 8478651
1 8056939
1 9888381
1 4504635
1 9046359
1 8870509
1 3318046
1 9066298
1 7092685
1 1741599
1 2446457
1 2144107
1 5337905
1 5013676
1 7485037
1 4700772
1 2969726
1 2006766
1 1593395
1 772422
1 1457399
1 2083312
1 1052633
1 8417454
1 5660658
1 450189
1 6654088
1 977452
1 3572506
1 6919499
1 3364923
1 9122086
1 6217066
1 2154563
1 7926031
1 6921611
1 9473870
1 6277707
1 5962680
1 333602
1 6333020
1 4327121
1 1277376
1 6287936
1 1914731
1 2641089
1 8434881
1 5090618
1 858363
1 6555829
1 6801882
1 1655466
1 6386519
1 8536596
1 8355272
1 4662004
1 4531080
1 6733029
1 3039578
1 1096740
1 6808050
1 4281043
1 3017555
1 2171711
1 163417
1 9285138
1 2819312
1 7809458
1 5493989
1 8530985
1 639243
1 6164056
1 1288941
1 5269079
1 5185809
1 348577
1 2857120
1 7529000
1 923498
1 2428873
1 8958807
1 7635862
1 1296771
1 7546825
1 1847321
1 3012583
1 1521845
1 691343
1 4316436
1 445262
1 3530425
1 843314
1 7539778
1 3410605
1 5681342
1 166317
1 8040790
1 6921432
1 6828366
1 7983440
1 7895622
1 5191231
1 1181414
1 5735351
1 3248763
1 5190422
1 2592886
1 684401
1 354327
1 247165
1 4890413
1 2337075
1 470048
1 7381653
1 631236
1 3731058
1 2536492
1 3629605
1 9779678
1 1514481
1 7874430
1 2594807
1 7657930
1 4725751
1 684824
1 1576580
1 4099000
1 9264774
1 4206120
1 7450665
1 3816857
1 7614333
1 7716886
1 8545871
1 1278796
1 284441
1 3715424
1 407894
1 486350
1 7345333
1 8005664
1 7543023
1 4384617
1 7808675
1 3496708
1 5521849
1 1668969
1 9823999
1 6458533
1 4033994
1 4959870
1 2742003
1 3783818
1 648900
1 8168746
1 7490196
1 3865935
1 7436048
1 8732280
1 4487570
1 4237075
1 6514909
1 2264367
1 8180363
1 1012564
1 177335
1 3002593
1 3113758
1 3258853
1 1116285
1 3634057
1 847253
1 8481604
1 6245696
1 7050539
1 7622106
1 2147361
1 6095551
1 6282232
1 867962
1 2822243
1 8372154
1 9672666
1 1010618
1 2207260
1 4834374
1 1944680
1 99721
1 1705656
1 5126523
1 1957383
1 872112
1 7669076
1 19152
1 4550121
1 829630
1 519528
1 8966261
1 7280892
1 6620905
1 570959
1 2154198
1 1992098
1 117981
1 5555812
1 4975393
1 3157213
1 4502965
1 76917
1 4476720
1 139890
1 7872090
1 5571769
1 3316334
1 798479
1 7218255
1 7478049
1 1678019
1 1346153
1 514456
1 1415160
1 9278580
1 804720
1 7229547
1 6869106
1 1157527
1 5773169
1 1328473
1 4487609
1 9340920
1 8865167
1 6177480
1 7263639
1 7531425
1 6334173
1 1367948
1 3839691
1 6298152
1 6830491
1 9395011
1 9545715
1 2967820
1 3584590
1 5534589
1 8208710
1 9065148
1 4434989
1 7713572
1 5689338
1 5422226
1 2049438
1 9434800
1 8047572
1 942149
1 1135857
1 6891253
1 5496150
1 2253920
1 3434982
1 3824603
1 4313099
1 9782871
1 4440747
1 3854265
1 9434067
1 2995880
1 4588129
1 4680680
1 4882570
1 5744501
1 7198193
1 1604184
1 2059238
1 7416040
1 7686043
1 872215
1 1420801
1 6680230
1 3273774
1 4468192
1 8313245
1 603788
1 5637994
1 4576916
1 3178702
1 3379957
1 8471627
1 2172487
1 6041791
1 5549080
1 2998778
1 155900
1 5569356
1 4265390
1 2014657
1 575633
1 621505
1 7808810
1 1130894
1 4224799
1 6429359
1 1144134
1 9575644
1 6455001
1 9678955
1 5127077
1 5312155
1 9577421
1 9919920
1 7626728
1 1042072
1 3063160
1 3063809
1 7511455
1 638600
1 4070115
1 8980880
1 350922
1 862930
1 269125
1 1829917
1 8472391
1 9898562
1 2259684
1 5093184
1 1066800
1 4203351
1 3192942
1 1710401
1 1018053
1 2656055
1 9620268
1 9192692
1 3668498
1 3408584
1 28377
1 7766394
1 497096
1 3936003
1 3689540
1 8237438
1 779431
1 666738
1 5500121
1 1488949
1 7820098
1 8624197
1 4913290
1 3373340
1 1884429
1 3663855
1 5367006
1 9890434
1 5223160
1 8660076
1 4893499
1 6419481
1 1395397
1 64862
1 8056635
1 3680078
1 8488694
1 9257875
1 6099138
1 2765269
1 235300
1 9633930
1 323482
1 2427573
1 8996142
1 5274423
1 4493975
1 6372256
1 2143447
1 1223415
1 6621208
1 1886727
1 4054616
1 8720921
1 906472
1 7941698
1 3256494
1 9545018
1 3647988
1 821528
1 3372505
1 9645257
1 4575341
1 9922104
1 9521679
1 5683766
1 4951530
1 9534789
1 4715913
1 8719491
1 9328269
1 5686257
1 7202118
1 9260721
1 4259879
1 5640520
1 5915986
1 2543958
1 5560373
1 9822675
1 9910647
1 7888308
1 3428362
1 6778859
1 3429838
1 3508256
1 5576151
1 161291
1 3643808
1 637158
1 6470201
1 9712021
1 3693820
1 1450721
1 857545
1 3939331
1 5489292
1 3610736
1 1106206
1 3229288
1 7366407
1 2116680
1 9324780
1 6385957
1 5133282
1 5585319
1 4068261
1 2473741
1 2988043
1 7843059
1 5545957
1 1087799
1 1630222
1 1301702
1 9431926
1 7231532
1 6303827
1 2435255
1 3742253
1 9854120
1 1436785
1 7310167
1 5754536
1 8884393
1 2054846
1 6585231
1 2690615
1 2614923
1 3809727
1 409864
1 1061762
1 6436755
1 6807258
1 1352575
1 6250549
1 1100059
1 71591
1 2605371
1 6562851
1 1718451
1 9673326
1 8581715
1 5717025
1 2914466
1 1665764
1 7961554
1 7832123
1 4330688
1 3136737
1 7714303
1 4864376
1 7476494
1 8759891
1 3725096
1 4279770
1 3763715
1 2324674
1 4485888
1 5689723
1 9196386
1 6198136
1 8505441
1 7071084
1 4096182
1 926859
1 9070358
1 1534749
1 8025770
1 3608709
1 2898813
1 8964119
1 5877576
1 9314467
1 4142664
1 7559320
1 6425261
1 1295015
1 1558470
1 220301
1 5944680
1 4459195
1 8653607
1 8391482
1 8499373
1 6898696
1 7385593
1 8865197
1 9827880
1 6387327
1 916637
1 6125307
1 9604662
1 6209941
1 7880647
1 6063315
1 9876268
1 7746963
1 1766181
1 597519
1 1790675
1 4219462
1 9722592
1 5293737
1 3620964
1 1152729
1 2970034
1 7314041
1 7574099
1 27798
1 419803
1 9565165
1 6691883
1 3755331
1 2842746
1 740547
1 5519141
1 2484517
1 3308100
1 3807886
1 7852288
1 4803799
1 7973793
1 5043809
1 9072884
1 7661521
1 5515819
1 4777995
1 5717063
1 3606996
1 4546237
1 5129492
1 7920287
1 4639978
1 1827189
1 1415752
1 9804236
1 6772308
1 7036675
1 1469498
1 1001806
1 8455928
1 2018635
1 8200249
1 5567278
1 7643430
1 3801515
1 1116800
1 6226055
1 5770928
1 4523376
1 8190637
1 1901995
1 8654913
1 4525119
1 5185136
1 8972550
1 7198900
1 6562344
1 1560484
1 1687738
1 4295937
1 1781204
1 5290793
1 832650
1 1694599
1 3865629
1 8607119
1 2072843
1 4168129
1 1250211
1 253154
1 2163796
1 9229340
1 8841637
1 5854977
1 5332868
1 9351885
1 6720370
1 9443178
1 3028952
1 6073494
1 6439544
1 977079
1 2276596
1 8100330
1 531743
1 1471946
1 1919784
1 5527388
1 9241511
1 4939181
1 8896770
1 3584091
1 1000025
1 6877305
1 481438
1 9888871
1 4985721
1 7713683
1 1745700
1 6490195
1 5801061
1 8512749
1 5227995
1 8706606
1 3322599
1 7084772
1 8035787
1 5178995
1 7303628
1 7273506
1 2159330
1 1753663
1 7345676
1 8132624
1 5570244
1 5103033
1 4117256
1 4789029
1 6427840
1 3108272
1 8576028
1 2594394
1 6914907
1 9234654
1 2926244
1 3028047
1 3617624
1 293535
1 2747092
1 7255967
1 7058462
1 8615571
1 1821340
1 1499502
1 6207703
1 2198762
1 2960232
1 5817687
1 1476177
1 722437
1 9239221
1 1554910
1 4898564
1 8237824
1 815538
1 3638667
1 2937722
1 9451419
1 5247723
1 4838016
1 3745624
1 3464174
1 5980885
1 2720482
1 7012519
1 9319821
1 5006035
1 6937887
1 6545732
1 4252806
1 2439221
1 9879757
1 2081216
1 2546614
1 2993963
1 7232843
1 5977132
1 560517
1 7571393
1 9457526
1 6451237
1 2584155
1 9831396
1 3391960
1 9299517
1 3950098
1 2110296
1 1135901
1 4646388
1 5439876
1 8081894
1 6618021
1 4650159
1 8397830
1 7788378
1 8558432
1 7726132
1 7961001
1 9624478
1 2426059
1 3086731
1 8713869
1 523621
1 4469797
1 1578158
1 4908960
1 7692086
1 6782158
1 1755567
1 507249
1 3047353
1 4241220
1 1263583
1 1542809
1 8546695
1 9826642
1 3315247
1 9436512
1 9036741
1 5326009
1 5216209
1 9458879
1 9094655
1 9797267
1 1338500
1 2885159
1 3210133
1 4372145
1 4324005
1 3794739
1 9746237
1 4633463
1 1367802
1 3576073
1 9834031
1 6732543
1 4100832
1 9014825
1 3563185
1 8456139
1 3119683
1 7849663
1 3034000
1 2713939
1 4143433
1 1300236
1 8683664
1 286932
1 1359472
1 7416091
1 9561905
1 6691070
1 4888105
1 6786561
1 8546771
1 9882845
1 7434752
1 5284740
1 8927807
1 1260677
1 2173324
1 1886931
1 6002336
1 6272735
1 7755618
1 3056551
1 5291136
1 7196434
1 7120826
1 6847054
1 648660
1 6290166
1 1747072
1 5659375
1 635493
1 3733887
1 666125
1 9273800
1 1377163
1 2690142
1 3237060
1 670120
1 6939776
1 4166326
1 1536659
1 7103756
1 7106831
1 4560221
1 3895986
1 5140431
1 7851188
1 7574210
1 107982
1 5168779
1 5283356
1 7811184
1 9820799
1 2042922
1 2683744
1 7366105
1 7618960
1 2974805
1 6540974
1 6348024
1 1965633
1 7037363
1 364064
1 5835559
1 9800708
1 9695372
1 6605089
1 4401447
1 6705952
1 7105760
1 9211226
1 6951065
1 5403505
1 5966374
1 2039277
1 9235796
1 6150223
1 3146884
1 6482551
1 8164413
1 6011657
1 6205075
1 4891122
1 1025043
1 7156349
1 681149
1 2441107
1 4151460
1 6660032
1 2250222
1 9277317
1 3505310
1 7859077
1 5435515
1 2971916
1 9884474
1 7548575
1 9460664
1 2841004
1 2378761
1 5681368
1 9823847
1 6459095
1 8117372
1 1978696
1 9072295
1 4496247
1 4027583
1 2436008
1 1685718
1 5940978
1 1283212
1 4902002
1 2063676
1 9815276
1 1968411
1 4765296
1 2574807
1 8277409
1 1667467
1 3287649
1 208422
1 645541
1 4555364
1 6181517
1 9909913
1 4016254
1 9544621
1 3399557
1 8324195
1 7682794
1 8751115
1 5953866
1 8274235
1 3066276
1 215251
1 1066606
1 8397842
1 3349014
1 8224462
1 9478662
1 7735671
1 759132
1 7241959
1 6908580
1 7109506
1 8368872
1 793553
1 4619018
1 3849990
1 4863096
1 6665445
1 4105990
1 7071418
1 6946178
1 3579233
1 7815528
1 2380724
1 1909968
1 912932
1 4764045
1 8359080
1 4088545
1 447369
1 684216
1 8486128
1 2261249
1 9371412
1 9527045
1 705638
1 6142421
1 8384161
1 11166
1 8672486
1 5770532
1 3988730
1 7303525
1 4629258
1 4912604
1 7395285
1 2256626
1 9276242
1 9730751
1 1641749
1 7702956
1 7220859
1 3261964
1 7429865
1 8832599
1 1354674
1 7248311
1 8332768
1 3213452
1 5548767
1 6866258
1 432892
1 5738110
1 462462
1 431932
1 3113529
1 4481100
1 5437742
1 5444194
1 5259179
1 605200
1 9699126
1 8435451
1 8805386
1 6319552
1 4308828
1 745255
1 6908782
1 4533798
1 8594015
1 8344882
1 9153945
1 4686255
1 1776733
1 6554098
1 1500898
1 9912463
1 9660409
1 3851467
1 2588030
1 4224253
1 3267511
1 580787
1 1785988
1 4933375
1 7512187
1 6356699
1 2056443
1 7901178
1 3127857
1 3372381
1 1596980
1 7527462
1 9756320
1 3341237
1 9011550
1 2296690
1 4217985
1 8662604
1 4277289
1 2576413
1 3941802
1 5387789
1 7347069
1 4972404
1 2774578
1 5319931
1 1042578
1 272647
1 9652997
1 9790712
1 1271528
1 1169584
1 1849248
1 1596190
1 3896924
1 703015
1 3150474
1 8738800
1 9714299
1 9054096
1 3248552
1 4042052
1 7071093
1 4474889
1 1196786
1 3899201
1 4058701
1 753137
1 3145446
1 6191148
1 2676736
1 1218832
1 8600412
1 3230044
1 6960707
1 2411354
1 7386860
1 3526245
1 3380710
1 1133621
1 1368491
1 683627
1 2198363
1 2784865
1 3750367
1 2007251
1 9995010
1 9169712
1 3439630
1 3080620
1 7932873
1 3823346
1 9366910
1 4618887
1 7703500
1 7893390
1 7273037
1 1032677
1 8938318
1 9543931
1 5271079
1 9317459
1 3303978
1 5444478
1 4993477
1 5596847
1 8019224
1 936370
1 3649540
1 9951308
1 5722703
1 7995200
1 8009557
1 3528538
1 2841031
1 7455471
1 2734895
1 5684647
1 9602975
1 1934804
1 6711279
1 2175769
1 5146951
1 6490934
1 2641546
1 6725802
1 4796494
1 6992698
1 7916475
1 3808292
1 4853274
1 1307625
1 9293779
1 1134049
1 6185116
1 9514906
1 2221430
1 8377485
1 1288474
1 9212321
1 9648365
1 7817015
1 8093942
1 3323434
1 7947973
1 8333146
1 7100639
1 2712329
1 2228278
1 8284064
1 4203574
1 2556870
1 4734273
1 9076491
1 9317343
1 6754594
1 5743126
1 2113521
1 3828982
1 2818546
1 4716901
1 7016995
1 3810400
1 8638515
1 240007
1 5576596
1 9854988
1 330979
1 4522426
1 2754372
1 4790459
1 933673
1 2788406
1 7863115
1 3146302
1 6515347
1 6153398
1 7732794
1 2328136
1 4964659
1 8871505
1 5262692
1 6056675
1 1311929
1 8690248
1 7772768
1 8888467
1 4944247
1 6967275
1 9016448
1 9788397
1 5796507
1 2362533
1 9416175
1 6466042
1 6099842
1 5745451
1 3521572
1 7028355
1 4993074
1 2789457
1 9211831
1 8240716
1 2157350
1 6207844
1 7512684
1 6850016
1 9873484
1 5175419
1 7641505
1 4013163
1 2307456
1 4331651
1 9360476
1 3435865
1 2630430
1 3092543
1 2531870
1 6193210
1 7540956
1 8508492
1 2951543
1 9059934
1 6827756
1 2538818
1 6195570
1 8917735
1 449351
1 9071876
1 9919480
1 807483
1 8543887
1 8263756
1 6744238
1 7967887
1 2592413
1 7484083
1 9960273
1 8512843
1 1446374
1 6775902
1 9222855
1 5331871
1 7521804
1 8921956
1 2305902
1 2616141
1 1556172
1 1365771
1 6217330
1 3661821
1 9486471
1 5431869
1 4412936
1 95559
1 2434645
1 6058860
1 9559193
1 3216638
1 5401064
1 392822
1 9067374
1 4742775
1 2063339
1 7755107
1 9968923
1 155882
1 8994087
1 8428852
1 1897500
1 5195297
1 7436943
1 7064524
1 9009355
1 9883933
1 7311995
1 8973590
1 8472471
1 4221659
1 4793156
1 5050503
1 8797399
1 9614425
1 1030928
1 6318220
1 9696306
1 7847768
1 614226
1 563408
1 1452636
1 1248001
1 894107
1 3314366
1 4741495
1 8063779
1 2656577
1 9569998
1 5273941
1 9679201
1 920423
1 2685754
1 5212394
1 9282589
1 2597734
1 2643513
1 2502286
1 607848
1 6911961
1 2444575
1 261971
1 413379
1 3146567
1 7357607
1 6620218
1 2469365
1 7214113
1 5886258
1 2320289
1 8036523
1 1521794
1 9514010
1 1313266
1 2936974
1 2713599
1 1827497
1 5286251
1 5902435
1 6203035
1 8700230
1 4986183
1 212917
1 5213930
1 9041228
1 863939
1 4151887
1 6219944
1 9211707
1 2970356
1 7840556
1 3840188
1 5730395
1 757576
1 7668729
1 1149884
1 8466479
1 6082288
1 7639443
1 3710636
1 1693441
1 2188773
1 6878082
1 3743553
1 7136964
1 4610032
1 8506411
1 3130462
1 901945
1 1193579
1 2057297
1 8437698
1 5375698
1 6893027
1 3425629
1 4684504
1 593031
1 3675241
1 4576823
1 9329329
1 8261663
1 424373
1 2728818
1 37547
1 9933088
1 1110109
1 6105324
1 9615429
1 7375573
1 340184
1 3892349
1 12121
1 2580087
1 7965565
1 2336198
1 9858929
1 2988296
1 3707576
1 5030570
1 7155961
1 7708741
1 7418557
1 4710481
1 5239912
1 757259
1 4521604
1 9322983
1 3172834
1 2703065
1 7062841
1 1522470
1 7250295
1 5357440
1 6824834
1 5959684
1 6597707
1 3193063
1 1761326
1 725087
1 2208728
1 5371669
1 7590464
1 6500767
1 1190744
1 1468406
1 3510653
1 1745673
1 1187104
1 4985640
1 2292007
1 2159681
1 5690188
1 9488429
1 4908985
1 7734296
1 2130751
1 7880780
1 8285292
1 1201084
1 1898458
1 2887090
1 3000844
1 7792226
1 7335205
1 7356841
1 8792508
1 4450409
1 2979174
1 4673808
1 8357863
1 4300802
1 7673407
1 4499444
1 8924596
1 7065919
1 3708611
1 9451775
1 6029903
1 7529989
1 5948602
1 542549
1 8002771
1 75240
1 8343684
1 8466556
1 1407544
1 4562405
1 3505984
1 7339154
1 197938
1 196297
1 5826722
1 2663832
1 598765
1 2366850
1 7200291
1 7018621
1 2898605
1 8712964
1 5872609
1 6463628
1 1920706
1 4169476
1 5261287
1 9642815
1 5421629
1 6110359
1 3632159
1 6375761
1 6998757
1 5278694
1 3971300
1 9132905
1 8104356
1 8677732
1 6567654
1 3894825
1 8647204
1 9333632
1 9800638
1 4361385
1 4346997
1 4925342
1 7084406
1 3219232
1 7578995
1 6338242
1 5696616
1 2866765
1 7471765
1 4654110
1 4631015
1 304555
1 3520957
1 117606
1 2453339
1 9448792
1 3280096
1 5225290
1 8746830
1 9862330
1 5615954
1 5947767
1 2968383
1 9837946
1 7449114
1 1323380
1 7142811
1 9828124
1 8996275
1 4469838
1 1924667
1 9925272
1 7333089
1 2531100
1 1702342
1 6498712
1 60062
1 8184880
1 7516553
1 9359160
1 7641057
1 5139166
1 5925559
1 4351261
1 7212363
1 9337815
1 1306022
1 6492588
1 8656051
1 1430293
1 9618417
1 7915343
1 9762638
1 84982
1 5594250
1 4349484
1 9046939
1 888513
1 4971530
1 3077982
1 8731331
1 3407224
1 6057792
1 3376216
1 8296030
1 8994029
1 7090460
1 6883949
1 4520459
1 9450960
1 1326737
1 9140970
1 9047917
1 6573791
1 2139227
1 3816291
1 4217887
1 5147011
1 6537052
1 9333936
1 6410763
1 6935776
1 3328649
1 192069
1 7756346
1 9818451
1 7083577
1 8438250
1 6121796
1 5528963
1 9875243
1 7025712
1 6166034
1 6571029
1 8177456
1 4887315
1 931792
1 4754360
1 4750703
1 1492415
1 2914442
1 5255274
1 8434944
1 8602822
1 7999163
1 4400417
1 532036
1 919473
1 1338344
1 5773416
1 2991294
1 7096428
1 6797143
1 1573190
1 373932
1 406031
1 3499408
1 4162108
1 7579496
1 8638185
1 2672346
1 7445600
1 6025735
1 6157751
1 5866630
1 8619123
1 7367556
1 7590773
1 3222490
1 6325594
1 2320124
1 2642366
1 1318969
1 8311672
1 8716666
1 4836672
1 7427481
1 1929632
1 9312220
1 700291
1 3349954
1 8476760
1 8533762
1 3447678
1 5667462
1 2758646
1 5866280
1 503393
1 5946706
1 7650597
1 9951324
1 9294902
1 6586423
1 5509753
1 5566387
1 6096403
1 347461
1 3618364
1 6929803
1 4746614
1 8420107
1 3275854
1 307605
1 2505677
1 971801
1 3527301
1 3338249
1 2245334
1 5455648
1 9697159
1 5525918
1 6288367
1 6322876
1 237004
1 6325377
1 4949973
1 6458549
1 4403906
1 4396228
1 379671
1 322198
1 7548157
1 8357362
1 3971578
1 786160
1 65217
1 5250910
1 2907538
1 8229162
1 2747334
1 6345188
1 2226538
1 1523496
1 2257045
1 79195
1 6659640
1 2145385
1 1661129
1 2569079
1 1415646
1 8759367
1 6335551
1 5031278
1 7774649
1 2133433
1 9455103
1 1887707
1 9372965
1 6206125
1 1869650
1 9889765
1 2140842
1 5285580
1 4325624
1 7712325
1 2978079
1 6853500
1 7439221
1 1832166
1 7370437
1 8659190
1 4477905
1 3739622
1 3192696
1 7306770
1 279845
1 5512552
1 3483347
1 1781446
1 5104733
1 3230899
1 981456
1 5404530
1 5852785
1 6123633
1 7811602
1 6425256
1 1834919
1 3083668
1 70076
1 1805776
1 8800132
1 8348594
1 8215745
1 8773155
1 1000488
1 3280017
1 259720
1 4689836
1 7203108
1 8512292
1 1065181
1 6271664
1 4202764
1 6874947
1 4311764
1 4780557
1 5484179
1 6500578
1 7139392
1 2843630
1 5214465
1 120477
1 1010836
1 6889377
1 6489826
1 8095237
1 396020
1 7639455
1 2010635
1 2680173
1 1886251
1 6277061
1 127653
1 4325227
1 9072658
1 8419753
1 701508
1 8010736
1 4918678
1 452320
1 3535900
1 9168604
1 4249511
1 3925741
1 347289
1 6993795
1 2262999
1 321460
1 806271
1 643548
1 4469253
1 6762945
1 1362336
1 5539848
1 7430445
1 3051693
1 5725762
1 1579842
1 1287083
1 7311166
1 369654
1 9467552
1 8868333
1 9200641
1 3732612
1 9108738
1 7921725
1 9302748
1 7397725
1 8338905
1 8282062
1 5112297
1 8090668
1 4651050
1 6403323
1 689911
1 2419157
1 5677349
1 4557037
1 7770506
1 9556818
1 7182995
1 6304283
1 6027480
1 5951579
1 9534981
1 7987081
1 3464471
1 4135322
1 9651652
1 1872465
1 8655316
1 1968264
1 8449251
1 7612716
1 9678846
1 6737632
1 6430676
1 871538
1 4713995
1 3718777
1 8380868
1 9023107
1 1894495
1 7982707
1 3774153
1 1426254
1 6779863
1 1306699
1 749727
1 1056249
1 9103664
1 8622720
1 6320488
1 4002846
1 6734485
1 8604670
1 8239572
1 9520728
1 5983635
1 3639837
1 7742150
1 3284656
1 7673032
1 3685381
1 9356123
1 3528583
1 2470241
1 3930124
1 3201089
1 1592556
1 7234534
1 2487058
1 9245248
1 1986924
1 6479742
1 3320614
1 8924876
1 9545483
1 173780
1 1968190
1 4716629
1 3639583
1 452018
1 3933806
1 920411
1 9500079
1 3316178
1 7195241
1 6968865
1 5007688
1 9005134
1 9537320
1 8915727
1 2004065
1 9533155
1 9719756
1 7152598
1 2206484
1 1171814
1 2873127
1 6480435
1 1651866
1 3052668
1 3688554
1 8376734
1 6050163
1 703110
1 4373174
1 669736
1 1081782
1 9314030
1 1844441
1 3538239
1 5628421
1 5708197
1 4391058
1 1870247
1 1773199
1 2603153
1 6518524
1 9461129
1 798196
1 5762506
1 6923872
1 7739233
1 8220370
1 4969582
1 2608174
1 7256274
1 3703745
1 5451153
1 6712276
1 1564790
1 1492168
1 3130061
1 1114548
1 1736429
1 5295599
1 7201508
1 110017
1 9549157
1 42828
1 721399
1 5757972
1 9765797
1 1463993
1 6725079
1 6889322
1 971129
1 816238
1 3779265
1 4484993
1 5176597
1 55208
1 5829701
1 3913435
1 8331558
1 9400366
1 4276998
1 3877165
1 9197750
1 477999
1 6104478
1 8703117
1 280703
1 1420414
1 7042609
1 4782360
1 1068121
1 3401719
1 8399146
1 1687432
1 2246529
1 6267976
1 859145
1 5002996
1 9425017
1 1362739
1 9142590
1 4010742
1 7879943
1 4836147
1 9348828
1 2897163
1 1051026
1 6087919
1 9559259
1 4330274
1 1438654
1 2790625
1 4774906
1 5916899
1 8771999
1 7673051
1 5022389
1 3621254
1 8793132
1 7519402
1 4806029
1 4583198
1 3820275
1 8398743
1 7455849
1 5200429
1 1734752
1 3619043
1 3896619
1 7416317
1 1172678
1 1739703
1 193049
1 3294092
1 4531818
1 8786681
1 6971635
1 8446147
1 4905343
1 2619456
1 7216792
1 8126028
1 377547
1 7455184
1 4838017
1 6766531
1 2861176
1 4184818
1 9149361
1 9628503
1 4685068
1 5925656
1 5505887
1 5151749
1 3063460
1 6302298
1 4953687
1 1111812
1 9718359
1 8744228
1 444101
1 4870411
1 6090615
1 6258607
1 686554
1 7922119
1 5755627
1 2941780
1 8145876
1 1217878
1 3926544
1 3263157
1 6143018
1 201602
1 5884428
1 9414322
1 9015758
1 9311815
1 8638233
1 5839469
1 2064662
1 2210053
1 9290860
1 100492
1 3064017
1 3599527
1 9323399
1 512051
1 2666991
1 1673346
1 2452627
1 7448637
1 9366215
1 3385685
1 5564153
1 8473038
1 9318017
1 8250843
1 6358595
1 8456172
1 5701134
1 9951419
1 6397008
1 7272900
1 7714244
1 5148159
1 9422946
1 4524540
1 5543685
1 7569826
1 9367825
1 6269120
1 9963295
1 3784759
1 5948511
1 4615826
1 4812725
1 9703992
1 8552004
1 8968245
1 2710334
1 695146
1 4873979
1 1941105
1 627552
1 4908441
1 352561
1 2353880
1 7701487
1 6787658
1 9720206
1 5494985
1 443261
1 4556417
1 6548265
1 110901
1 7759184
1 8842848
1 4577874
1 3514947
1 4078776
1 7358812
1 1314196
1 5399237
1 3990519
1 2277856
1 2787619
1 5243594
1 3065982
1 6171183
1 1491225
1 3516089
1 2557721
1 2744609
1 3051742
1 5244469
1 2973282
1 7000485
1 2490957
1 2588840
1 8448214
1 7795442
1 9633431
1 5653561
1 4493406
1 2456367
1 1577467
1 5340977
1 3922956
1 7714831
1 5934060
1 4872792
1 7055685
1 3328562
1 1341984
1 1771844
1 4935783
1 9326988
1 1113030
1 6753763
1 4734345
1 2879831
1 8134299
1 7027272
1 6440717
1 7531827
1 4129576
1 9833917
1 561348
1 7591576
1 5314434
1 2571622
1 8492029
1 8256804
1 141588
1 3637045
1 8348588
1 2874060
1 1463563
1 8501038
1 1529579
1 4208661
1 4874797
1 3641440
1 5825061
1 3269328
1 7134041
1 657450
1 3432007
1 2147465
1 6718423
1 4169394
1 4334052
1 5024251
1 1631293
1 9537955
1 8280138
1 8093912
1 9710250
1 4395314
1 7966899
1 3118366
1 363873
1 5680407
1 5572612
1 5776981
1 4325625
1 6568473
1 5142164
1 6266853
1 6436555
1 3790239
1 7338973
1 6533594
1 6587623
1 6430676
1 9026235
1 8118687
1 397805
1 5628265
1 6743943
1 4629501
1 3276342
1 4459235
1 6302351
1 7512349
1 9964699
1 3619509
1 4940067
1 2448945
1 6225856
1 5901629
1 2221969
1 5319403
1 8976789
1 1342952
1 7319061
1 9494868
1 8862119
1 7120158
1 9040092
1 4813279
1 2053151
1 4158672
1 246690
1 9056696
1 4832273
1 1976616
1 9101963
1 6387703
1 6404660
1 4461429
1 4205975
1 772012
1 8721360
1 3426809
1 6394342
1 7165856
1 1130619
1 6312619
1 2948604
1 3869071
1 9153749
1 5062560
1 6744595
1 973178
1 7579378
1 6153187
1 2174448
1 6840446
1 6482631
1 1320121
1 9433496
1 5380510
1 4658614
1 6631518
1 6781748
1 4936436
1 8283462
1 9482101
1 5034689
1 4525307
1 1065902
1 6808818
1 5638631
1 5332108
1 5186667
1 156041
1 8759247
1 6864623
1 3394606
1 5788973
1 2563648
1 249927
1 819264
1 9362811
1 9100024
1 8998309
1 2342973
1 1371891
1 4227958
1 211893
1 9229273
1 2100741
1 2893383
1 5164618
1 9904987
1 1206001
1 4310833
1 3778383
1 6548194
1 8925203
1 2142728
1 8305111
1 7061240
1 1311590
1 4440609
1 8625183
1 9596774
1 3943310
1 1822885
1 3410709
1 3874967
1 4367483
1 3381353
1 6960326
1 8038687
1 4156102
1 4716386
1 75432
1 5134058
1 7472741
1 1759600
1 7512060
1 6787742
1 7866803
1 4166792
1 8767309
1 95770
1 8131946
1 4010578
1 7769644
1 3602980
1 9705481
1 2317691
1 4790483
1 8415835
1 1632397
1 4274797
1 8420334
1 3936272
1 2656167
1 5839446
1 2349317
1 9604896
1 8753058
1 5801594
1 5762974
1 4147797
1 1750692
1 9151999
1 4880719
1 2222726
1 8449854
1 9277200
1 8143521
1 2276404
1 3105768
1 383975
1 3969851
1 1612860
1 7542547
1 4613937
1 4792171
1 2789589
1 9581055
1 3172443
1 5835033
1 6195305
1 8014221
1 3789986
1 4873328
1 2851201
1 7224639
1 3737942
1 566117
1 3986461
1 314477
1 1485057
1 3090144
1 6761923
1 4431940
1 5993229
1 9193599
1 4783334
1 4608036
1 4956483
1 1014282
1 6230529
1 2667693
1 7462743
1 6778495
1 719419
1 3090318
1 4985576
1 1700333
1 4163051
1 6786122
1 6483551
1 5397063
1 4666467
1 6287798
1 8208568
1 2874389
1 7157882
1 4046807
1 4871581
1 6164039
1 9865422
1 5124560
1 1263742
1 9953429
1 5895592
1 8037405
1 9671374
1 427354
1 7613078
1 5894127
1 9468471
1 78368
1 3597216
1 8758298
1 6101631
1 7480871
1 767599
1 5890403
1 7302139
1 9561778
1 6887734
1 2636271
1 3011115
1 5728634
1 9997322
1 415232
1 9068967
1 7167763
1 528405
1 2380463
1 903334
1 2918182
1 5273786
1 41551
1 7278004
1 5848774
1 9114763
1 6391446
1 702236
1 7216437
1 5892048
1 1795111
1 2800792
1 6953534
1 6128075
1 4353020
1 1158986
1 4168024
1 8278147
1 3028593
1 5889640
1 1850096
1 1984622
1 9350604
1 9396951
1 477227
1 6331038
1 6962710
1 1713047
1 1039538
1 8047571
1 2246470
1 4886408
1 8628309
1 8228012
1 9864890
1 1271432
1 270012
1 5832777
1 5394849
1 6300119
1 1312466
1 6736407
1 8174015
1 8166621
1 9117620
1 2234955
1 1916222
1 9224394
1 878707
1 9450863
1 9513161
1 3107599
1 9120920
1 3730619
1 1551012
1 7146330
1 4323545
1 1274566
1 79316
1 2349419
1 9752135
1 3743919
1 2090147
1 2224986
1 960524
1 9671927
1 7272431
1 9306736
1 207501
1 7999429
1 4956999
1 9102840
1 4843387
1 810443
1 205227
1 4891943
1 6220609
1 9516263
1 7033221
1 8136390
1 3734854
1 8074215
1 9767329
1 3357223
1 4186643
1 5125577
1 5237082
1 2569760
1 8917779
1 8115015
1 6163982
1 191652
1 5519869
1 5622417
1 2938480
1 3279373
1 7250578
1 5846693
1 3403725
1 6931416
1 1599700
1 4374720
1 7669325
1 799696
1 5219466
1 1064393
1 1478003
1 9479628
1 8050272
1 3737471
1 1309046
1 8981864
1 6538924
1 5055086
1 6230584
1 3407699
1 6271151
1 6147979
1 472639
1 127141
1 9099815
1 3033625
1 7686861
1 4645911
1 9540593
1 436427
1 9850898
1 8024384
1 1210951
1 8672943
1 2175773
1 8907177
1 9341439
1 7838934
1 4854093
1 9514736
1 3861195
1 173688
1 335960
1 9132091
1 3518620
1 8495163
1 4238650
1 1782175
1 2010989
1 4034564
1 9169012
1 1547521
1 4641147
1 137115
1 4340451
1 2743721
1 5489557
1 2817697
1 3066441
1 6311545
1 5676547
1 3813391
1 5009703
1 1265951
1 2446826
1 4040051
1 7133543
1 6555165
1 9088859
1 6537915
1 3954317
1 2310051
1 5643893
1 2824804
1 8804341
1 6784291
1 331931
1 4584153
1 5860686
1 8659420
1 4949289
1 2547696
1 742520
1 5469769
1 6994824
1 4726074
1 5517529
1 4589519
1 8271526
1 971241
1 7416229
1 6148729
1 8246278
1 2595567
1 3040805
1 1589557
1 5742200
1 8817644
1 9142143
1 5119856
1 5999906
1 1543011
1 8039438
1 9504227
1 413000
1 7529664
1 1427370
1 6704165
1 7087246
1 9401148
1 768697
1 4646356
1 6768664
1 6532793
1 3247927
1 1047199
1 8382133
1 9686559
1 5123898
1 9634911
1 4638195
1 3534100
1 1144625
1 1433131
1 6646153
1 9659217
1 9486073
1 5274366
1 4073709
1 2522645
1 4025976
1 2227528
1 8354927
1 1160612
1 8594157
1 9776446
1 2262946
1 953000
1 3282724
1 1952620
1 5204924
1 7569860
1 1651806
1 8243155
1 3536045
1 6002808
1 4926706
1 9982121
1 2220772
1 3819805
1 6096374
1 8771662
1 1581981
1 7144585
1 3478303
1 492217
1 7702741
1 1565133
1 3706443
1 6529472
1 3417984
1 9624087
1 3535976
1 4655328
1 7042543
1 8492980
1 102790
1 2705859
1 8953007
1 616167
1 3561496
1 8990653
1 3737245
1 5679994
1 5805416
1 2357067
1 1825163
1 9071302
1 7268458
1 7296808
1 5134691
1 718525
1 4087680
1 7646737
1 9871307
1 4942868
1 6158340
1 3979730
1 6367381
1 844739
1 4597219
1 2397790
1 5456784
1 1417658
1 9602768
1 5583357
1 327561
1 8087316
1 4156695
1 9510227
1 6344845
1 9756981
1 792934
1 5511965
1 1134800
1 3402198
1 3046152
1 8984292
1 7955087
1 9917407
1 5304215
1 5566442
1 922172
1 4842772
1 7828660
1 5644757
1 5349501
1 4542095
1 8331519
1 9360455
1 2083099
1 3268920
1 6362247
1 7238121
1 3489388
1 5152957
1 1024698
1 8660796
1 1224825
1 2527119
1 5112380
1 4938002
1 9698661
1 6727845
1 9551829
1 1959710
1 4961673
1 3948124
1 611210
1 3528997
1 223452
1 436789
1 9167393
1 1273339
1 3777664
1 6854217
1 4235520
1 4844
1 9459396
1 4790124
1 1799403
1 3227844
1 8765299
1 6774010
1 8518658
1 6296265
1 6533558
1 7310607
1 6199348
1 4615413
1 9548899
1 4368394
1 401600
1 1746066
1 951625
1 3418839
1 1447728
1 8168269
1 7374356
1 3173477
1 3156799
1 6612924
1 7100624
1 1236969
1 8606791
1 1870145
1 7821227
1 5424592
1 3539562
1 6777251
1 9142391
1 2874950
1 4391433
1 7006782
1 3629123
1 703443
1 1322320
1 3597516
1 8403431
1 204265
1 9336689
1 2589653
1 7222114
1 3268274
1 843444
1 3510306
1 23987
1 7121141
1 5289409
1 6832485
1 8154487
1 996948
1 5184579
1 466097
1 830180
1 1468239
1 871509
1 4570003
1 6704983
1 2911355
1 5667707
1 5357475
1 9115008
1 6667166
1 6327062
1 6293272
1 4858839
1 1913731
1 878033
1 6539471
1 3025278
1 4168476
1 1754769
1 2612252
1 2628924
1 3146331
1 847560
1 7335372
1 6313399
1 2005024
1 1253337
1 1430276
1 8103194
1 7966350
1 9977585
1 6961915
1 3513025
1 4835628
1 7888673
1 2128369
1 8512760
1 2316856
1 869168
1 9032700
1 6567253
1 1186014
1 8107264
1 4242926
1 54912
1 3547754
1 5718276
1 7012868
1 7588865
1 4323681
1 6825471
1 7370645
1 5994361
1 2175314
1 5451129
1 2224871
1 258971
1 5280098
1 6601009
1 8597255
1 6066427
1 5535916
1 4177605
1 1694546
1 3683906
1 8045263
1 7444829
1 9491575
1 2317175
1 7252861
1 2105719
1 1994718
1 2167425
1 565780
1 4155459
1 8224984
1 1258703
1 3246983
1 4771447
1 6226598
1 525006
1 4265947
1 5738613
1 6552793
1 4894388
1 838113
1 6164152
1 1066307
1 4151574
1 7433674
1 8977001
1 91985
1 8311882
1 6346790
1 2970826
1 7623024
1 9222996
1 9043165
1 8470951
1 8326450
1 7849655
1 8788284
1 7780515
1 7564771
1 2424828
1 1157874
1 2077848
1 8444405
1 8958858
1 8916762
1 684671
1 8060236
1 572763
1 9286409
1 9955047
1 6379921
1 1685629
1 804535
1 4958806
1 4117382
1 6495129
1 3060870
1 5020609
1 8790183
1 8420275
1 3425580
1 2014742
1 2846769
1 3978467
1 4301756
1 2827384
1 8701197
1 3363370
1 7618114
1 7299734
1 7335769
1 4648722
1 9874597
1 5055442
1 7790070
1 7856798
1 5023733
1 8453208
1 5075580
1 7178092
1 8005279
1 9214972
1 7962948
1 8037979
1 2556298
1 3629894
1 4034824
1 585851
1 9555927
1 8771477
1 325408
1 9798593
1 9710858
1 6075245
1 3097344
1 6733638
1 7084885
1 6695503
1 1456682
1 7671520
1 9233502
1 7054517
1 8822715
1 2255900
1 733108
1 2908767
1 9304298
1 8318372
1 3662804
1 623274
1 3814148
1 4333846
1 8312498
1 7954371
1 4804725
1 9452612
1 1722092
1 5280162
1 2312769
1 914716
1 3561958
1 9955514
1 562196
1 877797
1 8316722
1 3092247
1 8217328
1 5366505
1 1844761
1 2803175
1 3938390
1 3374524
1 428621
1 3141099
1 3709049
1 9361248
1 1925622
1 6939391
1 6553976
1 7811286
1 1745871
1 2637226
1 3410544
1 4621710
1 8401410
1 1665694
1 8513131
1 9417305
1 5554719
1 3811260
1 7089177
1 8306309
1 8895899
1 7629139
1 2118005
1 9382699
1 6624491
1 1995399
1 5915970
1 6935031
1 4375638
1 844624
1 5750877
1 7715893
1 9176856
1 5052626
1 106450
1 8561762
1 133532
1 371592
1 8863703
1 2561774
1 8281346
1 8697357
1 2816005
1 5468143
1 1349176
1 4303411
1 2747141
1 4979381
1 1794939
1 6138886
1 7607309
1 237443
1 5837586
1 954127
1 9367741
1 2571919
1 4018469
1 3925850
1 565946
1 1063277
1 2193438
1 7594533
1 2885142
1 1088501
1 2540577
1 2730828
1 4885379
1 5755538
1 7770474
1 3126991
1 7172765
1 9825647
1 6035915
1 7539084
1 2215238
1 2851555
1 3297436
1 6225885
1 5530030
1 9939017
1 5465684
1 7297197
1 1106072
1 5828657
1 2693740
1 731222
1 8924025
1 3330886
1 8350220
1 3822754
1 4737700
1 8620534
1 3530261
1 5187381
1 7612220
1 4522506
1 158127
1 1140947
1 1803786
1 4451427
1 9715507
1 4506333
1 3683619
1 4917891
1 585619
1 7049305
1 7310380
1 5298310
1 5807789
1 5711255
1 432399
1 1563729
1 3023572
1 2755368
1 4240592
1 1664924
1 1170890
1 161472
1 874135
1 1576614
1 3197700
1 8134841
1 8970589
1 1731480
1 491704
1 3146978
1 377705
1 8598890
1 8316614
1 8167162
1 974612
1 7320292
1 6568362
1 5552174
1 4566318
1 3828370
1 5865037
1 347726
1 6458773
1 682048
1 2122351
1 1470488
1 1250605
1 2267461
1 4652801
1 5624846
1 2617541
1 8042381
1 730538
1 6449683
1 5968179
1 5940748
1 9181868
1 1379934
1 2945287
1 9467519
1 9225609
1 4947976
1 1532079
1 742101
1 2152757
1 4847074
1 7083223
1 6831698
1 530866
1 5554109
1 5816842
1 1489298
1 601922
1 41969
1 4067148
1 8286627
1 9949122
1 2424576
1 7364030
1 9864059
1 2322449
1 2879367
1 810236
1 3542228
1 7701870
1 4928329
1 8135900
1 8739590
1 8154565
1 7084224
1 4020716
1 5138717
1 9182889
1 5343553
1 3911494
1 2566294
1 513965
1 9300995
1 2751131
1 3862871
1 6396030
1 4115591
1 4696446
1 7621186
1 1275835
1 7357823
1 6512086
1 3848104
1 7778516
1 2303455
1 2999203
1 1675228
1 9584989
1 2591519
1 7313364
1 9577459
1 5747102
1 5869848
1 7653874
1 8324128
1 1593103
1 6303988
1 3699021
1 130879
1 6621075
1 9362969
1 5400285
1 7766
1 5149052
1 7465718
1 2652548
1 1457306
1 8683427
1 5925375
1 2131124
1 5093267
1 1107146
1 5907245
1 288591
1 6759776
1 8713158
1 662235
1 1176377
1 3120518
1 2901176
1 1937949
1 644802
1 1322888
1 947301
1 5997663
1 1057010
1 9916035
1 8612791
1 3134008
1 8083745
1 9281046
1 4319632
1 2340408
1 8315358
1 7048235
1 6748639
1 5444430
1 591411
1 163012
1 9957002
1 6580578
1 2359025
1 8062283
1 5227396
1 4643611
1 849811
1 2090108
1 84970
1 8876810
1 1008262
1 4769245
1 8015932
1 3483353
1 5759603
1 3307579
1 4430270
1 1405121
1 1696656
1 7034871
1 9883429
1 6897966
1 1106463
1 5311320
1 6235691
1 5099257
1 6527619
1 4523788
1 2807704
1 6955742
1 6310407
1 5349361
1 3041095
1 6631697
1 5686422
1 716114
1 3514430
1 9348538
1 7682078
1 5411942
1 9863957
1 7221483
1 1622021
1 7938891
1 2507663
1 3987375
1 4860853
1 8498558
1 618318
1 1553702
1 8986485
1 9476446
1 6349495
1 3076702
1 798236
1 6323483
1 3143
1 809836
1 1953930
1 3423208
1 288680
1 9892826
1 6762599
1 4669270
1 4640255
1 4652538
1 6985107
1 873128
1 4952834
1 2077849
1 523949
1 6986726
1 620983
1 5182663
1 4423882
1 5636325
1 4910915
1 8459005
1 6027736
1 2519959
1 741718
1 6898307
1 5228048
1 5338769
1 7471292
1 9962562
1 4002090
1 4144129
1 2442602
1 8437430
1 1178976
1 5614542
1 3730949
1 987918
1 8521475
1 6029670
1 742275
1 1081793
1 2129003
1 9627769
1 2573277
1 3689734
1 4775253
1 9067756
1 4792405
1 7944588
1 2748978
1 7321453
1 7701593
1 2339085
1 8295760
1 9559342
1 3434
1 5519908
1 8752718
1 486156
1 7917255
1 9739194
1 3913564
1 8277911
1 8225212
1 3565260
1 9076807
1 179756
1 8042077
1 8727284
1 2517906
1 6082428
1 6900253
1 716221
1 749591
1 7841720
1 4544360
1 9503804
1 9078793
1 3098277
1 1181328
1 1666471
1 2776527
1 2493499
1 5412284
1 9620204
1 8362204
1 1669545
1 4333094
1 4612722
1 1622347
1 1004239
1 6796192
1 9362242
1 4998892
1 414912
1 1008723
1 8509574
1 8988418
1 8008410
1 4673300
1 267197
1 9425553
1 7346251
1 5712738
1 9156839
1 4986687
1 4459685
1 5464859
1 8762573
1 4379418
1 9341764
1 6674626
1 1839366
1 8915326
1 6430622
1 1017515
1 2068303
1 2785968
1 8374467
1 7557831
1 9898751
1 7346930
1 7793716
1 1455494
1 6250618
1 1071988
1 7170944
1 6881331
1 5875189
1 6757321
1 4791905
1 2574190
1 8983534
1 1860063
1 9101150
1 9199620
1 9972914
1 6188339
1 2789711
1 9788262
1 6258715
1 7024647
1 1036538
1 4911001
1 3087595
1 5895787
1 9839098
1 4587686
1 6112580
1 3617615
1 4362191
1 9272441
1 1795597
1 2949483
1 6721462
1 3450547
1 9449737
1 8240212
1 5891195
1 4745727
1 5276620
1 939663
1 9754272
1 9984763
1 6787096
1 9078761
1 4414245
1 3278717
1 7944035
1 5602107
1 9833364
1 9027605
1 4392844
1 9177453
1 3695552
1 9191910
1 802829
1 4942301
1 3435465
1 7799810
1 7626120
1 8071029
1 8300585
1 5897431
1 6320549
1 7792839
1 4922665
1 3220742
1 2310418
1 2508353
1 3217869
1 6000471
1 4066553
1 8839775
1 5074280
1 8455683
1 2314765
1 5721472
1 7397448
1 375448
1 2765298
1 5387802
1 5927930
1 9330893
1 7450152
1 3927863
1 9464335
1 119626
1 3637043
1 4473883
1 8212698
1 468460
1 5210824
1 9988480
1 5481754
1 9055942
1 2754945
1 4687481
1 3576262
1 9460123
1 3710853
1 9977848
1 485413
1 4367802
1 9472300
1 9516641
1 53830
1 6668296
1 36039
1 9398125
1 7174259
1 2218501
1 5783518
1 8013848
1 4573419
1 5642961
1 8887285
1 7475931
1 7745533
1 1313226
1 6234433
1 4691170
1 1657976
1 6015434
1 7781493
1 8591549
1 3132269
1 85863
1 1152773
1 1080399
1 4085550
1 2352605
1 1515471
1 3539160
1 2806276
1 7522571
1 7324308
1 8811440
1 6627627
1 5361024
1 7869784
1 5848719
1 4073795
1 3982863
1 4988529
1 9533412
1 6982454
1 4751683
1 6729694
1 3120311
1 6033882
1 2365245
1 2627552
1 2629923
1 1318301
1 2217353
1 5476049
1 8209271
1 1868164
1 1557927
1 1030275
1 740335
1 7411617
1 6653913
1 4557033
1 4719310
1 8300161
1 1736654
1 6664551
1 5676823
1 2026797
1 3811312
1 7163482
1 3693191
1 1418213
1 161172
1 4039128
1 656456
1 8540308
1 1788435
1 1714061
1 92989
1 8045837
1 1628857
1 4586978
1 2261191
1 2715928
1 3205663
1 3629314
1 9725555
1 9130538
1 7615602
1 9073855
1 3523457
1 8496488
1 2185720
1 7555630
1 1052332
1 415425
1 8080359
1 7785658
1 7676304
1 5120432
1 7062538
1 9219451
1 2623750
1 3827048
1 5771670
1 9216086
1 6754026
1 2849112
1 8344847
1 9085928
1 7390730
1 7382219
1 8501193
1 382287
1 1223629
1 5654474
1 177434
1 6261802
1 8422759
1 8378569
1 9590575
1 2325725
1 5625159
1 206299
1 8749877
1 9412531
1 8540735
1 7358492
1 4034520
1 3878892
1 3481795
1 2543788
1 6103581
1 6559983
1 616005
1 7981818
1 8419624
1 5342836
1 821434
1 5063773
1 5563167
1 9402284
1 7789613
1 3587146
1 9013089
1 4567846
1 1584482
1 9815418
1 1290705
1 5297113
1 6774374
1 9553481
1 7439260
1 3531255
1 2407334
1 7657515
1 2640607
1 7180352
1 6264699
1 8531118
1 979031
1 6664141
1 5980006
1 923227
1 3509557
1 7243814
1 5293583
1 6904896
1 4204329
1 3353127
1 7165384
1 2519942
1 5127277
1 2722781
1 6793320
1 2694612
1 7537713
1 2149542
1 4263872
1 9962785
1 6915542
1 2499941
1 8121230
1 6403240
1 1645130
1 7991416
1 6752911
1 4659409
1 818850
1 5876498
1 1620602
1 8539621
1 6577174
1 4740387
1 6004592
1 6901861
1 902105
1 439388
1 694078
1 1400939
1 5979563
1 3322345
1 465058
1 6473970
1 1900443
1 4038904
1 782621
1 8165060
1 8729755
1 2011458
1 5465208
1 9828256
1 5295716
1 8584872
1 4709839
1 3967321
1 8619529
1 3789062
1 5904347
1 1951395
1 1520726
1 7214469
1 6511844
1 361826
1 5030390
1 4886697
1 8608625
1 1474674
1 1362439
1 9021172
1 2129648
1 4512829
1 1760046
1 9662588
1 723293
1 8994545
1 6903681
1 9163332
1 1252702
1 271178
1 4533886
1 6603304
1 673362
1 8925973
1 2660286
1 4931628
1 7728896
1 1963271
1 1302272
1 9588063
1 8002649
1 3108379
1 6944646
1 5113930
1 5140905
1 1631465
1 5601277
1 2788474
1 7483908
1 7857413
1 7764719
1 9383715
1 8585966
1 3154728
1 3303572
1 2686908
1 8839339
1 4692474
1 9815505
1 9554695
1 1932474
1 3846410
1 6794129
1 3653795
1 2004905
1 4134894
1 6798293
1 3809538
1 524141
1 8000874
1 8932587
1 855314
1 8156676
1 4495064
1 4956655
1 9164742
1 8233086
1 3639817
1 368169
1 354056
1 1642209
1 6863448
1 1593380
1 5041788
1 5324056
1 3385134
1 5333248
1 4584903
1 239019
1 981686
1 1239235
1 578902
1 1891996
1 6171525
1 4588798
1 8781034
1 7593834
1 8821685
1 7086227
1 3974332
1 868909
1 2309208
1 8633137
1 7305806
1 9956636
1 1468773
1 6513922
1 214820
1 7248195
1 1199840
1 628201
1 7869388
1 8392438
1 3898720
1 6707360
1 3082980
1 1925205
1 6319345
1 9576229
1 3647296
1 236298
1 2611468
1 9492824
1 3627051
1 8852493
1 7984456
1 4958818
1 4524447
1 9084715
1 7431770
1 3945664
1 8958575
1 421403
1 3276291
1 4869714
1 7588500
1 3118548
1 2559163
1 2041777
1 7422834
1 1453213
1 4360226
1 2212108
1 4399733
1 3670454
1 982802
1 368898
1 3315708
1 9544018
1 768275
1 8768203
1 1341386
1 8903066
1 3698001
1 9820135
1 2659269
1 8422785
1 2669438
1 9715869
1 9991402
1 3777316
1 8128900
1 4743583
1 501957
1 429265
1 9257626
1 8937507
1 8074084
1 9592436
1 1214014
1 5662139
1 1408587
1 4237874
1 7153020
1 6542911
1 9811385
1 6903301
1 3904710
1 6012705
1 4744967
1 3690330
1 2623125
1 2061490
1 8171673
1 8116970
1 8320426
1 6802913
1 2967323
1 31664
1 6781217
1 1987743
1 8747246
1 4987915
1 9188523
1 839164
1 1168130
1 3728171
1 5758018
1 2007142
1 5257591
1 7881621
1 4420322
1 3032615
1 8029664
1 2678363
1 3368426
1 1928074
1 7241220
1 3351984
1 9509780
1 510416
1 7208035
1 6145907
1 4087648
1 1787592
1 2382734
1 6050742
1 560014
1 2381666
1 3745812
1 3128589
1 1229847
1 6561923
1 6530929
1 4077872
1 1301782
1 1474336
1 5204956
1 8353114
1 507688
1 1641154
1 1227051
1 4620579
1 9389623
1 6048448
1 9273954
1 1829030
1 1409257
1 7511227
1 884905
1 4148225
1 4862113
1 145970
1 1354147
1 8915725
1 2043337
1 1373461
1 313126
1 1873739
1 3940779
1 4476666
1 9878570
1 1626172
1 8928983
1 1281345
1 3781899
1 656191
1 9049131
1 8998630
1 6569219
1 2338247
1 9186436
1 8272404
1 5356222
1 6850911
1 8916401
1 4489378
1 8831373
1 797367
1 1621409
1 6214643
1 4821680
1 4110428
1 2214999
1 5983897
1 1874589
1 2578176
1 9489588
1 5484843
1 6373724
1 4278817
1 5571812
1 4952374
1 5930529
1 7968215
1 2116900
1 8170185
1 7147154
1 2676774
1 1090976
1 7411484
1 18516
1 9528459
1 8633906
1 308845
1 9640473
1 5098407
1 7945503
1 7788148
1 5473990
1 2900362
1 5756554
1 6735926
1 5276871
1 3835442
1 4776249
1 5058498
1 6957623
1 5246712
1 3401435
1 3719400
1 2711707
1 4196651
1 8593780
1 9633647
1 5157638
1 1637467
1 534938
1 4471200
1 3898098
1 2637129
1 4437496
1 610017
1 6313660
1 7865603
1 9338506
1 3810463
1 4513098
1 5734161
1 220022
1 8072987
1 5909276
1 1380003
1 923912
1 1921889
1 3828730
1 4575041
1 6036281
1 3564721
1 8070722
1 8049080
1 5674225
1 6085147
1 9902043
1 2560649
1 577088
1 525840
1 6934564
1 4930045
1 1278698
1 7547471
1 1167699
1 388228
1 1064174
1 4453137
1 1951727
1 2248149
1 7141329
1 2416143
1 7909380
1 226993
1 3651076
1 745539
1 1699143
1 7011297
1 6624862
1 9311413
1 4915740
1 1910877
1 9162961
1 5646944
1 244851
1 4662859
1 8858102
1 167330
1 3332408
1 7821284
1 7722323
1 9486995
1 7499372
1 1141713
1 5801606
1 334187
1 3989884
1 9164743
1 350890
1 1000081
1 1364537
1 4431556
1 5940084
1 4572288
1 7072718
1 8123356
1 4841983
1 7888092
1 3183751
1 9531904
1 8178241
1 9451343
1 9965813
1 4289298
1 5382313
1 802409
1 1897181
1 3754969
1 5784759
1 8541646
1 8506315
1 7981321
1 6880934
1 6742365
1 8146118
1 5170368
1 3238284
1 9949927
1 7648765
1 5236727
1 1584190
1 4746251
1 6398786
1 5186609
1 6221251
1 609677
1 2429730
1 8255196
1 8879733
1 9826963
1 6637081
1 3296897
1 8234326
1 9136099
1 9736906
1 6750223
1 1969420
1 3772362
1 8618760
1 4040225
1 9898367
1 3335644
1 9206396
1 8335908
1 4784520
1 6412555
1 1971859
1 225421
1 4814461
1 8264643
1 3845990
1 883403
1 6650946
1 7503559
1 5364567
1 7032960
1 4088781
1 2176368
1 2191760
1 2558240
1 3507638
1 9466617
1 5818585
1 6179351
1 9795813
1 4946005
1 2251712
1 8512802
1 7734589
1 8297098
1 9316877
1 2004672
1 8458555
1 5223976
1 5912929
1 5787363
1 4125955
1 5963645
1 8022845
1 6571516
1 297552
1 4788093
1 451011
1 3597870
1 3408479
1 8954017
1 9309769
1 1437803
1 1643068
1 9470627
1 6978861
1 659573
1 5517240
1 2841486
1 9306853
1 4999280
1 160826
1 1497716
1 2243951
1 5281018
1 3132353
1 9904172
1 2806967
1 5893077
1 790001
1 2552238
1 7009508
1 162474
1 5341570
1 2299993
1 8631841
1 576980
1 6700898
1 9489049
1 5730730
1 1568741
1 537052
1 3968699
1 803404
1 767206
1 2755110
1 1481564
1 3927925
1 6717157
1 3770013
1 7231685
1 1529244
1 2416176
1 7621035
1 7959748
1 2385520
1 3185366
1 7108051
1 2631119
1 1617015
1 6129421
1 4185250
1 8430240
1 4708313
1 4020362
1 2207351
1 3783899
1 8139185
1 5854541
1 6628595
1 1324320
1 9961090
1 6889346
1 2304311
1 3393614
1 6808580
1 1473855
1 8441583
1 4624721
1 7130829
1 787967
1 2344393
1 4251232
1 882440
1 7536561
1 5342791
1 8860648
1 3744017
1 6832617
1 1362316
1 3197853
1 8535733
1 76953
1 4041014
1 9058968
1 2660563
1 4627352
1 2912538
1 6151254
1 5557592
1 7065183
1 9684988
1 598265
1 7897002
1 9176375
1 8279015
1 1257192
1 7256789
1 3459998
1 8489949
1 5593460
1 2916794
1 736697
1 2966732
1 901244
1 5944306
1 2367708
1 1774255
1 4874199
1 2954214
1 6435067
1 4481511
1 2792607
1 2680429
1 5761338
1 411026
1 6396437
1 8307884
1 1717609
1 4630858
1 6878060
1 3181246
1 2465081
1 7093827
1 6095963
1 4373373
1 4042942
1 579345
1 8057302
1 4575227
1 8373803
1 1461523
1 6418228
1 6367272
1 3356996
1 3576609
1 4133271
1 5504137
1 1189531
1 3716866
1 5484717
1 7574751
1 1885268
1 8267844
1 5797873
1 4550689
1 9691341
1 8791080
1 493134
1 6624768
1 818946
1 1129680
1 2840277
1 7988368
1 9347826
1 4353288
1 1364526
1 6722894
1 373867
1 2061775
1 8564888
1 84522
1 3606476
1 1382476
1 1426289
1 9151217
1 3278635
1 6824606
1 3825516
1 8308233
1 3432277
1 3670557
1 4643455
1 2370533
1 4825765
1 9457311
1 7254237
1 980694
1 5424682
1 4024513
1 7748400
1 5504691
1 8694391
1 1101511
1 9228172
1 7984797
1 8514137
1 1518357
1 6391777
1 1201896
1 6341126
1 3038996
1 5770238
1 2254364
1 1795811
1 7173779
1 147323
1 4652169
1 882858
1 70458
1 9970541
1 9307347
1 5568719
1 1187420
1 7317981
1 5135623
1 6995852
1 9422692
1 1002203
1 13278
1 6234904
1 3610162
1 1670992
1 5597685
1 7589535
1 8120307
1 6884797
1 2161863
1 4357622
1 389343
1 6798236
1 3241734
1 6588266
1 1034849
1 6623803
1 1995881
1 2353765
1 5707006
1 6647566
1 6070615
1 463780
1 7347974
1 8618392
1 6568013
1 2397372
1 1453582
1 5501591
1 3482118
1 7951167
1 7632394
1 4060559
1 6222099
1 4862061
1 6652890
1 292259
1 3433781
1 2216922
1 2603563
1 5594482
1 8409696
1 2857983
1 7320255
1 3154935
1 4353037
1 6508155
1 4702859
1 4813849
1 1272966
1 9804948
1 8869342
1 4581466
1 9340196
1 165055
1 7453664
1 1626160
1 4149282
1 6876614
1 1490223
1 7284836
1 7458794
1 718073
1 8967078
1 3302965
1 9529923
1 762313
1 1245960
1 9221751
1 1472937
1 1987695
1 8971709
1 1872691
1 4927882
1 7273366
1 5955298
1 222557
1 4103785
1 9992518
1 587162
1 3188048
1 1042729
1 9671029
1 2990771
1 3875657
1 2486464
1 8638533
1 7734162
1 1546134
1 4004644
1 1625507
1 9674755
1 8443530
1 4468365
1 7508501
1 94810
1 6053468
1 1188618
1 9914199
1 3276339
1 7656925
1 2354588
1 3970635
1 4369800
1 2162067
1 6426537
1 1780835
1 1758318
1 4801495
1 4177572
1 2587709
1 6324324
1 2032681
1 1948225
1 5962662
1 6585639
1 1457669
1 8714917
1 1367440
1 4619262
1 5284057
1 6142800
1 4093080
1 4410241
1 5271190
1 4485585
1 9506849
1 8614541
1 7100563
1 6465690
1 8285101
1 5585722
1 169618
1 5148893
1 5961979
1 749853
1 3561786
1 8370268
1 86278
1 8583475
1 8621079
1 3064303
1 3365663
1 7827775
1 3639377
1 2488922
1 8257061
1 7667155
1 4648207
1 9333491
1 5276306
1 2271205
1 1566899
1 9797626
1 2054263
1 8960118
1 230901
1 1663784
1 4135227
1 6010128
1 7331317
1 2615819
1 4024148
1 9905329
1 9831909
1 3532709
1 241975
1 2343476
1 6694147
1 9475681
1 4570430
1 6868517
1 7952268
1 905122
1 2208742
1 4183782
1 5029359
1 9501172
1 778117
1 5874748
1 3809833
1 1489681
1 7579745
1 4463435
1 3664033
1 6301861
1 1565722
1 4459771
1 8175355
1 771771
1 7029201
1 9137993
1 224185
1 5034276
1 178809
1 600234
1 7919053
1 2235705
1 8581893
1 7077178
1 9403335
1 9148628
1 3662101
1 4137339
1 5976810
1 706038
1 5040697
1 7877033
1 872101
1 6482584
1 2499052
1 9501709
1 7128000
1 7486830
1 3587965
1 84950
1 5877559
1 5955963
1 5850952
1 5324836
1 9045280
1 9120612
1 2073973
1 8409290
1 3021942
1 9657865
1 6616377
1 5617504
1 8367191
1 212622
1 5908380
1 709241
1 3685070
1 272632
1 6867003
1 4641569
1 8961260
1 3977200
1 2848711
1 182581
1 4701904
1 1575724
1 1392010
1 5404888
1 1233809
1 660944
1 1904266
1 2051479
1 9667457
1 7230151
1 5911139
1 3939792
1 4441300
1 8062659
1 5095960
1 6718730
1 8195154
1 8703110
1 9304274
1 4981700
1 9603515
1 5333411
1 1775368
1 9621899
1 3171744
1 6317929
1 5616390
1 5895047
1 9625215
1 1648166
1 3413736
1 9637560
1 5202621
1 4785528
1 8290421
1 787734
1 7649861
1 1511803
1 2698237
1 7824653
1 9098803
1 7567110
1 9547692
1 8403936
1 2323464
1 397418
1 3611037
1 6455072
1 7629191
1 3192900
1 3333447
1 5418138
1 3649383
1 5462810
1 3869501
1 5072567
1 5427770
1 5095430
1 2147901
1 468722
1 3643276
1 8057992
1 9521048
1 6159295
1 348901
1 2846495
1 5939711
1 31778
1 5246208
1 4710433
1 6397266
1 8137660
1 3829358
1 8765099
1 2351219
1 1032680
1 3007927
1 4505052
1 7550585
1 2599657
1 1917901
1 3183547
1 7461731
1 3472219
1 7314048
1 6199214
1 1196834
1 9623168
1 4041026
1 5830720
1 482103
1 5896753
1 9109054
1 366378
1 8397320
1 3681346
1 7770466
1 5832864
1 2148293
1 7574297
1 4866389
1 8247445
1 2628542
1 8649367
1 6219493
1 6078092
1 6768198
1 2086929
1 1878611
1 309536
1 1017898
1 4238823
1 5853784
1 1699205
1 267034
1 3290195
1 5173071
1 4050643
1 3924930
1 2063614
1 6078171
1 8586578
1 3209948
1 753503
1 3179641
1 9597440
1 5554920
1 3038098
1 675234
1 3947681
1 8033529
1 609347
1 3176509
1 8619592
1 2485027
1 1719463
1 187766
1 3401084
1 1181154
1 1688324
1 9195809
1 4957466
1 7874787
1 1812091
1 2732044
1 314198
1 6031529
1 9658885
1 6946627
1 204226
1 3918133
1 1545338
1 6841701
1 9988207
1 1445665
1 6508900
1 6172417
1 4995085
1 9788403
1 8379784
1 9067886
1 8973720
1 1840915
1 4878334
1 4129372
1 4279921
1 3801360
1 3056600
1 7040386
1 6249105
1 3190234
1 6157828
1 1916191
1 3989883
1 2362412
1 3878797
1 6019127
1 3425206
1 5507289
1 9487768
1 3638696
1 266891
1 2696678
1 5157188
1 1337483
1 5846462
1 1074589
1 5105609
1 5485789
1 2631856
1 8008144
1 7527880
1 9296980
1 5205600
1 7438378
1 9133002
1 5988101
1 7722182
1 4079381
1 865066
1 6371032
1 9928096
1 3485958
1 2760322
1 2161035
1 397868
1 4253536
1 6925841
1 20351
1 2062966
1 6822023
1 2493701
1 1171471
1 8630784
1 743261
1 5726875
1 1245463
1 3392110
1 8252530
1 3523530
1 7022972
1 490579
1 220689
1 2292546
1 9068197
1 7425310
1 4648848
1 3953841
1 5466976
1 5349245
1 4885413
1 5120319
1 1470649
1 2470474
1 2905272
1 2358765
1 8917298
1 1147522
1 8746853
1 5454533
1 8830620
1 8420051
1 6150941
1 3648674
1 7152763
1 7247876
1 2773681
1 6454872
1 129177
1 6258617
1 3208955
1 1969479
1 9426474
1 4498574
1 1265821
1 7525208
1 4528637
1 4366849
1 8357676
1 5639653
1 3610227
1 7992427
1 7448986
1 9124161
1 3315610
1 1141850
1 2175308
1 71495
1 5294362
1 6070329
1 9174392
1 5681695
1 7638842
1 4732444
1 7367210
1 2643180
1 3789828
1 9817816
1 917411
1 1110496
1 3781562
1 1946276
1 231434
1 148285
1 4855676
1 493711
1 9859751
1 4217358
1 3080018
1 779367
1 2894616
1 2459318
1 1200839
1 1004233
1 4684701
1 8728431
1 8736605
1 3665997
1 8306087
1 941484
1 1573577
1 6965247
1 6944421
1 6455718
1 661563
1 764527
1 4962491
1 4174790
1 2519026
1 6566937
1 7224582
1 7956662
1 2978808
1 3324501
1 4014221
1 7944808
1 3673979
1 9101382
1 2624377
1 2943458
1 6606459
1 9095351
1 6126203
1 3996672
1 4823567
1 4099629
1 2619176
1 8275339
1 6639057
1 9398577
1 6686211
1 5236373
1 1908217
1 9869146
1 1568928
1 1168418
1 9556583
1 2867026
1 2471284
1 6857793
1 5986378
1 5588936
1 6007973
1 3906736
1 2742851
1 957994
1 1285658
1 1045819
1 3925950
1 105223
1 155572
1 4844828
1 9451526
1 7925419
1 8849913
1 1268369
1 6591073
1 4138142
1 3377987
1 1275978
1 5137938
1 2723470
1 3206237
1 9085704
1 5744900
1 9366575
1 9887978
1 2915458
1 8340356
1 6722844
1 2182117
1 2805416
1 8296490
1 7003777
1 7665762
1 785564
1 2121093
1 9477783
1 5602140
1 4348404
1 4116910
1 3049907
1 4015796
1 3471527
1 7561857
1 5883378
1 4544684
1 9570902
1 9172721
1 4602536
1 7686681
1 6124481
1 3402247
1 767739
1 3398109
1 6065479
1 1927227
1 5617321
1 5863303
1 6737706
1 5255040
1 8361849
1 1421410
1 912032
1 6143794
1 1686581
1 873626
1 4530098
1 3447673
1 3387616
1 6597910
1 6817217
1 8383483
1 3506998
1 1568500
1 411098
1 9991703
1 5120399
1 2614155
1 3561328
1 785740
1 9032642
1 2866591
1 3309972
1 1266118
1 2324569
1 506375
1 7096620
1 8453022
1 3051111
1 4187601
1 1625948
1 3617318
1 3112367
1 3326445
1 2923672
1 4854019
1 2709476
1 3142907
1 3497369
1 3971503
1 2600725
1 2183529
1 807654
1 8545095
1 2246077
1 4709470
1 9622319
1 8227056
1 9811970
1 9104940
1 519686
1 1277933
1 4223307
1 1619120
1 8665365
1 4991272
1 4133313
1 1067459
1 4856538
1 6118002
1 6703917
1 4483230
1 8058389
1 2903409
1 4991143
1 9492904
1 7175736
1 6481299
1 1250348
1 3813191
1 7751602
1 5118277
1 8210024
1 8749767
1 971668
1 5033395
1 6111627
1 4592291
1 1504913
1 1316905
1 7280120
1 6864265
1 865420
1 9810427
1 8210460
1 7774661
1 3387739
1 1671034
1 1785346
1 904639
1 3736552
1 2767843
1 7301023
1 2213053
1 7199495
1 3903080
1 7898843
1 8183010
1 4355788
1 9324913
1 2637271
1 2836146
1 6351797
1 7695279
1 266782
1 5709485
1 527151
1 8893682
1 2448099
1 1012059
1 2573245
1 5128110
1 1967770
1 9184848
1 7560612
1 5387435
1 8119299
1 5308644
1 6050190
1 1831781
1 1551656
1 4206304
1 7218479
1 2104423
1 1144887
1 403102
1 8709622
1 2689214
1 1591745
1 2977429
1 9142223
1 2614059
1 355817
1 7280224
1 5808577
1 8106189
1 5062112
1 2547473
1 6663028
1 5402340
1 8968489
1 9957369
1 2834378
1 5878308
1 7086646
1 6029589
1 4356492
1 4999978
1 9850384
1 2530453
1 9008955
1 7298603
1 3919897
1 5383655
1 9642776
1 1531218
1 8348443
1 6836052
1 1776754
1 461347
1 6834238
1 6113637
1 8682939
1 8279852
1 7377092
1 339030
1 5639383
1 8153524
1 8237919
1 8858406
1 6438025
1 6991076
1 8352084
1 6370538
1 9694037
1 8753553
1 9612123
1 7741036
1 3767403
1 4335243
1 1116206
1 598778
1 8611197
1 6181050
1 3385926
1 9824731
1 3786915
1 6233761
1 966430
1 5941861
1 4939656
1 3236590
1 4900107
1 3426024
1 5618856
1 8730792
1 7616024
1 1728069
1 2563683
1 2947259
1 9431950
1 7331911
1 8018765
1 5864888
1 7143273
1 5041204
1 8745902
1 7204722
1 9869734
1 3287233
1 6149989
1 6154827
1 3962919
1 1935500
1 3889156
1 3195633
1 5918345
1 3918879
1 8466049
1 7079942
1 825784
1 4235842
1 715928
1 4841344
1 4444916
1 6491647
1 3897839
1 2061862
1 783117
1 1431946
1 8207812
1 4910671
1 1805695
1 4326516
1 2463128
1 6709598
1 3323977
1 8486562
1 7613774
1 8430446
1 8609069
1 1598424
1 3166406
1 547430
1 8438907
1 5681049
1 8517951
1 2588423
1 473661
1 3664640
1 5300672
1 9852388
1 3172450
1 8861902
1 9084920
1 4397511
1 9737126
1 2682533
1 7550695
1 4037931
1 8357620
1 8168990
1 7983199
1 497310
1 1058333
1 1736190
1 7979342
1 9917254
1 3337862
1 4730321
1 4105193
1 125588
1 2634970
1 4753312
1 4732116
1 7086428
1 5662896
1 1159563
1 9483910
1 5477405
1 3004259
1 1984168
1 7728284
1 1814045
1 1601902
1 9559854
1 3721894
1 4666511
1 4478486
1 4180003
1 9959358
1 9675528
1 6908436
1 7610001
1 4285925
1 6064309
1 2310958
1 3350491
1 3620794
1 7010990
1 2598822
1 2429683
1 5095171
1 6964634
1 6963297
1 1796681
1 2712884
1 7304839
1 9080364
1 9244490
1 1541047
1 8197410
1 1868868
1 8847295
1 4493424
1 7450469
1 5860433
1 6115735
1 6078125
1 8381757
1 2302162
1 717912
1 151081
1 4170925
1 3116424
1 667220
1 6145693
1 4970204
1 652834
1 7380607
1 8046856
1 5393189
1 2855829
1 8428901
1 6194307
1 3970489
1 4064426
1 2679114
1 8661347
1 5281238
1 1726188
1 7336928
1 2734164
1 4510129
1 411295
1 105811
1 7635029
1 8938984
1 3907169
1 1544423
1 4673576
1 8842340
1 4342838
1 2341992
1 4642919
1 2204918
1 6738823
1 6739369
1 9125267
1 6728566
1 5672731
1 5680331
1 7727836
1 721242
1 2480684
1 1918571
1 1864185
1 4935580
1 8194474
1 3774206
1 5283562
1 2779704
1 9411352
1 8923501
1 4844339
1 7736427
1 5807347
1 1335541
1 2780989
1 8456799
1 2213414
1 6668780
1 1833928
1 8923973
1 5123347
1 5120165
1 9801524
1 1667290
1 4668
1 1395590
1 6164927
1 852465
1 3442487
1 970685
1 2638666
1 9193520
1 8201907
1 3295061
1 4067610
1 5851132
1 8524406
1 7623598
1 3113042
1 2362220
1 5361968
1 8208236
1 5532302
1 6347623
1 8796561
1 6741751
1 6535066
1 3611705
1 2614709
1 9594065
1 6890349
1 4536680
1 9129918
1 1633946
1 1796858
1 5819900
1 8571415
1 3359488
1 1855666
1 7606421
1 4480180
1 2459167
1 7096507
1 5866446
1 2862012
1 6280132
1 7291048
1 8127601
1 4205257
1 4420701
1 4787017
1 8072015
1 8952384
1 3066689
1 9885715
1 6237620
1 6473308
1 5466115
1 2878092
1 6771239
1 6717783
1 9703610
1 7496566
1 7460053
1 3363975
1 3011244
1 9766607
1 6398368
1 9848353
1 6259319
1 2242548
1 6937084
1 8865269
1 4014718
1 659698
1 3487398
1 3591556
1 5741940
1 3563451
1 9658753
1 2051731
1 3309785
1 9294534
1 1639153
1 5283968
1 6110162
1 1241536
1 6540246
1 4805099
1 9392888
1 5845907
1 2427023
1 1391352
1 7015916
1 3472806
1 4582638
1 1660487
1 9978122
1 8088255
1 9761093
1 3247968
1 9514783
1 4453587
1 342042
1 1004286
1 5231794
1 8292486
1 7150374
1 1027652
1 5542380
1 4009366
1 7838814
1 4356161
1 1724127
1 2682333
1 8686160
1 5521357
1 8615723
1 9495733
1 4238898
1 8874723
1 9434280
1 1386237
1 4715406
1 5782918
1 7406669
1 2091057
1 5722150
1 8636269
1 2384592
1 209653
1 9826597
1 3150720
1 7824906
1 1163017
1 5620364
1 2702926
1 869474
1 4095378
1 7254527
1 4956753
1 6577149
1 8649715
1 7847053
1 4803763
1 6746809
1 657773
1 5134063
1 3236254
1 9840837
1 7050621
1 158107
1 7910483
1 1059619
1 6041211
1 2421678
1 495568
1 1991965
1 6951415
1 2252463
1 2744793
1 8592440
1 9635378
1 6076519
1 4819870
1 9857795
1 170392
1 2589436
1 851612
1 946029
1 8844650
1 7638480
1 4433504
1 9599895
1 1565426
1 4599600
1 364166
1 9431485
1 1399209
1 6559414
1 514573
1 128627
1 907631
1 9081607
1 6563634
1 385191
1 9554586
1 3203144
1 3246850
1 2884694
1 3761037
1 4987793
1 3996315
1 8410112
1 6668387
1 4952891
1 6135606
1 5802293
1 3342681
1 7426021
1 7368487
1 6025250
1 9990587
1 6425579
1 5986696
1 1152142
1 4819935
1 9226785
1 9413626
1 6489598
1 3609029
1 6664867
1 7945934
1 1264547
1 4053286
1 7778459
1 5709197
1 610152
1 7719234
1 8031983
1 1509392
1 5245364
1 6246597
1 7777732
1 6179471
1 9785247
1 7715499
1 2534703
1 1639009
1 1018611
1 4315694
1 58944
1 7542496
1 5403234
1 7979862
1 4677261
1 5031853
1 8685668
1 3516129
1 8946927
1 3502926
1 1012886
1 1994664
1 619015
1 7696030
1 9359064
1 1749338
1 4308800
1 7953985
1 2272583
1 825834
1 4615843
1 148728
1 3942230
1 5247392
1 9458443
1 6116255
1 4196272
1 466279
1 3104395
1 7364249
1 8293893
1 7263211
1 1645815
1 5405128
1 6529296
1 976587
1 408559
1 2526988
1 6517763
1 4279154
1 8410100
1 2832958
1 9431482
1 3603786
1 2240949
1 9178076
1 3881702
1 4917980
1 3418732
1 2485924
1 5939066
1 8008538
1 6334569
1 6305226
1 4795620
1 3033189
1 3524104
1 8170893
1 3467331
1 5121090
1 565891
1 1348136
1 1268686
1 3487119
1 8022784
1 1132624
1 2947528
1 8613975
1 9296076
1 1371955
1 8797544
1 8288146
1 2189664
1 9761303
1 7574301
1 3482135
1 8622408
1 4243908
1 9612483
1 9653644
1 7237172
1 3854101
1 799427
1 6552614
1 5300431
1 6020579
1 9206257
1 8151205
1 9448241
1 9967593
1 1428354
1 7037878
1 3696521
1 6886798
1 792102
1 6735416
1 536122
1 2274899
1 3315189
1 7354146
1 5096371
1 2155279
1 3536770
1 3076295
1 1316737
1 7154889
1 8868501
1 4674074
1 2929710
1 2801457
1 8588071
1 8522795
1 5779688
1 4389196
1 5643181
1 2852645
1 6847734
1 9699593
1 1567985
1 8222214
1 8636733
1 6462717
1 8318641
1 9531835
1 2612697
1 9048740
1 1142238
1 957796
1 7343729
1 2937584
1 3754502
1 9526570
1 1411077
1 6868327
1 5690846
1 9661195
1 4456879
1 1674718
1 2215517
1 8542030
1 2667616
1 6932973
1 4592482
1 9264288
1 4549688
1 625357
1 431158
1 7116693
1 3043416
1 7323293
1 1135906
1 12843
1 8635418
1 4667504
1 5079849
1 1109280
1 8721923
1 757196
1 9306551
1 522123
1 1548333
1 7698803
1 6779688
1 2834837
1 6743534
1 214268
1 5314057
1 5009360
1 3813393
1 624169
1 6739152
1 4424415
1 3125651
1 2593280
1 5188009
1 3956839
1 3812455
1 1985414
1 6801248
1 5301126
1 8008034
1 5010328
1 4741506
1 8329223
1 4643772
1 1367103
1 3137256
1 2103876
1 6423851
1 8010314
1 4624079
1 7451349
1 9600890
1 6730416
1 1685203
1 8176372
1 6546520
1 5254483
1 4155421
1 7620951
1 6244791
1 4318505
1 7562337
1 2805560
1 3063211
1 8718488
1 5740491
1 6875062
1 1676813
1 2306961
1 2183670
1 8321567
1 1210809
1 7734705
1 6990282
1 6895710
1 6264822
1 9743811
1 6155898
1 5156903
1 1542415
1 6431543
1 8791675
1 2013139
1 7621752
1 6546447
1 9904989
1 7416897
1 8578115
1 9584929
1 559379
1 6553988
1 2608654
1 2934158
1 4587336
1 6920496
1 1391967
1 7339818
1 6353486
1 5844720
1 2275977
1 603704
1 1601530
1 8414061
1 1034011
1 1987465
1 8840746
1 6518421
1 5776686
1 8510543
1 6873645
1 8614270
1 9570189
1 3416892
1 8893577
1 5402072
1 1516717
1 2855860
1 2822327
1 171658
1 4246190
1 4963124
1 1032672
1 5029544
1 303956
1 4051202
1 3827376
1 7989963
1 6650757
1 2651247
1 5320067
1 2733159
1 9378180
1 2237482
1 8247574
1 1583317
1 7524162
1 8689254
1 6594458
1 318523
1 8478273
1 1943329
1 9499621
1 6308001
1 213491
1 2994447
1 6211301
1 3684359
1 1143113
1 2733256
1 4963297
1 7320133
1 1295919
1 8858102
1 2609341
1 6603575
1 8259487
1 8326629
1 695312
1 8953448
1 3945063
1 5559289
1 7041554
1 2399565
1 9868192
1 3638018
1 2829000
1 2200219
1 9363365
1 7400135
1 454167
1 6983338
1 7593786
1 5900326
1 8287157
1 9956267
1 7648432
1 5392814
1 7434593
1 6229130
1 5533996
1 5353556
1 2850635
1 4662602
1 7987476
1 2948191
1 8759144
1 8027888
1 529253
1 3173642
1 5039053
1 4508073
1 2158167
1 1490626
1 8661949
1 5252989
1 7013979
1 1777958
1 7503058
1 3163081
1 881731
1 728099
1 8123421
1 4468059
1 6167818
1 4189885
1 1163707
1 8510501
1 2773511
1 8397865
1 1938567
1 5988178
1 6752732
1 9108972
1 1201700
1 1312552
1 7360835
1 2983764
1 9061881
1 6856473
1 8772762
1 5897459
1 4775731
1 8485746
1 985690
1 8126728
1 8597602
1 6944159
1 9697394
1 9732201
1 7870979
1 7600336
1 6179008
1 6041722
1 546842
1 9654019
1 5385401
1 7404204
1 1802265
1 5787981
1 9106492
1 3064650
1 8525396
1 268557
1 8878581
1 6105432
1 6291744
1 5324778
1 4350487
1 2898694
1 6439853
1 1129125
1 8968290
1 4270685
1 6041013
1 4511310
1 9536759
1 9837664
1 8265853
1 3826258
1 4798376
1 1580790
1 4199555
1 2347657
1 5813235
1 9198417
1 7984353
1 7024835
1 9543111
1 6413020
1 2374885
1 1739282
1 2652181
1 918582
1 7881073
1 2614887
1 1649360
1 9415640
1 3692588
1 967852
1 4721548
1 8250514
1 3361366
1 719779
1 8285642
1 8698834
1 5952997
1 2697924
1 4885307
1 2590703
1 8254601
1 4643984
1 8045374
1 6834841
1 3709824
1 2147356
1 713444
1 8236734
1 8213993
1 3974035
1 1853575
1 1822614
1 8623462
1 1861387
1 6948460
1 252901
1 8512972
1 9286021
1 8737532
1 5018292
1 1417941
1 6136969
1 4034926
1 6752376
1 7034974
1 6987149
1 8862790
1 3468548
1 8033508
1 5643939
1 9442504
1 8956959
1 5699111
1 2767991
1 1945543
1 3405241
1 7284310
1 2199809
1 693238
1 8864022
1 2071530
1 803840
1 7271272
1 4967824
1 1919109
1 2589457
1 5433387
1 9115278
1 1492458
1 1462952
1 3816582
1 3825694
1 7522833
1 9042629
1 6810011
1 4673811
1 3674740
1 5434528
1 5143918
1 5306818
1 7647955
1 9080141
1 903243
1 401462
1 8343143
1 7062021
1 3875047
1 3408130
1 6939990
1 9974349
1 3164479
1 3094173
1 1923615
1 6050331
1 7022113
1 3274556
1 8023443
1 6495943
1 4404024
1 7365507
1 6319668
1 831690
1 3906440
1 4125664
1 5351112
1 2337420
1 9429625
1 4639767
1 2304621
1 3253442
1 587370
1 541119
1 5588278
1 8771419
1 1627671
1 6385106
1 7216622
1 1402340
1 5240008
1 6987819
1 9757086
1 3008531
1 9291493
1 8673458
1 8671996
1 6504576
1 3979703
1 421468
1 9356632
1 8584638
1 3737353
1 4109106
1 8119195
1 6281105
1 7720693
1 9196211
1 8935934
1 1778879
1 8175258
1 5402808
1 9879846
1 7327526
1 3997806
1 6364409
1 3087743
1 3139787
1 9987934
1 8156806
1 3809750
1 2860857
1 82831
1 9594195
1 520459
1 3983407
1 3573604
1 754736
1 6611183
1 4934361
1 3809630
1 8989980
1 1308990
1 5805742
1 5121442
1 1826361
1 4031923
1 4648343
1 2026915
1 6691767
1 9204841
1 2739933
1 3260121
1 8691184
1 2792566
1 8751173
1 7659893
1 582204
1 2927554
1 2917348
1 6102856
1 9149813
1 4558118
1 3736478
1 6964234
1 2015647
1 2466104
1 4442836
1 682894
1 620410
1 9971796
1 3883285
1 7406299
1 5338255
1 7324241
1 409606
1 917112
1 1662023
1 925222
1 4273487
1 2066683
1 965726
1 1925972
1 1396332
1 2132928
1 2042821
1 3214255
1 3379487
1 8609701
1 3415800
1 8926482
1 385417
1 1286590
1 5600273
1 2508527
1 6566945
1 7391689
1 7212119
1 4974806
1 9748463
1 8971163
1 999005
1 85168
1 6471067
1 9088575
1 2705670
1 2120561
1 9703823
1 6028958
1 5757059
1 1379919
1 4246885
1 4250866
1 7563628
1 6240383
1 2319197
1 1204280
1 1060630
1 7724183
1 6610348
1 7572611
1 2206778
1 1709402
1 5344414
1 8984529
1 6723189
1 312859
1 4019966
1 96220
1 1980984
1 1752479
1 6127473
1 3502698
1 5121994
1 520560
1 5870921
1 7559738
1 2101574
1 152124
1 8065700
1 1046674
1 479472
1 9963088
1 9183719
1 6158639
1 1105919
1 2728759
1 3180047
1 3278782
1 2080458
1 4068757
1 346990
1 3180899
1 7998716
1 7178346
1 9338504
1 7722234
1 5777908
1 7715168
1 5090979
1 4160696
1 2655846
1 9975984
1 8637523
1 2457033
1 7713503
1 7303367
1 3030161
1 2362233
1 9307783
1 3495164
1 1966723
1 6329833
1 1450326
1 4713299
1 1290117
1 9323534
1 7983842
1 5706231
1 6533267
1 1695676
1 1807900
1 1707695
1 7233241
1 1261283
1 2981485
1 1484340
1 864514
1 2578064
1 692962
1 2651142
1 7368204
1 8236928
1 3596255
1 8655316
1 4786903
1 4205895
1 176230
1 7325448
1 1435388
1 3840213
1 8406096
1 4256690
1 2399788
1 5352684
1 9886363
1 6763981
1 8367264
1 7938639
1 908236
1 4956563
1 8421243
1 8766585
1 6523565
1 6303716
1 5486880
1 8541833
1 1431976
1 1593317
1 8760509
1 5516580
1 4410152
1 6226165
1 3385786
1 4426844
1 7332025
1 4845300
1 3740449
1 2989987
1 8075549
1 3179163
1 3423833
1 5295966
1 1053225
1 2291570
1 5751197
1 409240
1 6408931
1 6336970
1 9793768
1 6226155
1 1431787
1 4189050
1 6037427
1 9505467
1 3514529
1 4230742
1 4431380
1 1873764
1 8704970
1 6360376
1 8541381
1 790174
1 3716088
1 1927266
1 6083943
1 9231664
1 7107943
1 2657816
1 7675552
1 5875833
1 9854536
1 8169020
1 560790
1 3302902
1 6978994
1 1213950
1 364859
1 5598794
1 1383334
1 5473352
1 1338597
1 2308304
1 4477723
1 7233805
1 1758804
1 5696330
1 7376582
1 750253
1 3841133
1 4904733
1 6033082
1 9632906
1 5263044
1 6702791
1 7289441
1 1129981
1 6890700
1 2034522
1 4750938
1 6743667
1 9163964
1 245688
1 9932371
1 7945040
1 8498542
1 337082
1 8672018
1 1481087
1 4845554
1 6103692
1 281797
1 9106772
1 6961202
1 9447941
1 9548934
1 743282
1 2343898
1 1079422
1 1784904
1 2710665
1 3393294
1 712306
1 6095915
1 5110819
1 8845546
1 3988558
1 8811458
1 6258402
1 7298761
1 7498002
1 7021246
1 2593447
1 2554143
1 3712977
1 4184538
1 3854535
1 1598819
1 6791681
1 4562607
1 8345091
1 8399669
1 9809741
1 624002
1 1965254
1 4845220
1 710830
1 4632243
1 8061522
1 455505
1 4582905
1 7222677
1 266915
1 1036110
1 5305018
1 3895432
1 1224135
1 7822064
1 6082175
1 1601306
1 7374498
1 1754975
1 3441906
1 4407194
1 9051661
1 7732130
1 4617690
1 2804372
1 2948671
1 4300338
1 2403672
1 5510143
1 540841
1 9863037
1 6325109
1 6053956
1 5071301
1 9839938
1 3961880
1 2172769
1 1026343
1 7702744
1 7211111
1 1415783
1 254931
1 9057176
1 3677625
1 7308834
1 4183447
1 6423686
1 1674823
1 6172111
1 3821737
1 137825
1 7637126
1 6924038
1 312838
1 8290760
1 8988731
1 2559041
1 9291472
1 7606806
1 1764222
1 4063474
1 8437169
1 7516173
1 4445795
1 6168453
1 5166213
1 2569572
1 2993609
1 6686588
1 2457928
1 4091707
1 4711015
1 4031918
1 4878174
1 4503110
1 5297112
1 6055757
1 8916636
1 7371978
1 2720442
1 7583166
1 7267342
1 3503832
1 9023714
1 3319744
1 9624894
1 6016523
1 7226412
1 605937
1 9738355
1 6850488
1 3547507
1 4358881
1 1448074
1 8806245
1 3643496
1 299594
1 8654028
1 6538694
1 5752416
1 2039235
1 5431031
1 2981983
1 300412
1 9534637
1 6062423
1 5686895
1 1301872
1 5914217
1 8795615
1 8743127
1 1194105
1 6859043
1 1956975
1 5049184
1 2888567
1 5348044
1 9088317
1 6393559
1 6848662
1 6658791
1 9346689
1 5791321
1 5384635
1 7588577
1 6640609
1 1240305
1 770600
1 8728547
1 203912
1 2592847
1 6522410
1 6070504
1 5189152
1 3660903
1 1206914
1 5005458
1 4507099
1 7019901
1 9419392
1 7878414
1 6484307
1 3750587
1 3149826
1 5344135
1 5746590
1 7010686
1 8517502
1 391208
1 8966513
1 1850493
1 2729892
1 7212928
1 5201173
1 1498456
1 8644395
1 4813623
1 588038
1 3373882
1 5769501
1 4332441
1 1370830
1 1093244
1 3584195
1 3188971
1 2070878
1 6399813
1 485802
1 6505166
1 1267490
1 4505666
1 146807
1 2897743
1 212623
1 5381336
1 2841702
1 2208581
1 1832645
1 2522845
1 4063857
1 6911220
1 5836030
1 7346249
1 9511822
1 6121036
1 3162492
1 8929253
1 5301809
1 8575087
1 7230225
1 9880059
1 2745767
1 933415
1 8136695
1 1060649
1 9678532
1 2903991
1 1105800
1 7882518
1 5509060
1 6017933
1 7067801
1 3071120
1 2156099
1 9074701
1 9058583
1 7247357
1 921025
1 217484
1 7707652
1 7054161
1 2154854
1 3187888
1 9371316
1 6742658
1 837448
1 4380381
1 6740440
1 7309963
1 5615579
1 4001044
1 6242435
1 422887
1 9521495
1 9580634
1 8506169
1 4007089
1 1005323
1 1393059
1 7068897
1 2570121
1 8323580
1 7921344
1 338260
1 3087120
1 1970274
1 4025211
1 7104003
1 1124327
1 2359257
1 4235334
1 7631145
1 7683131
1 9197091
1 2671181
1 686703
1 7342391
1 3631075
1 2604227
1 3424385
1 732092
1 3061863
1 9650460
1 1581508
1 6141942
1 5316172
1 9977087
1 3559598
1 9046595
1 7259421
1 9256459
1 1491097
1 4623631
1 6541832
1 2473119
1 8104553
1 3823487
1 5850396
1 1308249
1 9718615
1 6092828
1 1658459
1 3275143
1 9507080
1 7482964
1 7861033
1 251362
1 1924876
1 4770320
1 5223360
1 2571042
1 9866123
1 5173631
1 4815568
1 6331851
1 1703976
1 5437080
1 8702265
1 7786947
1 8370187
1 3209572
1 4571477
1 2241654
1 6505130
1 327548
1 4067694
1 4979519
1 4941340
1 7543594
1 6449497
1 2594817
1 3354440
1 9721008
1 9438685
1 8195209
1 1418020
1 3677949
1 7623916
1 2045230
1 7008579
1 9405233
1 5916165
1 959855
1 3913999
1 7551254
1 6423880
1 8803133
1 8718513
1 9330589
1 2612039
1 9886818
1 7066020
1 8640549
1 5155447
1 5216179
1 1814466
1 4326410
1 207101
1 4048909
1 8418435
1 9870857
1 322755
1 8959278
1 5145442
1 9076619
1 9555680
1 9802906
1 8474413
1 1992365
1 5593855
1 8255829
1 5204135
1 6275176
1 8550951
1 6117401
1 2775398
1 4426424
1 6976113
1 5050962
1 8118591
1 3885140
1 6766616
1 7303594
1 1200288
1 14114
1 4182069
1 9777012
1 7713680
1 1244697
1 6377180
1 4102608
1 2629296
1 5273130
1 1658735
1 1401369
1 8415614
1 9453854
1 9017161
1 9311489
1 6697111
1 4034318
1 9481688
1 6223451
1 1762288
1 1419411
1 8960126
1 3077489
1 5807419
1 8023398
1 6142441
1 2300221
1 3318764
1 8290622
1 581658
1 3120656
1 4667647
1 3657314
1 4925292
1 1189403
1 6194500
1 2152727
1 9269075
1 8955890
1 890826
1 3165174
1 2147853
1 494530
1 7881267
1 3239586
1 6416366
1 1154693
1 3219923
1 8884910
1 577995
1 7722637
1 8026191
1 7052235
1 6732257
1 335307
1 2532345
1 7940000
1 7470617
1 2419318
1 5293351
1 7018832
1 8222142
1 8146514
1 7522731
1 6692760
1 7875086
1 8448879
1 1217977
1 7635632
1 5725795
1 8323753
1 5532085
1 661912
1 6555697
1 8214167
1 7665098
1 7348492
1 8128377
1 22850
1 7486064
1 116078
1 872133
1 5011829
1 1226152
1 8516485
1 9238248
1 6015056
1 9357180
1 2221901
1 3857229
1 4404338
1 3053279
1 9785045
1 3999826
1 2237178
1 6433657
1 8388513
1 5138528
1 4220727
1 8351001
1 4107799
1 420656
1 5179691
1 6311701
1 42278
1 8202522
1 7992336
1 9948319
1 3628592
1 731424
1 1617674
1 3493216
1 5849799
1 9400807
1 4813666
1 7861443
1 9253960
1 7744447
1 7692341
1 2240834
1 3479104
1 6146680
1 7069870
1 116630
1 4446355
1 7034478
1 6123020
1 4501472
1 683228
1 4431469
1 4682558
1 2537927
1 8427565
1 2503751
1 229404
1 9277928
1 4344668
1 7040323
1 2332802
1 5552483
1 8927896
1 2125964
1 5051871
1 4745681
1 1771430
1 9400362
1 970881
1 7157385
1 2186476
1 9547563
1 9566708
1 7325002
1 6467424
1 2043382
1 3965942
1 8083134
1 4977848
1 2508161
1 3588775
1 6029124
1 4640281
1 2400260
1 407732
1 6702434
1 7212410
1 9023118
1 1727481
1 7576133
1 2577417
1 6255645
1 9374069
1 1836437
1 761621
1 5680296
1 5616995
1 2447644
1 5011384
1 2016797
1 3334476
1 2830159
1 8156712
1 3133470
1 2365508
1 3989312
1 5060328
1 8891795
1 7359572
1 5420623
1 8493654
1 965073
1 9458605
1 1455962
1 9626249
1 101086
1 1288586
1 5505110
1 3637500
1 8482044
1 442235
1 876329
1 6473958
1 5341579
1 6829911
1 8833050
1 7224911
1 3087066
1 6065604
1 1843493
1 3162801
1 7306435
1 255826
1 1836989
1 3248280
1 4367669
1 5569461
1 5260495
1 8961290
1 5762605
1 8394008
1 670964
1 534423
1 8227751
1 5919291
1 3999356
1 9898834
1 9100999
1 2620059
1 1408556
1 6794183
1 8271117
1 1706593
1 8997786
1 8364238
1 9031299
1 4113830
1 4951116
1 5145093
1 3902163
1 4144424
1 4968689
1 9806029
1 1028064
1 8722866
1 4522419
1 1200038
1 5191648
1 1395666
1 498186
1 9043570
1 8112262
1 2240622
1 6242302
1 6311983
1 7337706
1 6852252
1 2357409
1 7401829
1 6642691
1 5636709
1 9158426
1 8840823
1 7318281
1 7651122
1 960013
1 5127885
1 2228400
1 9544612
1 6874590
1 2199610
1 8905788
1 5220184
1 4706961
1 6512883
1 8644512
1 9227970
1 8360418
1 4005062
1 5554119
1 228943
1 6702742
1 4506255
1 8462468
1 1322637
1 5133166
1 758676
1 2700339
1 256963
1 6824682
1 2104338
1 8552211
1 7459589
1 4601606
1 7089626
1 552824
1 8326737
1 9187216
1 6992131
1 10030
1 6084333
1 1601463
1 4823371
1 3097501
1 8191659
1 6340722
1 3136408
1 4491784
1 3964512
1 1794812
1 9620795
1 7509078
1 8293504
1 5008102
1 9569931
1 8490168
1 2603160
1 8122566
1 7196561
1 4622504
1 2154762
1 6776820
1 7304351
1 9705128
1 4162574
1 8515851
1 9535900
1 5742886
1 9733446
1 5587806
1 9006221
1 5908909
1 2604917
1 75646
1 3205114
1 9915466
1 4004327
1 6420499
1 5262568
1 5730220
1 7596358
1 8916026
1 8327896
1 6480984
1 861450
1 5195114
1 9660504
1 5551298
1 8281439
1 8074308
1 8748061
1 7207306
1 6439759
1 4457524
1 3001204
1 8442869
1 6562075
1 1598772
1 8588368
1 2178146
1 1732712
1 542649
1 5626523
1 1576309
1 9181282
1 7613239
1 2504429
1 732217
1 3578296
1 9261816
1 1020898
1 417337
1 6001257
1 822085
1 9134076
1 3137749
1 8848274
1 5884790
1 3515014
1 7019365
1 2827520
1 505123
1 4316391
1 6366005
1 3449476
1 5023923
1 5277280
1 4349870
1 7467833
1 5903348
1 8457941
1 8487749
1 9563969
1 3288078
1 646545
1 4770688
1 1205000
1 666664
1 202479
1 5671898
1 4691165
1 8844563
1 869672
1 6621316
1 7378193
1 7841707
1 1710858
1 1334191
1 9796619
1 5268175
1 4013500
1 6085441
1 2793672
1 9157342
1 7613877
1 9955987
1 4627447
1 890199
1 3637674
1 7406927
1 9787575
1 2971747
1 3162920
1 4445788
1 490443
1 792230
1 5763957
1 2066416
1 7321468
1 9555572
1 2643296
1 5991627
1 8893207
1 3228044
1 4806261
1 2101623
1 1692978
1 1326082
1 920758
1 3767152
1 6438055
1 1198422
1 1579004
1 5160412
1 3827982
1 4595234
1 6132338
1 6677336
1 9216993
1 8267086
1 9752782
1 2619682
1 7746321
1 1906933
1 6781902
1 8466222
1 1299841
1 7073288
1 6461627
1 44610
1 5131385
1 3423529
1 9796321
1 1308745
1 2707699
1 9091351
1 9326035
1 7595994
1 7447895
1 4789921
1 8321620
1 190774
1 4805714
1 4719151
1 7308127
1 9829048
1 3204585
1 3290533
1 9977549
1 3037561
1 3268503
1 115393
1 7355908
1 339971
1 2590407
1 2524242
1 6288463
1 2019674
1 1733021
1 6175719
1 1327558
1 2801469
1 3548111
1 4612946
1 2090690
1 3047640
1 7556660
1 5959231
1 4323238
1 9045773
1 3507461
1 6451625
1 1615262
1 3095283
1 8654359
1 5779917
1 536578
1 4473536
1 8763844
1 821906
1 4678209
1 7603768
1 4452086
1 3389960
1 7039818
1 5634336
1 9962154
1 3470698
1 9193473
1 3391874
1 9497513
1 3773506
1 9270497
1 142635
1 3521721
1 4348590
1 1071131
1 6898745
1 9723615
1 3884350
1 2498307
1 409077
1 8911364
1 9986168
1 4330039
1 1199258
1 4049730
1 4067624
1 3931780
1 9744056
1 729405
1 6626344
1 5396710
1 6554879
1 2942309
1 5558509
1 2854767
1 4540697
1 7058391
1 8459360
1 3479032
1 2028252
1 2941990
1 3073117
1 8027117
1 9304374
1 6723506
1 6261815
1 1161521
1 6912802
1 5266895
1 3165182
1 638969
1 1770368
1 7536916
1 7096306
1 4568200
1 8487614
1 1706661
1 2941105
1 5374498
1 4388915
1 3719871
1 5703341
1 2053213
1 7899173
1 9241879
1 1334235
1 5060807
1 7975354
1 4501022
1 1903255
1 7831809
1 5630453
1 8743301
1 365784
1 5973950
1 7484620
1 3596774
1 8022499
1 5872517
1 3847172
1 5211388
1 7567110
1 6917336
1 3120143
1 4000269
1 5273396
1 3351032
1 5904102
1 6193839
1 2901419
1 7593344
1 3499791
1 9409814
1 5249105
1 2199397
1 8782419
1 1169384
1 2919387
1 935725
1 8094302
1 940100
1 8855692
1 6084759
1 3644850
1 7194313
1 4043612
1 4594628
1 8905324
1 5170385
1 2909779
1 5134189
1 3244764
1 4764450
1 4348512
1 6896943
1 8014916
1 625314
1 3768107
1 111636
1 5151167
1 4161598
1 6126477
1 4672064
1 1696275
1 5861965
1 9471031
1 2935551
1 8097740
1 5991873
1 7762278
1 7614575
1 4382393
1 5596251
1 9435384
1 3014461
1 3566602
1 6301606
1 1606491
1 69224
1 8476372
1 1563130
1 2771486
1 9019573
1 4751596
1 650274
1 8291673
1 5350591
1 5262985
1 7838255
1 3007733
1 5483628
1 9356773
1 1542404
1 1532645
1 3079101
1 4344728
1 9552485
1 5850784
1 2942751
1 7388131
1 2447162
1 8352575
1 8331497
1 8663274
1 2691508
1 3256616
1 409658
1 4898324
1 499172
1 9615799
1 2493203
1 3335085
1 1560939
1 6276438
1 8623275
1 3698182
1 1065507
1 247131
1 7154118
1 9901557
1 7086718
1 4332828
1 9189157
1 1074077
1 6895996
1 2091314
1 7944749
1 2910686
1 8343131
1 5266803
1 9138243
1 4180823
1 8227210
1 5746109
1 2839519
1 9271333
1 7197388
1 6773507
1 5487457
1 9390972
1 6626979
1 9849432
1 1374780
1 9684463
1 2233054
1 7634672
1 572712
1 6921026
1 3362136
1 3136049
1 853616
1 5791227
1 7423456
1 818205
1 9815644
1 6960660
1 4405998
1 8078265
1 5414784
1 8045789
1 260434
1 9492973
1 3671303
1 9030568
1 1586824
1 2170272
1 1908785
1 7109616
1 7144470
1 8720102
1 6130858
1 4853841
1 1747980
1 9496080
1 7422286
1 7633012
1 2827324
1 8605876
1 1712842
1 8027104
1 1258786
1 3553247
1 1614093
1 8622343
1 6555617
1 991358
1 4278700
1 1025170
1 9507753
1 4825756
1 4366116
1 4596261
1 5543086
1 8673874
1 3349903
1 6431470
1 750964
1 103978
1 428129
1 839957
1 5824562
1 5251625
1 2540272
1 1904469
1 4786279
1 6669308
1 3415037
1 430930
1 2326783
1 7446325
1 5301842
1 9328670
1 8926093
1 7606632
1 4006267
1 5411534
1 8013060
1 8966369
1 4317660
1 2981350
1 5054905
1 2787560
1 4476481
1 1155731
1 9073228
1 491685
1 611028
1 8360809
1 977095
1 4066741
1 6934973
1 9991179
1 559080
1 3726747
1 1813977
1 3846783
1 7700533
1 1401068
1 7885582
1 6328161
1 5257051
1 1437476
1 9426690
1 2739055
1 1139042
1 5468386
1 6787916
1 8499266
1 2982358
1 3931482
1 8382401
1 2939532
1 9287439
1 4640332
1 978951
1 9818087
1 9717827
1 8225181
1 6610142
1 9277725
1 116043
1 4220534
1 3589667
1 6707232
1 8396132
1 263610
1 15546
1 561583
1 5116252
1 501491
1 4577270
1 8047307
1 4971792
1 2294492
1 3104002
1 9958495
1 2808820
1 1070557
1 760661
1 8928655
1 4880488
1 4069446
1 3294567
1 1448476
1 4333103
1 4425071
1 943786
1 9466602
1 2203083
1 2623034
1 7750447
1 6144041
1 7853276
1 6570969
1 1142330
1 5533118
1 1110575
1 4472514
1 2537403
1 1703578
1 8839347
1 686319
1 74295
1 6057091
1 7320835
1 7210877
1 3012370
1 2078653
1 1573612
1 1964236
1 9572436
1 8868012
1 9211176
1 7533458
1 7398830
1 7385280
1 7484901
1 2241391
1 3493559
1 6845626
1 9131565
1 9890817
1 6355409
1 2001271
1 8676537
1 3613795
1 1451180
1 3506741
1 7278599
1 435911
1 1910587
1 396250
1 179580
1 5654972
1 5416389
1 9705763
1 8922563
1 635815
1 5230419
1 8718959
1 7952256
1 7817050
1 2799157
1 5676729
1 8523694
1 5161746
1 6426555
1 6496191
1 1476816
1 4186011
1 4940724
1 3257774
1 6785372
1 2738098
1 9443111
1 436958
1 9359222
1 9473152
1 1483177
1 5570540
1 3683046
1 2986730
1 9050513
1 825326
1 6422938
1 1272896
1 6606590
1 6555118
1 7867137
1 3816091
1 6711242
1 4535807
1 7494747
1 5960913
1 3968115
1 1754052
1 3444221
1 1961910
1 4198267
1 5184206
1 9333749
1 4530208
1 599686
1 4513666
1 4469869
1 5347463
1 2310938
1 6868760
1 9911989
1 1119297
1 8159420
1 9987073
1 7384378
1 7445948
1 6021349
1 6308256
1 2363995
1 4698202
1 9701520
1 1151889
1 1011438
1 5218143
1 9227437
1 552722
1 8860845
1 6159787
1 3882256
1 5620128
1 6507735
1 6152661
1 1032307
1 9253483
1 6435045
1 8155669
1 4506571
1 520420
1 1586687
1 7614311
1 8481044
1 6051991
1 9778857
1 4555904
1 8357318
1 1619652
1 4424845
1 8184686
1 4848245
1 6983559
1 1708166
1 9066898
1 8130857
1 1197450
1 8380093
1 1152839
1 6088156
1 9022203
1 9793486
1 9120916
1 2041072
1 7649487
1 9534181
1 8918675
1 6676760
1 4165217
1 4309429
1 4180067
1 1078145
1 8521322
1 3922490
1 6096238
1 8783144
1 3580356
1 7161603
1 8453911
1 1970780
1 4627634
1 6017633
1 4825199
1 7750215
1 4375110
1 2946295
1 3543304
1 690621
1 1728084
1 2046459
1 1094454
1 6546085
1 4213988
1 2646278
1 607077
1 9954075
1 3958197
1 13202
1 2939728
1 9833537
1 1571054
1 413797
1 1359421
1 898223
1 8477883
1 2609658
1 7204635
1 415379
1 4017941
1 9620992
1 2101608
1 7942528
1 1506810
1 3141931
1 3321543
1 5711638
1 8130156
1 7809026
1 971508
1 1279013
1 4791955
1 5816144
1 9673089
1 3645539
1 2640155
1 2240994
1 8647611
1 4256314
1 4851332
1 6070690
1 4594112
1 2385074
1 2948958
1 2032488
1 8005553
1 4728896
1 9269678
1 7111441
1 3381164
1 7191259
1 9246904
1 7843715
1 9959797
1 1147755
1 3743137
1 1036331
1 1417622
1 6005202
1 6826340
1 6538695
1 5431117
1 5084876
1 2434647
1 6077603
1 7302453
1 682017
1 1550410
1 5099039
1 3531833
1 1459332
1 8888358
1 6909231
1 9322747
1 2224619
1 1460174
1 258657
1 1735914
1 5175464
1 640207
1 7079506
1 7259354
1 8529189
1 8164859
1 8588032
1 7958219
1 6265693
1 263629
1 1022341
1 4328351
1 8841464
1 6904398
1 8190861
1 4584802
1 3915784
1 787548
1 3572208
1 2291848
1 5522780
1 569319
1 1976216
1 5159582
1 474166
1 3530403
1 1730962
1 1599711
1 3088291
1 8923692
1 6597442
1 2040505
1 398692
1 1313889
1 4088527
1 8096591
1 6667087
1 9704675
1 708303
1 9478848
1 6587
1 5255259
1 6755618
1 1343052
1 5548012
1 446092
1 8691017
1 8098278
1 395655
1 7720584
1 7180964
1 9786660
1 340430
1 7203961
1 241104
1 1841543
1 9713586
1 6709119
1 5818595
1 1497
1 5794807
1 112194
1 1887018
1 1945946
1 5236744
1 328254
1 1266804
1 7809599
1 7228875
1 104030
1 803980
1 2920207
1 5675082
1 193576
1 1368406
1 1592435
1 8945931
1 5969473
1 899830
1 7668059
1 4502225
1 743439
1 7213835
1 3309976
1 2216778
1 5088232
1 4661730
1 3973626
1 9446929
1 8064340
1 2996420
1 735743
1 2375814
1 9287193
1 1404553
1 9644605
1 2784901
1 2984820
1 1705008
1 9503767
1 3748037
1 161494
1 2199546
1 8638898
1 6918993
1 6655027
1 4146329
1 9464728
1 7095245
1 7231418
1 7300481
1 6340501
1 9219488
1 5937967
1 7805049
1 2441181
1 1592628
1 4684814
1 8829155
1 6886070
1 1435325
1 9262948
1 7883789
1 3072658
1 4369832
1 3360239
1 2385681
1 2415897
1 5746046
1 9266744
1 6424210
1 4692436
1 8457421
1 3713469
1 8546382
1 5733000
1 4023638
1 6875959
1 7282221
1 120452
1 4977634
1 8913405
1 5414284
1 2251943
1 4974904
1 8269541
1 3490631
1 9210526
1 242320
1 851789
1 7206097
1 4108119
1 3648868
1 4088121
1 8824793
1 6755596
1 9275972
1 4228590
1 6335021
1 9424627
1 4525562
1 1066260
1 1264275
1 956697
1 8038884
1 3639331
1 9275838
1 6954089
1 1058120
1 1626137
1 1118752
1 8142185
1 4538967
1 1808593
1 7319907
1 1697372
1 9596170
1 1582291
1 5333836
1 3326570
1 2416238
1 2486768
1 2186474
1 9901646
1 1801696
1 8378405
1 979616
1 9335511
1 1377717
1 1168181
1 426245
1 629209
1 940426
1 9735061
1 8896131
1 1824943
1 7607816
1 674816
1 4426845
1 4924470
1 1531701
1 6290555
1 1922718
1 5302233
1 2744944
1 3046762
1 2068625
1 6566554
1 2921041
1 5248160
1 2969863
1 9070831
1 521570
1 5047900
1 2404832
1 1399953
1 3903481
1 6997664
1 2182199
1 5096470
1 4985752
1 2731458
1 261844
1 8275609
1 5246288
1 4224518
1 9710123
1 4031722
1 1783765
1 7247111
1 165412
1 5097921
1 4731578
1 5582130
1 7070874
1 4843865
1 1434498
1 5843939
1 7817151
1 4822026
1 1348066
1 4255960
1 3186971
1 3449594
1 5555683
1 8866017
1 5383276
1 5492418
1 9282342
1 9062309
1 7331174
1 6734760
1 1596562
1 6993606
1 2124461
1 8137966
1 3380467
1 3404273
1 7598543
1 3266626
1 3767844
1 7916912
1 8058618
1 1388441
1 168255
1 693837
1 1514751
1 6653443
1 5935934
1 9191705
1 3318859
1 1578249
1 3661129
1 8790479
1 4576243
1 4189729
1 6117698
1 159997
1 9037474
1 3105450
1 1326170
1 5796780
1 4618079
1 6359469
1 213003
1 8423555
1 1405398
1 6387207
1 3584660
1 6101366
1 3058152
1 7793708
1 4046273
1 7665057
1 7140570
1 7070433
1 9365508
1 8262311
1 2137772
1 760849
1 6326954
1 7105075
1 1999269
1 9738654
1 6178813
1 5338181
1 9412715
1 17306
1 2884896
1 8495079
1 5027959
1 8106275
1 3399253
1 4581566
1 7010111
1 8729877
1 6126641
1 2502393
1 5737135
1 678609
1 378449
1 1496308
1 1898209
1 3263596
1 6009144
1 5109457
1 8925227
1 4488725
1 7854098
1 4465604
1 5123096
1 7659753
1 3579520
1 9283613
1 2660894
1 1844434
1 2717148
1 7783589
1 4863294
1 1904063
1 3539676
1 805539
1 9693242
1 3154852
1 6520177
1 7851427
1 4037607
1 7422550
1 9952445
1 263989
1 7809666
1 2885490
1 6901278
1 6251465
1 2779077
1 2649678
1 6714407
1 675767
1 989919
1 2996172
1 2879816
1 6168013
1 151332
1 1509867
1 3092510
1 5166384
1 8905888
1 1510522
1 6663540
1 2924688
1 3123932
1 7733187
1 9863173
1 6901061
1 8916368
1 2137990
1 4556373
1 9750018
1 1955023
1 7649567
1 1478029
1 9924718
1 1573654
1 1468365
1 3080874
1 5876050
1 3806316
1 1106387
1 3266949
1 8213326
1 6146101
1 1543148
1 3107089
1 1264631
1 1244229
1 943097
1 1733667
1 9313404
1 9657650
1 6750592
1 4961711
1 7010911
1 3290864
1 5060819
1 797891
1 7941534
1 3726486
1 2430836
1 8707116
1 8438181
1 4853735
1 5200864
1 3269500
1 8113213
1 9613922
1 3342809
1 3788140
1 3801959
1 8611520
1 9592145
1 8656150
1 5042336
1 9681474
1 5908006
1 3721946
1 3739695
1 668425
1 185906
1 7461716
1 4678571
1 2473093
1 8216323
1 4671150
1 6932982
1 4878291
1 1347584
1 8400941
1 8629984
1 1025438
1 6985524
1 9330691
1 2148813
1 3343324
1 5798764
1 5554800
1 8530716
1 6522090
1 5677611
1 2442294
1 6657095
1 9692535
1 594442
1 4213510
1 7220719
1 1629800
1 5302035
1 4903124
1 4419030
1 932668
1 5409105
1 6829954
1 2374930
1 6341016
1 6622312
1 3473661
1 2989161
1 3104893
1 6362583
1 577338
1 8582742
1 1804223
1 5387824
1 7811087
1 809109
1 7097704
1 2261739
1 7138854
1 8965094
1 4654320
1 2432888
1 6067112
1 5813940
1 1020083
1 5757553
1 9399303
1 279672
1 36583
1 4875471
1 5803743
1 4657938
1 6128656
1 3316965
1 5585826
1 9894928
1 6872156
1 6608430
1 1088476
1 5805709
1 4042797
1 6405348
1 9471217
1 913535
1 2117886
1 7434562
1 7209680
1 7610728
1 7651281
1 1795438
1 4170217
1 4789260
1 9244948
1 1134462
1 8965266
1 3075499
1 6168153
1 4059137
1 5849822
1 2643468
1 5725244
1 2822864
1 7937816
1 292073
1 558927
1 6638005
1 4507250
1 7094748
1 3905750
1 9740628
1 7213142
1 7348917
1 7666234
1 1759710
1 6518531
1 36597
1 9852680
1 7127962
1 7780380
1 9994217
1 8691669
1 6661724
1 1266841
1 4433795
1 7545519
1 4886328
1 4585152
1 3331653
1 3457760
1 792726
1 9598046
1 6032767
1 8300582
1 9557478
1 7254814
1 7321195
1 2128653
1 3582197
1 3060292
1 1749406
1 6842129
1 3515974
1 9597026
1 9265951
1 5760170
1 2076989
1 1466255
1 2089765
1 890128
1 2661143
1 165069
1 5093427
1 6926949
1 4441023
1 9313261
1 3562351
1 584727
1 2022492
1 7057166
1 1211452
1 787536
1 87812
1 4639743
1 9819672
1 9028313
1 3318368
1 9772340
1 9637806
1 9269041
1 2895605
1 8399273
1 2295703
1 321972
1 1014055
1 4015890
1 2454686
1 6177553
1 2650402
1 7900497
1 1441598
1 297672
1 2257097
1 600491
1 366854
1 896815
1 1113050
1 8389963
1 5273898
1 8277609
1 2038908
1 7638509
1 1383744
1 5721573
1 1216359
1 8121241
1 4276520
1 5325275
1 9515620
1 7332546
1 7356617
1 3216963
1 8565062
1 8929700
1 382780
1 9372990
1 6188329
1 2914108
1 9750749
1 7391081
1 2729114
1 8958486
1 4780169
1 5942797
1 797005
1 525209
1 9736250
1 267489
1 1522664
1 1187583
1 2654922
1 9492301
1 8313159
1 6800015
1 622012
1 8268810
1 1022876
1 1015854
1 5379898
1 755946
1 7516851
1 9455863
1 1096223
1 2260708
1 9622475
1 9837786
1 6597684
1 4895988
1 6356812
1 3323354
1 6826759
1 4518451
1 9526470
1 5322511
1 8164894
1 7863994
1 3998855
1 8242298
1 6703307
1 7753162
1 2530126
1 8038545
1 4829498
1 3486513
1 8059859
1 9368293
1 9495318
1 7798794
1 4494034
1 6253804
1 6520067
1 4230376
1 7515104
1 7806564
1 3569843
1 6196422
1 7591680
1 7117864
1 8921133
1 6297768
1 7457187
1 3017944
1 7397424
1 613449
1 5043985
1 948921
1 4787808
1 3284492
1 2867635
1 2452812
1 9952573
1 9181074
1 132841
1 6970358
1 5273910
1 6482662
1 4214526
1 4962862
1 8397142
1 4781551
1 4931932
1 862059
1 7099750
1 6110116
1 6778994
1 7873359
1 7240691
1 6088710
1 495851
1 4293677
1 714698
1 323297
1 5715307
1 3521111
1 7285712
1 3901230
1 5646008
1 3298105
1 3044081
1 1657055
1 8647724
1 4546288
1 6160411
1 4583725
1 1530746
1 7703127
1 113173
1 2799808
1 2693220
1 9721288
1 209709
1 6828786
1 5519628
1 8732709
1 8670849
1 517281
1 7090809
1 5406820
1 9501012
1 1073134
1 7149332
1 5682823
1 4245452
1 1294313
1 5083059
1 5196690
1 5682098
1 3220039
1 2777840
1 392218
1 3995730
1 2374573
1 2955593
1 9395175
1 5606903
1 5615206
1 28715
1 6282699
1 7759270
1 2496772
1 1469532
1 9081817
1 7210714
1 9060322
1 1674606
1 2127703
1 5485337
1 7674751
1 9812733
1 9531708
1 5660287
1 7831934
1 5198286
1 6075087
1 399744
1 1843703
1 1549905
1 2814106
1 820437
1 3427761
1 5570064
1 5902313
1 5526623
1 3891855
1 8897692
1 4775213
1 9772936
1 5075843
1 2407632
1 4333619
1 7423915
1 3708620
1 3077427
1 6964945
1 6280839
1 9745216
1 8960417
1 3448382
1 316029
1 9681578
1 774806
1 6517127
1 5962003
1 2795700
1 3206228
1 9454864
1 3452423
1 3757562
1 5831065
1 440572
1 7261799
1 7259039
1 1263781
1 3817561
1 29094
1 9918137
1 2372115
1 4518114
1 479573
1 5504356
1 4096829
1 6283572
1 4653350
1 6093701
1 9837057
1 2922927
1 9004575
1 3025073
1 7543380
1 3799125
1 8845264
1 338598
1 5716154
1 5811309
1 6430514
1 4402595
1 8894964
1 829186
1 2235814
1 1838644
1 3033788
1 1444415
1 5149612
1 1929170
1 9019352
1 4746719
1 7672090
1 3790824
1 9438111
1 7145675
1 1969092
1 4590712
1 8509930
1 2719153
1 215956
1 923707
1 3270923
1 5273729
1 4308490
1 6290728
1 9802957
1 665756
1 6327269
1 5703928
1 2238789
1 7887562
1 4958543
1 9008388
1 8816987
1 1022905
1 7686301
1 5894424
1 667415
1 912838
1 6350749
1 3442987
1 2264999
1 8820459
1 7962485
1 140058
1 9379665
1 4305246
1 4913694
1 5383406
1 5297068
1 3872306
1 5876951
1 9367331
1 1921624
1 7821186
1 2633692
1 9269787
1 1416371
1 4059223
1 72438
1 4450528
1 2819513
1 9868164
1 4600751
1 3895468
1 4534102
1 2175114
1 6895731
1 3068324
1 9215068
1 8976499
1 9306926
1 91453
1 5943158
1 3378687
1 4886554
1 5298623
1 5549681
1 1646471
1 9899012
1 9731529
1 3763262
1 9560469
1 2306325
1 4725490
1 6222476
1 7096957
1 215222
1 4404848
1 5862265
1 3586180
1 9553298
1 2471637
1 9698605
1 9492130
1 8083379
1 4500864
1 8728250
1 5298994
1 5974750
1 4517894
1 6174760
1 8811131
1 5330291
1 6886414
1 8865454
1 751414
1 7221104
1 422123
1 7630825
1 5210081
1 5181516
1 7632755
1 6260425
1 8144106
1 6855802
1 1612793
1 4416828
1 2336299
1 9936827
1 212454
1 3782795
1 4504930
1 627950
1 7557606
1 974629
1 2992340
1 2835226
1 5060004
1 2949074
1 4650070
1 5375729
1 1642338
1 885750
1 2237111
1 2339919
1 6470366
1 7954762
1 7488684
1 9855602
1 9038145
1 2130572
1 2227991
1 7937066
1 5026507
1 2735973
1 5102575
1 3522133
1 7136960
1 9419870
1 3860424
1 563929
1 3480921
1 1716777
1 4669954
1 6124206
1 7925309
1 8646424
1 1854948
1 6490285
1 8992296
1 9773232
1 6358398
1 1359917
1 9453478
1 7344048
1 4391687
1 9190675
1 8532180
1 4759274
1 7037523
1 4422205
1 3989598
1 9108909
1 3862748
1 5570155
1 4050030
1 8921858
1 1598637
1 7318750
1 8244910
1 720161
1 4947093
1 7638019
1 5839418
1 4517069
1 1960600
1 9556647
1 5163066
1 8136243
1 6135790
1 547489
1 8472750
1 4663436
1 283664
1 6197173
1 4308544
1 6812810
1 2296282
1 2423716
1 115172
1 8300209
1 5853301
1 9011344
1 1263780
1 9345779
1 1442453
1 6767355
1 6551208
1 7585428
1 18243
1 3457136
1 8158993
1 7432505
1 8892045
1 1467483
1 8710836
1 5621103
1 4067759
1 9246823
1 3201890
1 2197604
1 4103675
1 2748236
1 6237168
1 7627279
1 586804
1 2942236
1 6880959
1 3455916
1 5929598
1 1176760
1 5955804
1 1545767
1 9651745
1 3673482
1 1221433
1 7250435
1 2749390
1 9061898
1 6747842
1 8889433
1 5487882
1 4535927
1 8084543
1 8427234
1 3869422
1 4938862
1 469610
1 2302896
1 5693602
1 7866143
1 3319746
1 5945734
1 6042636
1 6769203
1 1145346
1 4554583
1 1766496
1 3721307
1 1376031
1 3963265
1 9924439
1 9555077
1 8162098
1 5426180
1 6467831
1 3466138
1 4389038
1 9907856
1 775429
1 7484366
1 8563451
1 6530312
1 3923206
1 2795794
1 6347613
1 5417353
1 9613516
1 4565647
1 2393816
1 8988737
1 7983260
1 4496437
1 5203347
1 2428471
1 8042841
1 706452
1 557439
1 8936792
1 352348
1 9953721
1 5437013
1 7918541
1 680826
1 52818
1 6629176
1 2580592
1 3805275
1 3578605
1 5555698
1 7953803
1 6185907
1 9830168
1 8910821
1 8137007
1 279967
1 7995327
1 9091178
1 6938126
1 7596412
1 8201734
1 6864158
1 4927499
1 2420547
1 5622635
1 7300921
1 6979533
1 8234331
1 8154
1 434317
1 9888431
1 9188051
1 2561666
1 8722886
1 6008856
1 6205121
1 9202326
1 6330495
1 859647
1 9182267
1 9194323
1 3914370
1 7133738
1 9290058
1 9849291
1 3554460
1 6009708
1 1587447
1 7960352
1 6374314
1 6852159
1 6485281
1 4434521
1 6819108
1 8654187
1 6960595
1 8062426
1 5664023
1 5538062
1 6638018
1 6801305
1 5683531
1 2473705
1 8848953
1 2208990
1 7367858
1 4722733
1 8809934
1 2683663
1 9687581
1 9096238
1 4957249
1 6298080
1 5052260
1 7802214
1 4444639
1 5616932
1 1747535
1 3942341
1 7594597
1 7313734
1 6141366
1 8604258
1 6244839
1 1194759
1 478163
1 8677193
1 5002067
1 1920989
1 8264773
1 2890249
1 8580228
1 839286
1 6804042
1 4356395
1 9253272
1 753411
1 7129257
1 9385660
1 873904
1 2660190
1 2918273
1 9629514
1 8673394
1 7105889
1 9681423
1 5046604
1 2907582
1 1976560
1 7473487
1 8426073
1 8332274
1 1460331
1 7616759
1 4829763
1 1789555
1 7713077
1 5984236
1 3321973
1 7229499
1 1273112
1 9224156
1 202438
1 4572255
1 5070370
1 8450600
1 8199104
1 2554977
1 3474778
1 2170840
1 2389084
1 1043147
1 1414567
1 8626672
1 9084525
1 3180274
1 4464617
1 228402
1 5317393
1 6382563
1 8662362
1 3498143
1 7739874
1 3512732
1 4325091
1 1168246
1 2770802
1 6242627
1 5869874
1 8245663
1 2950930
1 1619988
1 1399779
1 7966590
1 9554226
1 8892573
1 408653
1 1312509
1 8521450
1 8152827
1 9378161
1 150813
1 4822070
1 3726146
1 8743010
1 3405690
1 4867805
1 1953804
1 4654857
1 3717401
1 8304436
1 7374523
1 365619
1 3442811
1 6959810
1 1373237
1 5456089
1 1064162
1 1269295
1 5597487
1 3687965
1 458321
1 3529515
1 9115793
1 8626296
1 8956108
1 7076515
1 1576632
1 4689633
1 3708858
1 733807
1 5652658
1 5891190
1 7028515
1 6078514
1 9908764
1 1072633
1 1260883
1 8824079
1 9255147
1 2702359
1 8510858
1 2933610
1 9364153
1 7550526
1 488168
1 2933246
1 3439781
1 5884636
1 8577891
1 8427920
1 4747108
1 592414
1 4446208
1 3709396
1 9803773
1 310836
1 9349176
1 7032247
1 241996
1 2673792
1 629010
1 9137192
1 6189182
1 6368611
1 6374702
1 4191628
1 7805875
1 567880
1 8057145
1 2996843
1 9176519
1 8453341
1 5107076
1 7838039
1 1172077
1 2579977
1 1614709
1 6998174
1 8802679
1 3496723
1 1344350
1 8911344
1 2719832
1 9283842
1 369092
1 6253710
1 5308267
1 2308860
1 7084477
1 1908215
1 9857438
1 8596743
1 1425865
1 5410378
1 7326422
1 803010
1 720688
1 8026591
1 1795442
1 8516036
1 2432835
1 9137469
1 7512877
1 7886984
1 7879499
1 4806293
1 1096131
1 3958735
1 4426782
1 8555412
1 7766382
1 736614
1 7850576
1 2129294
1 7201589
1 514374
1 4678429
1 9179182
1 9840456
1 3395365
1 4002848
1 118881
1 5422550
1 936839
1 1298495
1 8341607
1 3232469
1 8039776
1 139382
1 9059437
1 3797123
1 3197776
1 332169
1 7863784
1 4601302
1 3629448
1 4827447
1 1832573
1 2019269
1 6742247
1 5195979
1 8466039
1 628385
1 2062255
1 2744904
1 885311
1 3331009
1 3244783
1 5642288
1 207534
1 786634
1 5757148
1 7643798
1 673865
1 8267572
1 3943138
1 1488886
1 6569011
1 6128039
1 3725268
1 5673817
1 8774604
1 5782006
1 146826
1 7711819
1 3161703
1 9345735
1 4884394
1 5606268
1 3432299
1 8005851
1 7890679
1 2619190
1 5244880
1 2830412
1 8294031
1 7375124
1 6853089
1 159808
1 2288957
1 2976498
1 7360608
1 8684862
1 3419488
1 5687397
1 5909975
1 1084080
1 1929618
1 3877311
1 3389579
1 3522663
1 6846008
1 3021811
1 2957097
1 879629
1 8905220
1 2690598
1 5472040
1 995680
1 4373033
1 8982779
1 2428707
1 583741
1 2779446
1 7458575
1 7899536
1 2906928
1 6318142
1 4832246
1 3405720
1 8196590
1 3129158
1 2515859
1 5953213
1 4960498
1 2471918
1 9941132
1 2015906
1 8311358
1 5021685
1 8633750
1 5063276
1 3724986
1 4287775
1 861015
1 8424337
1 5273106
1 4020260
1 3026584
1 1107554
1 3582155
1 6769751
1 4781636
1 3246978
1 3455004
1 9430548
1 6814345
1 6862918
1 7467068
1 6945669
1 7068293
1 4919526
1 6052491
1 3279295
1 8607291
1 7978513
1 777147
1 1919957
1 6260173
1 7140519
1 8910835
1 4238323
1 8879560
1 4968388
1 8093826
1 2049495
1 1970732
1 8964205
1 4301373
1 4685634
1 4211360
1 5589562
1 3197262
1 8529256
1 3056290
1 5221002
1 9750463
1 4049844
1 6276677
1 8781770
1 7844198
1 8480036
1 6846862
1 9120762
1 2062928
1 1183881
1 8092653
1 114385
1 7930336
1 4919807
1 8724111
1 8864269
1 8131274
1 6482777
1 865046
1 6941188
1 6764616
1 4949981
1 5216178
1 5741403
1 3268935
1 232167
1 7043794
1 2636292
1 9767684
1 5228974
1 9480036
1 5201525
1 3096629
1 7728978
1 8597386
1 2719515
1 5723895
1 5852482
1 949066
1 1190441
1 3650439
1 6560075
1 5260751
1 746948
1 584655
1 9975523
1 5631123
1 5379968
1 8950502
1 2381412
1 6465380
1 6074666
1 850066
1 697087
1 5654071
1 7427
1 6184962
1 1812537
1 7427969
1 2193469
1 9516734
1 8708775
1 120684
1 4041325
1 6522095
1 2574215
1 9982185
1 5111306
1 6261738
1 1665323
1 1882472
1 7449239
1 6885206
1 4544202
1 3257960
1 238765
1 4020808
1 2601717
1 1763718
1 3024423
1 842662
1 7490467
1 9500605
1 7115442
1 3760357
1 3714478
1 6331949
1 4903825
1 5946047
1 1177279
1 3307885
1 3981380
1 8169338
1 4605214
1 2850210
1 3065897
1 4768018
1 7240074
1 7405802
1 3324987
1 5753697
1 4692763
1 9041587
1 7313076
1 7381421
1 6330947
1 5004055
1 1723353
1 1289178
1 6823763
1 7424836
1 8456250
1 9920060
1 3374191
1 5242539
1 6221809
1 3016661
1 962709
1 8165450
1 7097259
1 2101142
1 9815388
1 1001477
1 884987
1 1061101
1 3335926
1 6914085
1 6750516
1 3233417
1 377315
1 5828039
1 637181
1 9442556
1 4589019
1 571080
1 7736333
1 3506036
1 6676985
1 7762499
1 8083464
1 5592642
1 6976063
1 4258771
1 7082122
1 7782035
1 3256969
1 7229572
1 528046
1 2611213
1 2125798
1 3043520
1 3534755
1 7361455
1 3595333
1 8587107
1 8183602
1 2502307
1 3384751
1 221022
1 3036106
1 9171782
1 9889207
1 4931072
1 7464326
1 1639281
1 3689538
1 2313323
1 652477
1 3509055
1 884855
1 3298588
1 5367239
1 3111406
1 6777054
1 273276
1 4460245
1 6431122
1 7956066
1 9918233
1 6561191
1 2985427
1 1554673
1 8504289
1 8951298
1 5596702
1 8796263
1 3408787
1 9820448
1 6856550
1 5444538
1 4511511
1 2738277
1 5471657
1 9961934
1 1529500
1 7163972
1 1149766
1 8546773
1 6978814
1 877420
1 2636388
1 2725628
1 8682876
1 9351772
1 3733652
1 194050
1 1264956
1 8683775
1 4125389
1 6896331
1 7778299
1 2376912
1 6664609
1 3460591
1 6717139
1 2428861
1 5214427
1 2281622
1 7302700
1 1893982
1 4625004
1 4098626
1 3433174
1 9965380
1 917304
1 3312859
1 9812459
1 2872205
1 1808636
1 6159734
1 4247986
1 2368942
1 2801844
1 50761
1 9254814
1 1709270
1 639159
1 7055732
1 6850212
1 1973686
1 5831056
1 3762320
1 5449526
1 3708352
1 2777858
1 2089500
1 7864858
1 3611155
1 9450256
1 1679493
1 9489345
1 3665787
1 1767862
1 4519113
1 9459040
1 4831261
1 297732
1 9931966
1 2230214
1 1331449
1 4315052
1 4347088
1 6357714
1 6159141
1 8737275
1 5408004
1 7544750
1 2871799
1 9683772
1 2914285
1 802273
1 1792814
1 2277824
1 9473901
1 3872790
1 6677742
1 500266
1 6330704
1 7175476
1 6866742
1 7659862
1 4429965
1 5949014
1 5150038
1 3156476
1 5737248
1 8462472
1 3685490
1 7964855
1 6250341
1 8063873
1 8865089
1 9843677
1 413357
1 3600885
1 577815
1 6879312
1 2754482
1 8606815
1 6867178
1 133191
1 3756795
1 4102322
1 5745130
1 3249815
1 58836
1 331833
1 1740262
1 4615551
1 5184076
1 4136809
1 6476337
1 4676014
1 7949999
1 7771210
1 3056058
1 5274374
1 356249
1 8214184
1 3024393
1 797862
1 9127406
1 1283861
1 6210935
1 5203197
1 5859039
1 9901386
1 9718585
1 6955587
1 2470584
1 3722865
1 1325254
1 7137947
1 1027650
1 6128884
1 6903627
1 5334331
1 8165475
1 2144972
1 6049368
1 4997408
1 446645
1 4433583
1 134367
1 2068159
1 4562065
1 607437
1 3218664
1 9337294
1 915100
1 9707974
1 120163
1 137803
1 7728503
1 9917798
1 3305487
1 5942890
1 6285935
1 8714239
1 7355914
1 9663879
1 9841232
1 1790162
1 2355638
1 7008581
1 4055850
1 2507722
1 6718169
1 3396372
1 3216684
1 4288373
1 2525242
1 7783517
1 3584704
1 3477314
1 2713806
1 6916435
1 9130988
1 7679577
1 8091597
1 3736157
1 9601172
1 6889307
1 1866383
1 9221104
1 6424862
1 8681705
1 3852729
1 1783931
1 1272728
1 465376
1 3314503
1 9237083
1 9500591
1 1779867
1 5810139
1 5580913
1 3095058
1 5494971
1 4560871
1 3482056
1 9306823
1 3459821
1 2979305
1 8745570
1 284569
1 9717504
1 1893886
1 5096293
1 7113458
1 6941056
1 26516
1 921056
1 2037534
1 8630266
1 5139994
1 9322218
1 5549694
1 7904285
1 8382563
1 3763974
1 1253887
1 5404006
1 7447596
1 4193652
1 9044750
1 5504475
1 2805087
1 2086081
1 354371
1 5960829
1 1885420
1 7932812
1 911911
1 1221734
1 1473394
1 5443690
1 2116118
1 9296619
1 7477370
1 9197011
1 4524707
1 2874717
1 8542646
1 6445033
1 4104900
1 6650988
1 4466305
1 4612556
1 2887321
1 2583622
1 1441520
1 6836653
1 4530732
1 655044
1 4365205
1 2866069
1 7974589
1 1110644
1 80224
1 2021293
1 8060409
1 3509575
1 2697287
1 8863941
1 7600101
1 4164005
1 2656722
1 6988262
1 5782915
1 78927
1 2640967
1 9483650
1 8964723
1 2751662
1 8875726
1 7344151
1 149984
1 5976594
1 4838535
1 2762038
1 3446939
1 1431908
1 979442
1 9763222
1 7239424
1 6110759
1 4735903
1 9329136
1 2293810
1 1382525
1 5952989
1 7801826
1 9825876
1 3044944
1 925808
1 4396874
1 4131929
1 6206871
1 8877155
1 1729361
1 3909841
1 6974222
1 7211389
1 2755841
1 926807
1 2667654
1 5474141
1 169911
1 7697912
1 9193985
1 2318536
1 5120900
1 7058025
1 9830504
1 9131305
1 9161584
1 9033768
1 918476
1 6797999
1 3100995
1 1420747
1 3417556
1 2294386
1 9302187
1 2291546
1 5424323
1 7668884
1 4111992
1 3526509
1 8274226
1 6763421
1 1364629
1 3795149
1 4616491
1 7196030
1 4971289
1 6339990
1 9729132
1 7393712
1 9878604
1 1105523
1 6437456
1 7813580
1 3725581
1 8393282
1 4160117
1 3221823
1 509033
1 2509633
1 19053
1 7732926
1 9494656
1 4124837
1 1199762
1 1712943
1 7601505
1 9992975
1 9481305
1 9998931
1 3597049
1 3420331
1 3021475
1 411145
1 7104090
1 5603699
1 4135772
1 9317086
1 1515187
1 9491048
1 3208354
1 5919031
1 6378393
1 6830830
1 1360726
1 4311793
1 6586280
1 358218
1 5852337
1 9119351
1 5270558
1 4195728
1 876675
1 9990679
1 5351701
1 9385518
1 914180
1 8193429
1 4869059
1 6044969
1 8899897
1 2859348
1 8319031
1 8483064
1 1740283
1 3686273
1 2511423
1 6192852
1 4921956
1 5006084
1 2527385
1 2862135
1 8350271
1 272901
1 6576956
1 1736486
1 1525383
1 3183735
1 5100885
1 6187233
1 5308738
1 661722
1 5078338
1 5373410
1 6252864
1 8918404
1 664581
1 1329381
1 4741455
1 5148192
1 9306777
1 4300113
1 6682399
1 4067309
1 3234500
1 3355026
1 9512744
1 5913021
1 6418323
1 3152104
1 5385906
1 4211054
1 5355979
1 4880091
1 6044831
1 1511498
1 9856964
1 1068408
1 7275130
1 1482668
1 5606825
1 9316522
1 2515393
1 4129215
1 5860615
1 971395
1 3917673
1 7374278
1 705459
1 9321565
1 87003
1 667232
1 496082
1 789291
1 5167480
1 7051510
1 7799899
1 268013
1 7633506
1 6543557
1 2490914
1 9540763
1 9773104
1 489272
1 1742608
1 8469365
1 9459606
1 3981858
1 9902562
1 4561213
1 1255415
1 9018477
1 288830
1 759372
1 4602045
1 281252
1 7592158
1 8295158
1 3747467
1 4321609
1 3218902
1 6361919
1 8152803
1 7842108
1 8151719
1 1065790
1 2209578
1 1055455
1 9513563
1 3534206
1 9776568
1 5894627
1 7626987
1 3065800
1 8696153
1 9271648
1 7580249
1 528787
1 8040142
1 9499996
1 9302585
1 8372696
1 8662765
1 3551480
1 7585357
1 6417928
1 9873058
1 3307119
1 9722601
1 4115191
1 6776822
1 909788
1 1999524
1 4786124
1 8111014
1 1199490
1 6510512
1 4988064
1 2975242
1 2219169
1 3631399
1 9794740
1 935799
1 6718550
1 4031553
1 5821230
1 9330720
1 3893046
1 206597
1 9631879
1 8402090
1 5747455
1 730842
1 5434610
1 9709068
1 1370281
1 2013800
1 8778921
1 6213252
1 9014217
1 5793350
1 9062900
1 6218035
1 8715093
1 7984073
1 2600
1 9106530
1 4656783
1 5460687
1 950239
1 2379145
1 1237844
1 6244297
1 3256159
1 1810
1 8510342
1 5447477
1 1442720
1 1722630
1 7918315
1 6592540
1 7596276
1 2115331
1 6850684
1 5439346
1 5591518
1 9256579
1 7426401
1 4789798
1 2121398
1 3431416
1 9133142
1 8403251
1 5619609
1 123064
1 3521781
1 1062316
1 9827829
1 7164387
1 978196
1 3120995
1 310445
1 3102634
1 8837621
1 6234908
1 8358918
1 3750342
1 5113876
1 7183988
1 5092101
1 2307433
1 4227774
1 4615221
1 4853714
1 2275716
1 2890155
1 5135550
1 9928174
1 671044
1 9631780
1 3514245
1 1532372
1 2524829
1 4489827
1 9227547
1 1203827
1 1488658
1 7475138
1 8397804
1 439415
1 6020253
1 8025149
1 2715738
1 4533960
1 8963274
1 5840060
1 1085570
1 4324073
1 4908768
1 155799
1 7014296
1 6784084
1 1771552
1 3833184
1 4020844
1 9672697
1 5405630
1 433373
1 9311314
1 3081782
1 833846
1 744503
1 7359328
1 6023328
1 1632164
1 952239
1 6391955
1 9091973
1 1658586
1 1478928
1 4601865
1 8147073
1 1831809
1 2473236
1 6333051
1 7239669
1 2457651
1 7989965
1 1584889
1 3988134
1 7748398
1 901525
1 7766744
1 4122077
1 1719991
1 7015358
1 6816087
1 1006062
1 507703
1 4145257
1 9573471
1 8942209
1 8637281
1 4808467
1 8869243
1 6498604
1 5591797
1 2527833
1 8318610
1 4462703
1 2690347
1 9738612
1 9149392
1 8053182
1 438871
1 7152832
1 8469550
1 1910758
1 2188085
1 8485776
1 4391739
1 506071
1 562921
1 1451471
1 3529690
1 1972315
1 9490818
1 4324926
1 3937132
1 6255322
1 7026941
1 7986603
1 129339
1 7121224
1 3639287
1 3992555
1 508814
1 4659112
1 7143602
1 2459430
1 5309235
1 6342090
1 7320836
1 8066385
1 1197299
1 8802911
1 31290
1 6884282
1 8246434
1 9517850
1 1494197
1 1108284
1 5692785
1 682671
1 553517
1 1561566
1 6755790
1 5802251
1 40290
1 2764608
1 7058788
1 8995102
1 106272
1 219605
1 6523875
1 1976062
1 7225322
1 2170780
1 9685469
1 9150865
1 8525155
1 622374
1 2751142
1 276969
1 7629421
1 5747509
1 5524287
1 7201730
1 2133705
1 4202809
1 234952
1 2948651
1 4949562
1 7150101
1 6091464
1 5019883
1 425075
1 5287554
1 8465118
1 9978768
1 2433149
1 7825149
1 844023
1 6036893
1 4504824
1 2236505
1 805849
1 1626452
1 4015497
1 5410804
1 316561
1 6861213
1 4741095
1 2856164
1 2403491
1 8952945
1 5333004
1 337913
1 1569824
1 1527807
1 9451546
1 604887
1 7840655
1 1909819
1 1247870
1 8103146
1 3702500
1 6089267
1 2816375
1 4070948
1 4628163
1 3709837
1 928112
1 5458693
1 4773690
1 584581
1 9366305
1 5611253
1 5366083
1 9222531
1 6189031
1 6133941
1 4779947
1 1152763
1 1704057
1 2100877
1 4509819
1 7992431
1 9969420
1 5047968
1 6571541
1 5514191
1 8393830
1 989496
1 3162209
1 9626439
1 7681671
1 7656365
1 5964474
1 828966
1 6230696
1 9123839
1 2079307
1 6898429
1 1487682
1 7105228
1 4773576
1 8198833
1 8810559
1 9993607
1 9822817
1 1338422
1 6650391
1 9885259
1 8323696
1 1741423
1 9644623
1 2481810
1 2919024
1 7714915
1 5240625
1 7823051
1 6414817
1 3593249
1 4117588
1 3001433
1 6688008
1 8605037
1 6276356
1 9086672
1 7093585
1 1410383
1 7625357
1 9503346
1 5969609
1 881454
1 1575333
1 7719908
1 7569043
1 2571158
1 9392468
1 9350491
1 8906793
1 6449004
1 7169850
1 8832322
1 3769933
1 368684
1 5952329
1 938820
1 772944
1 3719715
1 4737908
1 3262547
1 7743842
1 676058
1 2526947
1 2200090
1 8978669
1 7131884
1 9667423
1 3628143
1 2135160
1 5922564
1 1283467
1 7160958
1 5869654
1 860266
1 9409387
1 4054556
1 115375
1 7222490
1 6118634
1 352538
1 5910980
1 2400014
1 4988315
1 5635792
1 373599
1 2575994
1 241589
1 2880019
1 8029810
1 8854859
1 7287533
1 1449604
1 8899849
1 690539
1 5978187
1 8420043
1 1463417
1 18229
1 2635467
1 1910399
1 1887861
1 7559795
1 4038294
1 4128181
1 2732662
1 5661604
1 7543403
1 6258213
1 3459340
1 5200053
1 9568454
1 837652
1 5783214
1 5269420
1 514446
1 661526
1 5127500
1 8892499
1 1017722
1 6163908
1 3659343
1 6933945
1 669801
1 6110603
1 3287385
1 9412391
1 9486006
1 656150
1 6484333
1 1683387
1 791665
1 535420
1 8463452
1 4938096
1 4396416
1 1817601
1 7578848
1 6007368
1 8810730
1 8160347
1 9629091
1 6763161
1 949442
1 222985
1 8269455
1 6643530
1 2395634
1 9947646
1 9403620
1 2273344
1 5825624
1 9864248
1 3298956
1 1461636
1 3160937
1 1171373
1 8667918
1 1142565
1 3667925
1 3901978
1 3326020
1 6581936
1 2731372
1 5692869
1 8478614
1 1557990
1 8781076
1 2463635
1 2482043
1 897823
1 5397293
1 663983
1 3215404
1 6861643
1 5235583
1 904952
1 2804532
1 2689037
1 385099
1 8726597
1 4710676
1 3558986
1 1123626
1 6845252
1 89252
1 5665194
1 2123093
1 7633537
1 4672789
1 5915745
1 684874
1 8203973
1 6498227
1 8778221
1 4975826
1 3017893
1 1413076
1 5146946
1 2269737
1 5815733
1 9935786
1 1941264
1 5345912
1 1529979
1 5998629
1 8316058
1 1368748
1 7865827
1 5903329
1 5292668
1 5315607
1 7112252
1 8964577
1 9683008
1 6429001
1 6480941
1 6322956
1 6791805
1 3204868
1 1831231
1 222851
1 4505576
1 373347
1 3309195
1 8754034
1 9347019
1 4703573
1 5035324
1 8318183
1 5085537
1 2892835
1 7626647
1 8364548
1 3742204
1 9138945
1 5207300
1 2677626
1 5424927
1 1702900
1 8658980
1 8621117
1 6748953
1 6605422
1 6730691
1 5662735
1 7160660
1 1194851
1 3837223
1 4068001
1 9948054
1 7457661
1 891086
1 2705594
1 8528091
1 6082313
1 9380950
1 1525139
1 9795164
1 4149707
1 5833658
1 3031875
1 377035
1 5572803
1 6948952
1 4572073
1 212426
1 2921041
1 1182663
1 9643846
1 6489663
1 6456091
1 9373027
1 4968492
1 3182768
1 3135521
1 1788013
1 168887
1 3737887
1 7319195
1 8864356
1 7356424
1 7905936
1 2274381
1 1450601
1 7688912
1 8963202
1 2749223
1 7892575
1 4381334
1 3493258
1 4303411
1 8581424
1 2869177
1 9765511
1 5548412
1 997936
1 3593240
1 5953555
1 9171683
1 8813396
1 1950805
1 7794432
1 1307473
1 4667161
1 9476125
1 5351188
1 9416060
1 4486430
1 8956192
1 4239760
1 840908
1 208522
1 4307376
1 6736663
1 3409905
1 758234
1 699747
1 3752432
1 3476166
1 1884222
1 4570566
1 4286987
1 7406345
1 7883666
1 4024520
1 216887
1 4661170
1 1137442
1 7342777
1 4554173
1 6635328
1 7403684
1 2206767
1 8170762
1 5102196
1 8181858
1 9825475
1 2588860
1 9296836
1 5687290
1 263771
1 3418017
1 889179
1 9156625
1 5210482
1 1238187
1 5155591
1 7339673
1 834279
1 5562913
1 1837234
1 1309597
1 7261714
1 8976377
1 4380010
1 3721776
1 2855913
1 5481824
1 8993393
1 6850604
1 2322880
1 8902196
1 5219791
1 5745677
1 4181099
1 1785733
1 2182479
1 1343754
1 7208644
1 8565637
1 693854
1 2119209
1 2343434
1 9602672
1 5573017
1 8595776
1 6600140
1 4054705
1 3685567
1 6312718
1 6407079
1 707737
1 5993218
1 8884077
1 6952146
1 6145340
1 9257685
1 4478352
1 4144980
1 7224090
1 3249416
1 7939076
1 5339429
1 8691157
1 360198
1 6747735
1 5481784
1 4457799
1 4820007
1 3445998
1 2173966
1 4292872
1 9872158
1 4855338
1 3104662
1 3760630
1 4043815
1 97614
1 329944
1 8886559
1 1137410
1 2999461
1 1910857
1 4384946
1 2404767
1 2400131
1 3518441
1 9373839
1 2952983
1 2562825
1 4385850
1 2289868
1 8768105
1 5288809
1 2601834
1 8141568
1 854660
1 3842131
1 7576195
1 1346957
1 6722217
1 2053165
1 8560895
1 2052520
1 2411786
1 2436207
1 4079958
1 2843668
1 2585890
1 6312467
1 6978969
1 3681530
1 2841288
1 1967432
1 7647086
1 6935701
1 9548025
1 6724762
1 992523
1 2297325
1 5583525
1 1584446
1 1649429
1 3703827
1 9147418
1 4794559
1 4279739
1 7994931
1 383316
1 134821
1 5885407
1 8273133
1 3474948
1 1300650
1 3139082
1 510033
1 5199798
1 7522734
1 4047093
1 2503282
1 9148299
1 5192211
1 7265898
1 6959274
1 5791631
1 4035136
1 3554820
1 8262692
1 6365915
1 5523857
1 3116832
1 7748470
1 9188211
1 7133021
1 1615294
1 8102512
1 2015421
1 1426183
1 8381867
1 7819155
1 5930344
1 4097439
1 6988085
1 5439946
1 7329995
1 9065959
1 145489
1 7590273
1 3357908
1 5457252
1 2662044
1 5447179
1 8228476
1 5863593
1 5442793
1 1920713
1 3000842
1 1703740
1 3747154
1 842047
1 1497134
1 2855969
1 7489154
1 3554004
1 3385310
1 7818666
1 3595914
1 5354575
1 384647
1 3363680
1 190485
1 932740
1 8738091
1 3975452
1 3779225
1 8839185
1 3082064
1 7396881
1 4278621
1 5653351
1 9382317
1 7804415
1 7867127
1 2767340
1 1066721
1 1208778
1 446996
1 7508906
1 7773993
1 8661044
1 747006
1 8712964
1 6166262
1 3231794
1 197896
1 9727455
1 1316967
1 4323321
1 696499
1 4030455
1 7263143
1 7604834
1 7391674
1 5094740
1 8131238
1 3731449
1 6668174
1 6896075
1 744414
1 4290403
1 8304000
1 486431
1 1240944
1 4848298
1 491304
1 9541075
1 8373494
1 8258456
1 5909986
1 1924903
1 4296972
1 2689078
1 1188847
1 5647363
1 8095159
1 3649586
1 3836217
1 7806899
1 2661142
1 9743194
1 6279465
1 8548214
1 1505636
1 4387248
1 12534
1 839101
1 5294303
1 5996565
1 1096187
1 1283050
1 1463623
1 6017440
1 8254272
1 7586065
1 8336655
1 9961908
1 3636801
1 5467069
1 1195686
1 9278985
1 5594693
1 1826986
1 8441374
1 9649691
1 643182
1 276683
1 4845946
1 6721461
1 784087
1 3167166
1 9498673
1 6397218
1 1251080
1 5069771
1 2057764
1 9988768
1 6439286
1 2917171
1 8578342
1 7768969
1 4699549
1 3650109
1 8688357
1 2563702
1 7854365
1 8094764
1 3163689
1 7440272
1 5510214
1 6338806
1 9220774
1 159082
1 7100877
1 7111997
1 7123623
1 1917168
1 2159646
1 2107776
1 5364383
1 744467
1 1077686
1 5628676
1 2766650
1 6517687
1 8020781
1 8060426
1 1153392
1 6888095
1 9362297
1 8037516
1 1982644
1 3420919
1 8185618
1 1569872
1 7974849
1 8141708
1 4826385
1 3944944
1 8515368
1 5806125
1 8266536
1 1736480
1 3544972
1 1045083
1 5294085
1 4779749
1 1540878
1 9791564
1 8084846
1 1706155
1 6371921
1 8639317
1 3326050
1 400767
1 631256
1 7138391
1 2444690
1 6846849
1 2237180
1 3850702
1 2252881
1 8075764
1 442936
1 4409969
1 7685677
1 7488465
1 8456523
1 5280013
1 2861485
1 1406847
1 7397024
1 621513
1 3912467
1 1976628
1 2423954
1 2901288
1 552987
1 5194111
1 533199
1 8801985
1 3743839
1 3605937
1 32528
1 1144514
1 1091574
1 6713337
1 5075369
1 8793914
1 7554879
1 7655022
1 6531267
1 3743907
1 3946089
1 2872001
1 5952842
1 7732492
1 1532193
1 7283567
1 6903476
1 8749698
1 8990809
1 1265517
1 2826928
1 5437160
1 4553986
1 8783641
1 7170274
1 3522411
1 6059618
1 5330212
1 8692316
1 3781502
1 2688756
1 2206935
1 8584074
1 4849021
1 1895301
1 923623
1 2227563
1 6731785
1 3483677
1 6105052
1 7510975
1 595101
1 6102228
1 7269060
1 584438
1 4891497
1 341742
1 5730377
1 224626
1 7502136
1 8188594
1 5151357
1 7143161
1 5114157
1 2428294
1 1148778
1 4028736
1 7944883
1 3659771
1 479563
1 229959
1 2802799
1 914400
1 2835912
1 4175756
1 7413112
1 9700596
1 6023752
1 1004447
1 7988851
1 6107992
1 9448871
1 744275
1 4160860
1 1107589
1 2469221
1 6323335
1 3717133
1 7074950
1 7372914
1 6287893
1 1131787
1 5387856
1 3731294
1 5387209
1 6655657
1 3234941
1 7818158
1 9725004
1 149420
1 3133404
1 6405335
1 1965826
1 4281807
1 9844226
1 6386645
1 9024426
1 7849159
1 3170295
1 4518450
1 6782190
1 8301927
1 4689233
1 2690589
1 5100906
1 2060469
1 1036723
1 23364
1 3401887
1 8561464
1 4449472
1 8976251
1 7165572
1 5986014
1 2181254
1 8591386
1 3296618
1 5767396
1 6563573
1 746982
1 6794269
1 9755054
1 2361897
1 7423949
1 3106107
1 6894192
1 5965136
1 1258048
1 9697483
1 4527063
1 3015835
1 6832180
1 7436808
1 8686194
1 5698347
1 6660519
1 2926508
1 4097184
1 150282
1 9442100
1 8047662
1 5860776
1 3146881
1 192961
1 2158280
1 7746464
1 2439245
1 8504828
1 4685510
1 5736457
1 5314854
1 897763
1 7119084
1 8928055
1 8823961
1 748424
1 3939741
1 7918694
1 7223299
1 516980
1 718977
1 1780037
1 4455870
1 5879600
1 1610209
1 3839661
1 8812944
1 3332152
1 2010806
1 2126182
1 3398091
1 865857
1 3390348
1 4133770
1 8724806
1 758979
1 7171380
1 5710562
1 9976028
1 6224920
1 6107994
1 671562
1 582661
1 4948164
1 9364862
1 7937238
1 7259978
1 8063033
1 7635508
1 5167451
1 162832
1 8763636
1 4278772
1 8929304
1 5052283
1 4151492
1 931019
1 6866054
1 340249
1 4841000
1 5781087
1 624166
1 4509271
1 4401189
1 7109057
1 1160269
1 2652518
1 9357222
1 2433316
1 3917459
1 2464138
1 6695088
1 76599
1 4497361
1 8518710
1 7849713
1 1795705
1 5718167
1 6864015
1 5605496
1 3156410
1 3189583
1 6598022
1 8390454
1 3427172
1 5393003
1 9234241
1 7473119
1 1615784
1 7907608
1 6533813
1 3591921
1 3464574
1 8494724
1 7277104
1 7758972
1 6645549
1 6069022
1 6552788
1 736118
1 207167
1 8297997
1 5520788
1 5866912
1 1101723
1 4357591
1 9046507
1 6370187
1 6140006
1 9857108
1 2104782
1 9011608
1 2797770
1 9299945
1 6152285
1 6773935
1 7461443
1 2632600
1 9607760
1 3971630
1 1395940
1 7582300
1 943176
1 7276614
1 9231593
1 9701332
1 8540305
1 1491436
1 689291
1 7144450
1 8257923
1 4003953
1 5944134
1 9231083
1 7605335
1 2509334
1 5386903
1 2449710
1 4908854
1 940670
1 1103129
1 4666768
1 5277243
1 4524685
1 1081923
1 5811813
1 7491975
1 4465964
1 7567273
1 9017037
1 1653751
1 2140156
1 3252043
1 4090878
1 2756517
1 3690981
1 9495235
1 5877256
1 3238516
1 8990045
1 6268218
1 7713758
1 6107592
1 1682521
1 1419150
1 6682796
1 3447192
1 5554375
1 6586796
1 1895516
1 2803670
1 2321459
1 4153525
1 3168479
1 1548424
1 7583916
1 2751446
1 2257661
1 5169971
1 3953284
1 3239881
1 5109474
1 5721433
1 8770250
1 2191215
1 8841101
1 6336901
1 9353811
1 4490286
1 6807589
1 9277819
1 3289076
1 7105877
1 5494956
1 9171254
1 8510104
1 5883502
1 8742968
1 9591349
1 4176299
1 5138046
1 6182368
1 2148019
1 3435592
1 8658714
1 1549264
1 5247737
1 4664919
1 2820849
1 2322999
1 7746385
1 6892872
1 2909955
1 5485598
1 9285408
1 7658077
1 2639880
1 2620218
1 8258137
1 3166572
1 613373
1 9268883
1 9111178
1 1391098
1 2809976
1 4516458
1 9037826
1 3032251
1 8662790
1 2022916
1 2130407
1 1840004
1 7345999
1 5019837
1 9458201
1 4767559
1 2098247
1 5982590
1 5827579
1 3810445
1 4651757
1 980833
1 3318714
1 5774402
1 5288946
1 2818378
1 1394483
1 8571163
1 6484426
1 8075702
1 1004638
1 3984495
1 5857231
1 2747510
1 1097019
1 5056204
1 7196249
1 5945970
1 3650627
1 4282758
1 7331699
1 1499439
1 4570897
1 3402316
1 9205878
1 9600548
1 3159484
1 6881424
1 3792752
1 9424775
1 8139781
1 5217601
1 4992576
1 1939153
1 1058219
1 1965071
1 9727441
1 6890100
1 4600754
1 1174609
1 2436452
1 9696030
1 7175777
1 2350758
1 7641725
1 5836531
1 7535620
1 8024061
1 7518830
1 5471763
1 7602489
1 757317
1 7841573
1 768616
1 2497434
1 6392577
1 2814374
1 6567340
1 1966034
1 1174203
1 2355566
1 2719321
1 4990741
1 9524058
1 8816934
1 9232567
1 6255424
1 8525088
1 6997195
1 290370
1 4750225
1 7028017
1 2507115
1 8934040
1 4388914
1 6058608
1 3938701
1 4989341
1 9667702
1 5388640
1 9515336
1 1081305
1 35689
1 4956684
1 8665169
1 3041264
1 4991280
1 1085864
1 3106690
1 7590349
1 1929076
1 116044
1 7500121
1 1991178
1 8266869
1 2630026
1 5091606
1 1969755
1 8766883
1 8955944
1 9284986
1 8975250
1 2249700
1 8146196
1 5561470
1 8770424
1 2765515
1 3782973
1 5912529
1 276187
1 6545050
1 191272
1 9963671
1 3879808
1 56817
1 3027613
1 843533
1 3847076
1 5140894
1 3870351
1 3893815
1 5343951
1 6805173
1 2768649
1 6480554
1 6378093
1 2288971
1 8458916
1 3962586
1 408324
1 7337326
1 4846909
1 264652
1 1756396
1 4267058
1 7277456
1 1265190
1 6249513
1 3267742
1 6790511
1 5630608
1 6733429
1 9678497
1 7938668
1 4481654
1 4217376
1 3590165
1 3709258
1 7182737
1 8336771
1 1488496
1 1955857
1 7913621
1 9149319
1 4557971
1 2137127
1 3837677
1 8035506
1 1123162
1 246023
1 5386725
1 2846836
1 2357636
1 2489773
1 574337
1 8822959
1 519495
1 4950245
1 2927881
1 4625724
1 8853416
1 5951419
1 8190785
1 2078315
1 8908037
1 7885818
1 317289
1 5361309
1 3671789
1 1409438
1 1336608
1 4875819
1 88693
1 705507
1 9691786
1 7955190
1 2141585
1 5490098
1 1595637
1 292938
1 274439
1 4832129
1 9347669
1 9889247
1 2768710
1 1339733
1 6777136
1 8314501
1 8284753
1 9394676
1 5713043
1 8295833
1 2285883
1 9595591
1 9901762
1 8060423
1 9407097
1 7462238
1 6641192
1 5184051
1 3273962
1 285850
1 2706434
1 8432381
1 2349983
1 4412442
1 2539023
1 3209148
1 9208681
1 5213842
1 8017606
1 6136257
1 8635981
1 1854949
1 60704
1 7662521
1 6650806
1 9086997
1 935828
1 1968342
1 2802075
1 8672360
1 399020
1 829416
1 5704485
1 4006259
1 1778253
1 2820918
1 1001170
1 5232662
1 740249
1 5721812
1 4847280
1 4602547
1 2541258
1 615886
1 7567156
1 9190827
1 1558030
1 3786539
1 3284569
1 3264555
1 7038789
1 7023441
1 4411810
1 6606636
1 4631148
1 8593738
1 4454034
1 7194891
1 466660
1 9325829
1 9549168
1 6985622
1 86886
1 6269682
1 8761976
1 6443562
1 826516
1 4283079
1 6078230
1 9211736
1 5381227
1 2954274
1 4674946
1 3747141
1 6095242
1 7156394
1 6881501
1 5359458
1 5679532
1 1938359
1 3614844
1 9819008
1 3301649
1 786453
1 2250698
1 8056993
1 539862
1 8214682
1 2520193
1 9339745
1 5050798
1 7213117
1 3146567
1 9630110
1 3969978
1 3894533
1 5339659
1 5602688
1 4662293
1 6274057
1 4601658
1 5496028
1 8436348
1 8203320
1 707956
1 7239800
1 1746984
1 7643910
1 8317260
1 3417039
1 4095816
1 1291505
1 8527214
1 444782
1 535913
1 5169577
1 5083555
1 3675774
1 3930503
1 8391042
1 2159216
1 2674619
1 6574578
1 2455953
1 6010403
1 443501
1 4825788
1 3363982
1 473918
1 2605148
1 2322060
1 1816210
1 3455251
1 2792223
1 6091510
1 4556967
1 1825318
1 9909327
1 1592968
1 6649929
1 4356609
1 4459391
1 4999940
1 9019057
1 9896497
1 1961907
1 731607
1 7070243
1 4590372
1 4341288
1 2443644
1 5347824
1 9724268
1 378911
1 4611771
1 579883
1 2929110
1 2398339
1 932774
1 8977113
1 4356675
1 3598249
1 3408265
1 8498888
1 1901125
1 984456
1 9782352
1 7467386
1 5193626
1 6972061
1 5444391
1 1999207
1 4981217
1 6697128
1 1781859
1 4756760
1 3731716
1 9558700
1 4526574
1 718570
1 2714723
1 8344634
1 9823486
1 3764570
1 1345340
1 7038988
1 8900431
1 4749256
1 8592851
1 5932803
1 1582671
1 901240
1 6935701
1 5345094
1 1682916
1 4604443
1 2272159
1 1773021
1 9260338
1 9607295
1 9478804
1 4742650
1 2326997
1 8409849
1 149595
1 3750535
1 6509903
1 4461869
1 8027068
1 2135468
1 8327957
1 7576067
1 2317659
1 5690856
1 9399043
1 5652705
1 9203508
1 7968477
1 9810864
1 1982903
1 5371946
1 8298181
1 1607013
1 824893
1 9429886
1 2532498
1 3647130
1 7379458
1 3653635
1 8455621
1 3413709
1 8689765
1 6054421
1 9454527
1 7061782
1 3800877
1 1631444
1 8119252
1 8628955
1 7112296
1 2389796
1 6549040
1 7509679
1 9972520
1 8193784
1 2856812
1 1792490
1 3157165
1 2594781
1 7640368
1 8150597
1 8716385
1 6349084
1 9277389
1 3643307
1 4134432
1 6250639
1 487410
1 8688649
1 7128732
1 3740255
1 7134797
1 1927396
1 4668049
1 631256
1 5772746
1 2155238
1 255596
1 1622365
1 5734095
1 9096199
1 8964205
1 9478284
1 5978804
1 6169957
1 1626591
1 8808144
1 9306978
1 455123
1 8439236
1 6770916
1 2389691
1 2409222
1 2317876
1 4080680
1 1062334
1 1875075
1 4779777
1 7056473
1 8824705
1 1867346
1 3919225
1 3003854
1 6334351
1 6522572
1 8541825
1 1943511
1 3106384
1 8424709
1 1972849
1 9957537
1 1641330
1 4288871
1 9540306
1 4390140
1 9939496
1 6382616
1 6494385
1 2008184
1 1895193
1 5717053
1 940990
1 4845611
1 7610552
1 4226693
1 5534107
1 56528
1 2647910
1 9286191
1 6645561
1 2724028
1 7145501
1 1698323
1 8122760
1 3204458
1 369498
1 1284447
1 4404491
1 8396156
1 7076523
1 2672216
1 6187098
1 208266
1 3169813
1 9555267
1 5764295
1 1222266
1 7808109
1 1711791
1 2336505
1 3831225
1 8557867
1 8948252
1 1415905
1 8577128
1 2074151
1 4180007
1 1030526
1 3461961
1 6417715
1 8499018
1 2500186
1 143373
1 7356183
1 7648563
1 4702784
1 6276330
1 9386943
1 9597970
1 3187313
1 6704416
1 7248163
1 9709721
1 8881631
1 9150304
1 8738388
1 5488034
1 989982
1 5322671
1 1853561
1 3648461
1 6427685
1 9754469
1 8457008
1 3525090
1 8523163
1 6741776
1 2588844
1 3236965
1 5157094
1 8611422
1 1449514
1 1656385
1 6859111
1 434878
1 4975606
1 3502725
1 3688913
1 3748595
1 6409739
1 1286329
1 6835746
1 9635371
1 1283687
1 4978160
1 2529879
1 8818740
1 6779999
1 4900169
1 1782392
1 1778233
1 6002541
1 2011552
1 8046178
1 1623598
1 2353342
1 3835348
1 2652907
1 2849251
1 7960268
1 8927966
1 1282926
1 1522385
1 4750712
1 9772415
1 1296076
1 1434347
1 9898748
1 4142018
1 9333330
1 9661481
1 4398953
1 6415741
1 2878077
1 7681980
1 9329960
1 2039671
1 7960472
1 4477819
1 1275838
1 5495367
1 2692955
1 5226548
1 224390
1 482042
1 8027511
1 9609120
1 3767729
1 8392298
1 5259263
1 1985790
1 4511336
1 756090
1 5496010
1 7541431
1 2595255
1 9178539
1 3960201
1 1028548
1 4333479
1 64886
1 9697515
1 2059314
1 5754887
1 2947425
1 5562705
1 2750302
1 6996160
1 4487349
1 1338312
1 3175527
1 1468698
1 6317977
1 2685892
1 1995218
1 8298194
1 5890808
1 2613906
1 8579332
1 1819895
1 7809742
1 8554899
1 3614369
1 8942649
1 9568998
1 6122029
1 4169877
1 2458371
1 7564979
1 3070330
1 6356318
1 5985255
1 7936737
1 1032866
1 1662148
1 1630593
1 3259062
1 3866066
1 9131895
1 567173
1 3737425
1 2970735
1 8756253
1 8158279
1 9953491
1 4464302
1 1162709
1 8570071
1 4917585
1 1787105
1 2674286
1 2966736
1 9514796
1 8442644
1 1628216
1 1947001
1 2518240
1 422763
1 3474491
1 2381426
1 966998
1 5835234
1 5547991
1 3985102
1 6341482
1 8921457
1 5924954
1 9116758
1 9939472
1 8850672
1 593040
1 4046413
1 1770421
1 2661540
1 6849623
1 4748875
1 2224015
1 8715531
1 1730956
1 9223347
1 2038472
1 964305
1 3713877
1 7023378
1 9385532
1 5990336
1 20373
1 9969114
1 3130084
1 1130185
1 1195086
1 1448898
1 6112760
1 9139091
1 3120466
1 8764479
1 8122434
1 6952204
1 6858455
1 4641331
1 575032
1 4315441
1 1710514
1 1665692
1 4698933
1 2931739
1 9817155
1 5290766
1 1393017
1 9077798
1 2534760
1 8745696
1 7253098
1 3194254
1 4424210
1 9419881
1 9672441
1 6919949
1 8481102
1 4468087
1 5080985
1 3707607
1 5869656
1 4327607
1 1948354
1 1629148
1 9564051
1 8274475
1 2683598
1 5077754
1 7834515
1 1897464
1 8212588
1 997539
1 2531657
1 994615
1 3918714
1 1915334
1 4919198
1 1984532
1 7750732
1 1735966
1 4071502
1 8819905
1 2434747
1 4035821
1 9433666
1 9799200
1 2104006
1 7712796
1 4572572
1 5113662
1 2851531
1 4427499
1 4613993
1 1576263
1 3897096
1 1844977
1 9037393
1 8798039
1 4330768
1 2537472
1 1769195
1 5920994
1 4156198
1 5955307
1 1074814
1 7506120
1 4722798
1 5634307
1 7115435
1 9505867
1 3659643
1 640826
1 7446341
1 4638290
1 3720999
1 7251046
1 291167
1 2007420
1 3872645
1 3242753
1 6460348
1 4829654
1 1957345
1 3795093
1 3118911
1 9329165
1 4503387
1 5240968
1 2062956
1 4295126
1 2796285
1 2747367
1 9897555
1 4832484
1 1837140
1 8534217
1 6220918
1 4734229
1 531832
1 7335739
1 9940810
1 3889813
1 158533
1 9801935
1 4745261
1 8343798
1 106888
1 7516859
1 6602224
1 7853810
1 3190936
1 2696876
1 1946715
1 7217473
1 6082770
1 5494466
1 5734410
1 5704192
1 7913333
1 7490624
1 9202750
1 8501303
1 9438801
1 5726201
1 5211947
1 5821448
1 9430019
1 6767610
1 6788870
1 4375708
1 7416594
1 214961
1 9301383
1 1339367
1 6547127
1 5277134
1 5847408
1 3666090
1 1100395
1 4487432
1 250713
1 1827129
1 253582
1 7142006
1 4041142
1 3434133
1 12992
1 3828708
1 2194027
1 9170812
1 7484243
1 6463298
1 1831595
1 317875
1 7912947
1 1382725
1 8593232
1 8453701
1 7881534
1 7087157
1 8422636
1 1483572
1 6064787
1 2853930
1 687186
1 3117172
1 6503404
1 518844
1 5825938
1 6773082
1 1848719
1 5887524
1 4832810
1 101793
1 4951543
1 5215455
1 6256713
1 6699695
1 6063666
1 220768
1 9355929
1 8240112
1 3913831
1 3121575
1 6889224
1 6520204
1 2098157
1 6964604
1 6787565
1 5115483
1 3445676
1 9048573
1 2398813
1 2635561
1 4443841
1 2184889
1 5709614
1 154854
1 4981864
1 7978290
1 6682017
1 5288328
1 3646397
1 4074250
1 6603386
1 9425355
1 4929859
1 1605476
1 5227078
1 7220141
1 3623891
1 2906938
1 9313468
1 251858
1 6681337
1 5052338
1 1331933
1 1149848
1 1587717
1 7451498
1 1425121
1 4104324
1 2896913
1 5503597
1 6281355
1 9365233
1 1005144
1 1897067
1 3745344
1 8149760
1 3222658
1 1150055
1 3307688
1 5576321
1 3640548
1 4432880
1 8387133
1 2615042
1 6557260
1 4286588
1 5685694
1 1705097
1 4331311
1 1447409
1 1005366
1 2607690
1 5649440
1 1577597
1 4433987
1 6608399
1 9521504
1 6747345
1 2515997
1 281278
1 3825403
1 2206188
1 3675688
1 7136311
1 3850598
1 8557114
1 880708
1 5983633
1 3292738
1 59310
1 9592293
1 9978980
1 7145112
1 8541361
1 2035314
1 2444012
1 4422952
1 4044580
1 6368236
1 7895930
1 1892845
1 3324929
1 8927056
1 2948767
1 6591388
1 3320274
1 7047833
1 8307778
1 3107546
1 7221704
1 5660828
1 8217746
1 7184899
1 6837502
1 9893148
1 4686385
1 7003649
1 1325525
1 7838960
1 2534285
1 7972420
1 4765797
1 8992602
1 3813554
1 8752960
1 3932671
1 9426195
1 315346
1 1462745
1 6440709
1 1063060
1 4599820
1 3122399
1 4948658
1 579422
1 7478855
1 9073312
1 5653861
1 9163964
1 5622945
1 4293490
1 2415623
1 6400186
1 2405112
1 4813476
1 5442658
1 2597094
1 7736124
1 9333785
1 631393
1 8261488
1 8020366
1 2763788
1 4212922
1 2531047
1 8872003
1 7184108
1 6783994
1 5570198
1 8718215
1 7469358
1 8486679
1 7534201
1 6695596
1 5619910
1 254881
1 3531932
1 5527834
1 6948890
1 1280926
1 1186350
1 2854554
1 7135197
1 7824039
1 3659051
1 238052
1 9614932
1 1184896
1 836710
1 9681871
1 8185191
1 8717330
1 5612413
1 6034138
1 5423999
1 7586682
1 9892709
1 3074176
1 7588655
1 3658156
1 2005240
1 35500
1 6352117
1 9125066
1 1243815
1 1689139
1 4842486
1 3522232
1 5861237
1 7341272
1 8083394
1 2731138
1 1178179
1 8586769
1 4953880
1 2213714
1 8214074
1 2799039
1 5364640
1 153791
1 6215369
1 1143273
1 5017542
1 4808718
1 6450154
1 3952651
1 2923645
1 9126619
1 1743919
1 1677098
1 108795
1 7976695
1 9128669
1 6873111
1 8485128
1 5235359
1 1358948
1 4613698
1 4605665
1 1864057
1 9173941
1 6483659
1 3679825
1 4782772
1 337083
1 6586264
1 4029869
1 3496617
1 4680198
1 9485288
1 3475917
1 1419876
1 2679017
1 5318579
1 588173
1 7831688
1 6006882
1 4631951
1 3003622
1 5089076
1 4224322
1 3823352
1 5444656
1 9921737
1 3877097
1 6507205
1 445414
1 8995104
1 2362048
1 1253086
1 6830738
1 3975559
1 3593732
1 2833191
1 8609736
1 3808772
1 7112438
1 5914626
1 5006113
1 4959063
1 5398254
1 3286557
1 7474898
1 6067023
1 4785924
1 820810
1 9046196
1 4827934
1 4481410
1 2447
1 4257732
1 5596994
1 978303
1 5308910
1 729998
1 1852279
1 3970455
1 3874341
1 7678996
1 4616003
1 5471027
1 5953372
1 1220531
1 3852747
1 8217511
1 2225811
1 9942074
1 1121333
1 9572601
1 8434866
1 2109083
1 1918803
1 9885850
1 6898378
1 4920709
1 360551
1 5920711
1 6401304
1 764231
1 274323
1 4911498
1 4690844
1 827261
1 2350281
1 5517286
1 9794042
1 2813161
1 369982
1 2241660
1 5092884
1 6789747
1 6809049
1 9381951
1 7534203
1 5352643
1 3458697
1 1238827
1 1423152
1 2150218
1 2385559
1 8099262
1 3290407
1 7329281
1 3316235
1 9462097
1 6299113
1 4900949
1 2921278
1 4569271
1 3187317
1 7589077
1 3974027
1 5177114
1 5317738
1 7154193
1 9705250
1 9181003
1 8297390
1 4321881
1 9984129
1 9170239
1 8417753
1 6713400
1 8187200
1 2187419
1 8151780
1 1985110
1 7338427
1 3669827
1 7954074
1 5168857
1 5519780
1 7002385
1 4492309
1 4651208
1 9774849
1 1012667
1 3915130
1 1351935
1 6102186
1 1754565
1 5891890
1 9876681
1 7370079
1 2004710
1 2634855
1 6434033
1 3313331
1 4189601
1 7930470
1 8967305
1 1032599
1 8979712
1 2120646
1 5383591
1 3165097
1 2738305
1 9165333
1 2548504
1 5369941
1 7262121
1 7984527
1 9102663
1 4093166
1 7301959
1 1442803
1 9870974
1 4936811
1 716122
1 2456828
1 4211432
1 3861701
1 3854774
1 197182
1 4206935
1 8216134
1 7472854
1 3394118
1 5561533
1 1605748
1 4084835
1 1862267
1 9813083
1 459777
1 9886676
1 3210068
1 6580551
1 7244640
1 2945488
1 8534500
1 6005147
1 3332674
1 6209521
1 1180323
1 7492706
1 9050401
1 7136448
1 2051795
1 6728074
1 4702025
1 791649
1 1681520
1 2543166
1 4545680
1 9692624
1 9645628
1 3281794
1 7471645
1 3106596
1 3621738
1 5124160
1 7240518
1 2479808
1 3609254
1 5767104
1 6793196
1 734588
1 1270070
1 8697161
1 7846414
1 3759149
1 3692630
1 6412519
1 7320496
1 8500675
1 9131153
1 432634
1 1794114
1 9919752
1 5447297
1 8243420
1 8460057
1 4212250
1 6473806
1 8553480
1 4233063
1 588542
1 6894479
1 6667346
1 3109310
1 9878945
1 1050619
1 9622685
1 9466939
1 6201082
1 4828829
1 5976756
1 3294154
1 276722
1 2822604
1 1021428
1 9577324
1 2413684
1 4750655
1 1996683
1 9280376
1 3628160
1 6862610
1 4713755
1 1504677
1 9273046
1 9994787
1 4521852
1 7540373
1 6710218
1 9352865
1 7908587
1 5143791
1 6472359
1 5826567
1 8466456
1 8282258
1 5552540
1 3472878
1 2563632
1 8600643
1 8163337
1 6126539
1 1808449
1 5757789
1 5774033
1 753100
1 6597512
1 2671331
1 6777105
1 1814195
1 8733254
1 7108120
1 1737263
1 847060
1 5636109
1 6594469
1 6920791
1 5722186
1 8838818
1 3711476
1 3010702
1 3998538
1 5020646
1 4968860
1 391717
1 6061968
1 8046940
1 9162864
1 6028340
1 4617256
1 2756598
1 9500028
1 9527414
1 7193558
1 7133082
1 9629622
1 6913961
1 6673946
1 5694675
1 9355953
1 7536725
1 5136962
1 7154626
1 1939679
1 4639744
1 7522318
1 6688586
1 8997524
1 7692350
1 6644516
1 7655602
1 4621738
1 3092912
1 7614954
1 1253601
1 2878297
1 256859
1 924696
1 3324778
1 6687836
1 1347115
1 2623231
1 5490586
1 3520705
1 8585444
1 7489106
1 2576712
1 2506759
1 6866255
1 3540270
1 4042446
1 2268680
1 9063176
1 20638
1 2450812
1 6583873
1 8460522
1 7870416
1 4036047
1 2764960
1 6678418
1 1326714
1 4336757
1 8523168
1 1384065
1 1111956
1 9220474
1 1633695
1 7870943
1 9683368
1 2730151
1 192792
1 8007857
1 2059933
1 5549784
1 6939667
1 6543616
1 3165508
1 7993422
1 2766025
1 7187658
1 6595060
1 9959250
1 5189288
1 5509712
1 3329846
1 7037126
1 1351264
1 9332391
1 3199891
1 6186377
1 6785310
1 6674514
1 1534884
1 4260660
1 7529673
1 1885318
1 9206346
1 5235476
1 5662056
1 5716185
1 1736952
1 2372065
1 346743
1 2324184
1 7423460
1 6475644
1 4035921
1 5193852
1 3112110
1 8123766
1 9604705
1 4137201
1 7717434
1 6733056
1 646829
1 4156208
1 3578090
1 3427292
1 113922
1 1987644
1 1056366
1 6806424
1 5342192
1 172689
1 3884272
1 274739
1 2157475
1 1508236
1 5542256
1 3957321
1 3546842
1 9231630
1 5878334
1 3233567
1 6662205
1 2671021
1 2709652
1 7894445
1 6705694
1 3753902
1 4225311
1 9620469
1 8646120
1 5849045
1 9909108
1 7138087
1 6770312
1 8523369
1 7409913
1 4214141
1 3010623
1 5054031
1 7901326
1 4072443
1 5825425
1 1663284
1 6597972
1 3933848
1 2919755
1 6443047
1 2315387
1 6844735
1 9104335
1 5318974
1 3981382
1 5566564
1 9204544
1 9179721
1 6141031
1 6387197
1 6332216
1 718508
1 5675925
1 3759194
1 928662
1 8057021
1 7777861
1 1207177
1 4193127
1 5212914
1 7945702
1 3307475
1 6311433
1 3715511
1 6198779
1 813244
1 7900872
1 7425038
1 3396216
1 3312790
1 7239957
1 1675819
1 8982702
1 6709258
1 8660898
1 138324
1 2163218
1 8020596
1 1205142
1 5707650
1 9215499
1 8508172
1 5438553
1 6952965
1 9412169
1 4170179
1 6031749
1 8887118
1 3036625
1 9437330
1 9442661
1 2148645
1 7545060
1 5819053
1 5636592
1 5875104
1 5817138
1 8428570
1 6138735
1 666780
1 8782201
1 3023940
1 7505397
1 7971863
1 7179991
1 9925845
1 2403308
1 5182257
1 7506061
1 5699036
1 4711833
1 7429329
1 2620141
1 8856417
1 6823795
1 3393951
1 2767524
1 2065524
1 2302612
1 745710
1 5266803
1 6239243
1 5585731
1 9745765
1 443463
1 9880401
1 7885177
1 3650581
1 1131815
1 347007
1 2703458
1 1583863
1 6368031
1 4592084
1 2227313
1 3157681
1 4278434
1 8612905
1 9234255
1 4364931
1 1837168
1 9492293
1 9702166
1 3201731
1 9889546
1 2808251
1 9577633
1 8302414
1 5713289
1 7876248
1 3056399
1 8410285
1 1650638
1 9153345
1 9543268
1 1763336
1 1142986
1 2565073
1 2583159
1 4743240
1 4110323
1 3651120
1 37425
1 5004593
1 5425884
1 743341
1 9593817
1 6588672
1 6695227
1 1416397
1 2695693
1 8431417
1 3369640
1 1449240
1 2314818
1 7488804
1 7723107
1 5607551
1 8617567
1 2189225
1 4959318
1 8303336
1 6622439
1 327567
1 5007820
1 8680420
1 4086901
1 5105025
1 4865271
1 1581723
1 3770728
1 4679935
1 1130082
1 7827620
1 8158334
1 3416400
1 6911197
1 8430376
1 7469960
1 8251959
1 5581003
1 7268010
1 249592
1 5412779
1 6954785
1 3142133
1 140652
1 9563351
1 4236301
1 6309868
1 8234820
1 1095005
1 1827663
1 3311247
1 5645969
1 8296351
1 8238811
1 3954955
1 8452407
1 8449715
1 2364281
1 9670556
1 5178378
1 5827994
1 9807789
1 5618035
1 4839310
1 7633443
1 9834470
1 1715342
1 9546916
1 3089489
1 8777842
1 7808672
1 7459486
1 3713282
1 4927232
1 478780
1 6475171
1 9446095
1 9991041
1 6833253
1 2649434
1 7662603
1 7132212
1 6803020
1 1724507
1 9820819
1 6015752
1 494941
1 1997355
1 6555748
1 7841368
1 6270964
1 6907637
1 3018823
1 622217
1 5768312
1 5321597
1 6863517
1 6998485
1 2048908
1 830670
1 2697986
1 9841012
1 2889229
1 3541759
1 4701642
1 2908669
1 9462341
1 5040723
1 8228805
1 7506226
1 5026494
1 3923208
1 9832330
1 9562526
1 3467238
1 8556877
1 8280979
1 9081982
1 7098551
1 9775852
1 7838024
1 3352474
1 5712345
1 645377
1 4310377
1 2591319
1 9789851
1 7294847
1 4519914
1 8740435
1 1565852
1 1149855
1 3626816
1 1115334
1 7193757
1 3074108
1 5600693
1 4457748
1 9241617
1 462889
1 9468944
1 8217328
1 3104812
1 697790
1 7717086
1 9182657
1 3643318
1 7801534
1 7397866
1 7125392
1 8119454
1 3848956
1 781420
1 3029038
1 3388390
1 1363953
1 99932
1 9986983
1 1746748
1 4216335
1 2193711
1 1817183
1 9692135
1 6728437
1 5674656
1 8866520
1 6553925
1 5380746
1 2581656
1 8811335
1 8154039
1 2633714
1 1340760
1 5512415
1 7144809
1 3214322
1 9363310
1 950180
1 7874442
1 4418424
1 5636304
1 9019075
1 5999362
1 855453
1 844460
1 9555548
1 7331669
1 6207218
1 590900
1 414925
1 3334562
1 2779810
1 2600100
1 1671556
1 8294856
1 1765479
1 3351271
1 8253785
1 3271234
1 7791531
1 6274100
1 1685079
1 4042453
1 2774028
1 6352731
1 504234
1 6636567
1 595993
1 6683372
1 8302853
1 594912
1 7148038
1 487702
1 2584468
1 6232019
1 3273012
1 3566893
1 8548130
1 9663993
1 6325951
1 7957377
1 2723540
1 6509555
1 7722368
1 6676665
1 7025260
1 917608
1 6777942
1 35201
1 3304776
1 4901659
1 1588918
1 6873799
1 8767866
1 7104186
1 7572054
1 3139095
1 3577849
1 5115398
1 215772
1 3055907
1 5634463
1 1500240
1 9580820
1 6379501
1 4245957
1 13324
1 9235424
1 9432080
1 2985569
1 954313
1 2127924
1 958440
1 2016632
1 2098765
1 3143646
1 893478
1 6217
1 4642527
1 4327496
1 6665538
1 1100609
1 1716400
1 951606
1 4483538
1 2232570
1 3381098
1 5100978
1 5772131
1 4373501
1 1421133
1 3296495
1 2207453
1 8219417
1 2518202
1 4349344
1 7987819
1 2980176
1 1075365
1 3508133
1 6105130
1 7309858
1 582351
1 4955712
1 3760953
1 7705301
1 1011684
1 756997
1 8644770
1 9980107
1 6465153
1 5342195
1 562390
1 9222520
1 4106594
1 3118384
1 156813
1 9175480
1 7526851
1 9808067
1 802684
1 4630048
1 4474579
1 1363301
1 4531306
1 8276153
1 6392520
1 5826737
1 7106754
1 7239826
1 7254260
1 3553060
1 9226068
1 2360624
1 3643340
1 2552583
1 134282
1 6202214
1 86725
1 9330164
1 7797264
1 3923226
1 6889927
1 1108672
1 4487119
1 6440794
1 5374210
1 5403365
1 2682665
1 9605597
1 4613394
1 9982099
1 7939145
1 4497717
1 1762504
1 5109196
1 8283360
1 7813329
1 8355240
1 7878661
1 8942576
1 7286066
1 7866208
1 8131436
1 9284556
1 7972454
1 1809175
1 5151407
1 2676954
1 4077238
1 6607697
1 8889372
1 3462883
1 987849
1 813667
1 4621891
1 796258
1 6840611
1 6781117
1 85840
1 2300955
1 8744974
1 1481760
1 5857760
1 9724266
1 8986046
1 7443762
1 4759127
1 7360218
1 95300
1 680523
1 1179200
1 416156
1 6769991
1 3155949
1 6544408
1 6469729
1 2182381
1 3822699
1 2660408
1 391097
1 5909001
1 307594
1 5014632
1 4823364
1 3031136
1 9954377
1 3535665
1 8125955
1 5102299
1 4295576
1 7963851
1 9563275
1 5964621
1 7007780
1 5763432
1 1342595
1 1576441
1 8357303
1 5640415
1 3743990
1 619619
1 483738
1 5217901
1 118494
1 8712918
1 1640858
1 6342639
1 742974
1 5667312
1 1959258
1 4227442
1 262383
1 3400278
1 9346424
1 762654
1 2335225
1 7581909
1 6136691
1 356025
1 3468913
1 9289097
1 4778698
1 7169737
1 3092641
1 9705535
1 7801328
1 6048011
1 5093298
1 4334100
1 4129700
1 3088143
1 5153218
1 5891350
1 9097270
1 7127022
1 869637
1 2532804
1 8928408
1 1885539
1 6380229
1 4910951
1 8699394
1 9236521
1 5743836
1 3036783
1 9985289
1 5557357
1 8140822
1 2244177
1 8070978
1 1539207
1 5002435
1 8789994
1 2651372
1 5838413
1 6450231
1 6799638
1 5983394
1 3896960
1 3651503
1 8207254
1 6107839
1 1890063
1 1811860
1 5354043
1 4682513
1 4262702
1 1658245
1 155024
1 9804407
1 2481040
1 6879522
1 15341
1 3527956
1 5880945
1 4583491
1 1184147
1 6232356
1 2507954
1 8086097
1 109172
1 170229
1 2955905
1 7664845
1 952433
1 3127429
1 1457229
1 4717835
1 5321402
1 9701844
1 5481830
1 3426491
1 8491018
1 2697167
1 3058092
1 8863707
1 8017010
1 9654117
1 777198
1 8802452
1 7920203
1 6421925
1 3644983
1 2815465
1 5587393
1 1615959
1 3584642
1 9874803
1 4989354
1 489911
1 195149
1 8460029
1 9206063
1 7268257
1 4345115
1 1495517
1 2846773
1 2556666
1 691561
1 675230
1 6204470
1 4580424
1 6894238
1 4208526
1 6492008
1 590261
1 6762034
1 5189875
1 76251
1 2406535
1 4353057
1 5958323
1 6073768
1 7462217
1 9071141
1 1617052
1 3112574
1 7773027
1 7717384
1 6913345
1 6789506
1 9643055
1 3992052
1 1673487
1 7428167
1 1651848
1 1617231
1 8956928
1 8820061
1 8102012
1 3271723
1 9056858
1 251789
1 1153038
1 2519554
1 8609188
1 216826
1 6806642
1 9344345
1 1429837
1 2707363
1 4737891
1 5585715
1 5553832
1 6571529
1 8736499
1 4107733
1 7204815
1 7360648
1 9360316
1 9309191
1 5246257
1 4223908
1 2723766
1 6732755
1 3604224
1 7533449
1 425804
1 2696610
1 8388898
1 1730257
1 8193982
1 6361231
1 2665347
1 5571694
1 1123307
1 9839645
1 7182848
1 4984081
1 8211524
1 6016087
1 2962040
1 1759371
1 5135641
1 2332911
1 5201419
1 5533489
1 8530923
1 231511
1 6451234
1 9118676
1 8349436
1 4754543
1 7642934
1 8326154
1 9267793
1 2638803
1 1833387
1 2972479
1 9743042
1 3390146
1 4281886
1 9212010
1 1509179
1 1635257
1 9002246
1 8295236
1 2749141
1 7315525
1 9076456
1 276261
1 150677
1 9235874
1 8889237
1 7412706
1 4214433
1 1786119
1 2234009
1 2893708
1 7537554
1 3350070
1 1740237
1 8773386
1 7977816
1 9123515
1 877772
1 4642628
1 8460706
1 3307362
1 2608425
1 4192536
1 6531796
1 7929657
1 5884344
1 2968620
1 7214115
1 2768510
1 1598768
1 3395609
1 6456424
1 7036707
1 2071826
1 4223430
1 4419047
1 9857625
1 4326159
1 8982381
1 9340234
1 8819653
1 1801399
1 4953293
1 9643445
1 5751817
1 619469
1 268589
1 4896490
1 6805941
1 1102332
1 8925723
1 6891004
1 3355739
1 5015169
1 2401363
1 7241318
1 7454519
1 334516
1 8797788
1 6308313
1 9027468
1 6126485
1 3286870
1 5954907
1 9551918
1 9341066
1 2875576
1 5096741
1 8868878
1 6683365
1 5393455
1 1841639
1 2895231
1 1484246
1 5608719
1 8089064
1 6098468
1 3371083
1 9272582
1 1758859
1 6370205
1 7085934
1 6009865
1 9445982
1 1212540
1 1667928
1 7104044
1 9654252
1 333310
1 2803158
1 1295768
1 2380498
1 4996144
1 1482390
1 4416213
1 6333438
1 8102618
1 1305090
1 5843201
1 5921369
1 9402402
1 5372309
1 1391356
1 1833628
1 3550865
1 8604492
1 8645812
1 6452860
1 6660703
1 7237381
1 9326946
1 8613495
1 2165923
1 3453110
1 9315721
1 1976812
1 8804777
1 8522661
1 5467104
1 1959527
1 9121599
1 3457359
1 7902003
1 4472223
1 5106338
1 8339901
1 4427896
1 9847907
1 2099847
1 5421922
1 7660638
1 2802069
1 4702171
1 4475013
1 1547316
1 5205706
1 880987
1 1583757
1 9250763
1 6722393
1 5173526
1 1633982
1 8570516
1 1953504
1 8585611
1 1409111
1 7223244
1 3499948
1 8892464
1 8662208
1 4855034
1 5334810
1 6610757
1 4298389
1 9922630
1 3332994
1 2759425
1 2998703
1 9552515
1 146446
1 2479814
1 8029897
1 1870065
1 3578483
1 7393012
1 2560310
1 8682349
1 3788767
1 2774330
1 346764
1 3317548
1 1257292
1 3511135
1 9928848
1 655220
1 7571680
1 2618943
1 3184366
1 4742560
1 8997965
1 9536370
1 248476
1 415842
1 8549355
1 4373962
1 6815938
1 6492985
1 6022805
1 2733561
1 6315126
1 9415708
1 1175965
1 7417697
1 4998724
1 8489790
1 692377
1 2717021
1 9300517
1 5809079
1 3943755
1 8170406
1 284098
1 2198096
1 3169249
1 5536833
1 2191594
1 7123191
1 1320698
1 1734327
1 4759712
1 9468020
1 8636088
1 4491502
1 7198311
1 2085704
1 6175173
1 3576879
1 4844630
1 2112011
1 2009332
1 5096730
1 3640226
1 6185737
1 2113592
1 6690018
1 3582566
1 9059787
1 2791580
1 6761980
1 3454438
1 1842641
1 9437313
1 9554082
1 9229538
1 3015138
1 8551173
1 5044233
1 824455
1 8814994
1 8969808
1 8065387
1 2934416
1 2083485
1 1424647
1 7522586
1 547449
1 4017178
1 1443700
1 5700889
1 572931
1 9499906
1 1770833
1 6358564
1 3604482
1 4669634
1 6744231
1 7640277
1 5894691
1 9871482
1 1787128
1 6193236
1 8312449
1 6772808
1 5469616
1 8597165
1 1280244
1 8768360
1 1253368
1 2797603
1 246718
1 9910541
1 122883
1 8236924
1 5301539
1 95457
1 9308082
1 2321976
1 37361
1 1322092
1 3032750
1 6635253
1 839562
1 7026634
1 1093814
1 6453183
1 7883857
1 8742058
1 3342599
1 5220883
1 2301937
1 2351380
1 5187965
1 5962422
1 8974358
1 249049
1 5698925
1 7381155
1 4418745
1 82662
1 7650752
1 1618080
1 9104625
1 5449540
1 8105432
1 626117
1 1873872
1 6580718
1 7105612
1 3819094
1 4865852
1 6742777
1 3537619
1 2874037
1 5001480
1 2799700
1 271900
1 964976
1 6586442
1 68974
1 3975580
1 2662973
1 4906753
1 5326999
1 1292855
1 6437215
1 8711014
1 8582840
1 2882090
1 9504214
1 5751677
1 6976383
1 2521032
1 5899015
1 1160194
1 6483662
1 2434560
1 6951118
1 2175704
1 9630339
1 9224741
1 2309456
1 8048380
1 5770366
1 4517565
1 9667507
1 6170612
1 7718157
1 5262959
1 5067849
1 1325114
1 9915497
1 6574490
1 6576091
1 9480227
1 5495190
1 3610999
1 9662972
1 6695452
1 9241302
1 2221870
1 6889962
1 8314600
1 5739598
1 9950352
1 5330167
1 6664428
1 2289288
1 8412018
1 3813749
1 8478508
1 3414650
1 3879197
1 1811703
1 2534920
1 2862517
1 473266
1 7849139
1 3905558
1 947130
1 2097830
1 8186704
1 1438896
1 1478391
1 7802876
1 5884005
1 9092608
1 9244758
1 4689446
1 7964694
1 9607618
1 246961
1 725840
1 4139691
1 588464
1 1455099
1 8316248
1 8752613
1 3724208
1 5216678
1 1483360
1 4407589
1 5935716
1 548410
1 7875997
1 6630458
1 3390510
1 1762769
1 677061
1 6019496
1 6198902
1 1318190
1 5373236
1 4875591
1 1641908
1 7755585
1 1002063
1 2289834
1 8607613
1 2411194
1 7307776
1 1463579
1 449837
1 7787159
1 3036069
1 9359207
1 4498872
1 4856779
1 4938838
1 3817931
1 4388729
1 8827637
1 5625078
1 4752870
1 818704
1 3963865
1 6468238
1 3322132
1 7014803
1 1682491
1 1550565
1 2881239
1 4133471
1 6248731
1 3443377
1 9763534
1 522033
1 3650136
1 362237
1 999636
1 6752435
1 6003882
1 2272676
1 3506918
1 3677809
1 6017866
1 9846416
1 4337592
1 3340195
1 6938844
1 4109279
1 6719999
1 7624794
1 1039921
1 3368818
1 3995993
1 4818448
1 2999719
1 2249044
1 4404803
1 6419408
1 1851531
1 9295625
1 756645
1 218128
1 3112521
1 4020929
1 3564779
1 466099
1 8498372
1 4710141
1 4305173
1 4023224
1 8318491
1 5766331
1 8459864
1 6366613
1 330420
1 8210812
1 4948094
1 3434869
1 3698008
1 3350124
1 8054828
1 3438902
1 1956269
1 6157489
1 6333883
1 4798275
1 8210989
1 6735144
1 6674133
1 7613400
1 8837252
1 324754
1 1743733
1 1430692
1 8938460
1 5741733
1 8439215
1 7708502
1 5157554
1 5799901
1 4840558
1 5417327
1 6411752
1 3830965
1 1960822
1 7038705
1 2493034
1 5532920
1 9991874
1 5541966
1 8461684
1 8896883
1 5984034
1 6053980
1 293985
1 9509568
1 1577268
1 7175713
1 2071291
1 1109299
1 5359707
1 9297604
1 6327393
1 194494
1 1880694
1 1808986
1 9578868
1 6268726
1 1471748
1 6459115
1 512495
1 1013564
1 6896025
1 9786074
1 1217982
1 7845308
1 442613
1 4188019
1 5845180
1 9504376
1 1504804
1 668378
1 9081628
1 6126588
1 7305577
1 3526659
1 851566
1 3573013
1 4917268
1 346578
1 8531902
1 4488764
1 6359439
1 7345302
1 860450
1 8098255
1 4768518
1 5518727
1 9282817
1 3209266
1 1138667
1 4423421
1 2850140
1 230098
1 8736419
1 6572074
1 5815934
1 2681030
1 8089116
1 9629826
1 3749011
1 563471
1 9936126
1 9631644
1 8383385
1 9562988
1 3299461
1 5559729
1 9995348
1 1095144
1 6373979
1 2143000
1 3416486
1 4125730
1 1560000
1 9247779
1 2082791
1 5848903
1 6993069
1 9377737
1 723186
1 254409
1 6293102
1 7002890
1 6097879
1 6615724
1 6461148
1 2716195
1 5801682
1 9825698
1 9856283
1 7662329
1 4962154
1 2474464
1 6503075
1 3586258
1 8735448
1 6248432
1 6038916
1 6445021
1 8930540
1 3944388
1 1921611
1 9642931
1 8925579
1 4049598
1 3555116
1 9532723
1 2044130
1 9507999
1 5603889
1 9657120
1 1337126
1 2470099
1 8494568
1 5223639
1 7217786
1 5582993
1 8405744
1 8399808
1 8689
1 6874739
1 1276300
1 3683827
1 9652917
1 338306
1 3663473
1 6206222
1 5064291
1 9882058
1 9513301
1 6555777
1 4637705
1 867006
1 1366080
1 4520876
1 4569214
1 9611069
1 816796
1 4419129
1 3021434
1 2626657
1 4694945
1 8307604
1 8507265
1 7601764
1 6731563
1 6770622
1 519975
1 6226121
1 1923854
1 3672038
1 7211108
1 7981106
1 7370993
1 3151123
1 3581533
1 4389348
1 386574
1 5972787
1 5668856
1 9767151
1 608152
1 3780959
1 8215011
1 172679
1 2854202
1 8597536
1 6489408
1 2069209
1 1268211
1 2594809
1 8026824
1 3266454
1 2380664
1 4046296
1 4612776
1 8635777
1 1169259
1 2802381
1 2676526
1 2119230
1 5404021
1 1767841
1 5542502
1 4312504
1 2995659
1 7713323
1 6438902
1 4379397
1 2038782
1 2658588
1 9403075
1 2717350
1 5847644
1 8495923
1 8417073
1 8551283
1 3736405
1 2451566
1 6769716
1 9792622
1 5468016
1 9808180
1 8475264
1 1348333
1 3475756
1 8837566
1 2884405
1 2032938
1 3888501
1 9118336
1 1756499
1 4276502
1 2992303
1 605912
1 8990324
1 4097662
1 4141144
1 114397
1 1285062
1 7256857
1 3181444
1 1363770
1 8275334
1 9350623
1 2473926
1 6639337
1 4238657
1 9346074
1 1064662
1 6172992
1 9578786
1 3698753
1 6841629
1 2286653
1 436359
1 4429121
1 9880379
1 9006229
1 3599762
1 6983190
1 2053036
1 7256294
1 794107
1 2239910
1 7353878
1 2470356
1 4174095
1 322845
1 9373096
1 7706399
1 6711166
1 7451482
1 7456418
1 7626292
1 2740953
1 5828358
1 7095774
1 3524913
1 2650415
1 4467575
1 4336670
1 9725279
1 7048618
1 6730236
1 7836445
1 3888587
1 6482571
1 8283936
1 6160698
1 5763873
1 9182979
1 2975967
1 3176000
1 6861447
1 2213610
1 4246807
1 4540538
1 3325143
1 249734
1 6455710
1 115379
1 9079127
1 6872498
1 5631664
1 6607876
1 7215616
1 5241156
1 8010774
1 1965166
1 4385599
1 1955338
1 5495053
1 1526932
1 9638458
1 5014452
1 6258697
1 5096209
1 36525
1 1862707
1 6424827
1 2481777
1 4226783
1 3968632
1 4937293
1 3164145
1 7926954
1 9425013
1 2966265
1 1936582
1 2188394
1 3027056
1 7585758
1 7769956
1 9231841
1 825553
1 6908615
1 6440951
1 2302174
1 6595581
1 9062943
1 7456181
1 1177916
1 3663758
1 9165715
1 7876079
1 467386
1 4341128
1 6651928
1 6779536
1 8786786
1 8327615
1 7584994
1 7278834
1 3029064
1 3222747
1 6340990
1 2258816
1 1049642
1 7447112
1 197795
1 6923277
1 416963
1 7157379
1 7190996
1 4227056
1 2377604
1 2340436
1 5463324
1 1458813
1 2782505
1 5533244
1 6906120
1 3461015
1 2631538
1 7901609
1 5002219
1 1389591
1 1602768
1 997929
1 8927020
1 6553422
1 1299335
1 1807159
1 7559509
1 9432218
1 5816623
1 6034808
1 4634351
1 4496754
1 5973115
1 3732183
1 4075676
1 7056190
1 8031812
1 6388830
1 4236948
1 5351350
1 4543698
1 4949617
1 3902999
1 5217367
1 4673836
1 8776524
1 7544928
1 3590553
1 2961668
1 8782912
1 9132934
1 6955991
1 380901
1 8441173
1 3909147
1 2561431
1 9677199
1 3707524
1 4388120
1 9358140
1 5093149
1 1987153
1 7724245
1 3420197
1 7248788
1 3497734
1 784696
1 976405
1 6175724
1 6213131
1 9900658
1 8518851
1 2828843
1 5322523
1 6277621
1 7959863
1 4572876
1 8376421
1 2782163
1 9417538
1 3376904
1 2597321
1 8686739
1 6388312
1 98127
1 2203087
1 4046769
1 9705529
1 5031633
1 9464010
1 1504123
1 1056548
1 8099435
1 878523
1 1627729
1 9211833
1 3200005
1 4282755
1 1764302
1 6402629
1 937422
1 7715878
1 1031702
1 2062267
1 2850857
1 4995515
1 7146288
1 9857235
1 9585421
1 2319071
1 3581067
1 762486
1 4106293
1 2934075
1 83508
1 9694646
1 2905983
1 2753649
1 3642427
1 5936615
1 1441448
1 5847196
1 2719447
1 9723447
1 4596344
1 7404265
1 7169495
1 4875516
1 4190830
1 1937039
1 313088
1 9501509
1 6588185
1 2753203
1 4456515
1 5762288
1 2586394
1 9737779
1 719288
1 3074655
1 5042921
1 5671825
1 8703751
1 9900384
1 5993742
1 3021139
1 8948613
1 7304901
1 6281990
1 6518951
1 9100808
1 3361845
1 5096210
1 9197991
1 9066668
1 5806378
1 3834745
1 7707356
1 956193
1 2956332
1 8721030
1 9080651
1 5070436
1 8596543
1 7468503
1 9017556
1 5397845
1 255249
1 1938698
1 4990770
1 1900183
1 7030220
1 757640
1 2053782
1 21514
1 8048097
1 2377088
1 3060862
1 5307784
1 1202497
1 2102348
1 5393488
1 3188010
1 1381181
1 8507925
1 3291692
1 9227438
1 8319901
1 6736733
1 305260
1 4313038
1 4852114
1 6485433
1 6614852
1 2867687
1 3997048
1 2631202
1 1183527
1 6728801
1 8158790
1 1971349
1 8798455
1 8344976
1 6953740
1 1005429
1 2161668
1 9259424
1 3919954
1 7778513
1 4792284
1 9007142
1 177709
1 8111227
1 3316558
1 3119369
1 1327319
1 4173142
1 9973398
1 5443207
1 6294497
1 3633456
1 2144145
1 4402858
1 5489556
1 1076424
1 8618538
1 7656955
1 58972
1 3196932
1 3099342
1 2133361
1 4376056
1 7756082
1 6131640
1 2071795
1 8083844
1 6457110
1 5838231
1 6562546
1 7730802
1 352829
1 9834404
1 8398919
1 7853823
1 5827521
1 9642696
1 1726072
1 8412648
1 1469089
1 5737971
1 6679280
1 1029405
1 5224234
1 3337636
1 3207278
1 6902160
1 7814138
1 5261829
1 5763854
1 6760203
1 3405544
1 8082623
1 6269540
1 9805362
1 4015642
1 5117003
1 2787268
1 1750091
1 2916042
1 2613142
1 6043181
1 211058
1 4093435
1 6926237
1 6616707
1 4450215
1 4260678
1 7897256
1 2781846
1 9161541
1 3200174
1 1945543
1 5486017
1 2764741
1 3179289
1 4162906
1 212099
1 236157
1 1162807
1 9923618
1 6809178
1 5454450
1 4284948
1 9433728
1 8988623
1 6759414
1 5974097
1 4163096
1 3995274
1 2809029
1 9307401
1 7105563
1 9411747
1 8319877
1 3305652
1 1193
1 3353035
1 4085200
1 2557789
1 2611248
1 9579610
1 6732316
1 7075810
1 271424
1 3249419
1 3988361
1 310193
1 3556894
1 5617082
1 2418625
1 1266600
1 2800814
1 1905194
1 8617279
1 1078668
1 1625868
1 8583957
1 9167765
1 2594831
1 3824703
1 5119141
1 2442477
1 5955908
1 625086
1 2267992
1 4149859
1 1078372
1 5009794
1 9355738
1 5585430
1 8982014
1 4764825
1 7884318
1 7021418
1 9817914
1 6016353
1 4847020
1 7234231
1 9483654
1 6103053
1 1361290
1 1564494
1 9640982
1 2208264
1 3928530
1 2785108
1 9871469
1 2464293
1 3637065
1 8901302
1 4062771
1 2729874
1 9285222
1 4742672
1 3868289
1 5816249
1 6792333
1 984955
1 4407953
1 1578748
1 1430820
1 1822496
1 3019503
1 2875234
1 302979
1 9052881
1 9013968
1 7773345
1 8429300
1 1890181
1 2268802
1 7185634
1 1404898
1 5808430
1 1541962
1 3948501
1 307316
1 4924269
1 794726
1 4043504
1 2598851
1 6340152
1 3957930
1 7518057
1 727144
1 9541405
1 3610974
1 3592576
1 8521797
1 94872
1 2744630
1 6830532
1 3817738
1 7247412
1 8834302
1 380323
1 4677946
1 3761861
1 6836712
1 7795793
1 3938884
1 6284106
1 34853
1 5904050
1 626771
1 2538786
1 7283493
1 6096031
1 5077397
1 6464336
1 402645
1 6187482
1 5289419
1 8336561
1 5612311
1 620848
1 6387844
1 6879825
1 7866788
1 5452873
1 3159168
1 8079591
1 4729393
1 5145987
1 5722635
1 7122631
1 4082407
1 4450495
1 521035
1 6960494
1 2185062
1 8777720
1 4199781
1 8924506
1 6782741
1 3239414
1 8162328
1 1234689
1 6312701
1 4179793
1 6247620
1 9216329
1 7408345
1 4726854
1 7493077
1 2366062
1 7614768
1 6436669
1 3197942
1 6287684
1 2289805
1 273860
1 7203052
1 9775607
1 545926
1 3629153
1 2259729
1 9365018
1 3789551
1 4587003
1 1872973
1 7849822
1 7784724
1 6940395
1 899019
1 7168575
1 5509750
1 4166318
1 3730574
1 4250368
1 2812419
1 8673289
1 8142942
1 8535951
1 3538761
1 6361956
1 4916012
1 3304015
1 1413409
1 4193128
1 2060819
1 6403455
1 6167854
1 4509275
1 44311
1 8032245
1 3815797
1 7081757
1 2334029
1 1714242
1 2573113
1 6630917
1 2607344
1 3897646
1 973687
1 295967
1 7429664
1 9480527
1 6110763
1 3753771
1 8481232
1 890607
1 6394516
1 2290364
1 1625058
1 9532180
1 3052461
1 4459404
1 8481020
1 1740570
1 8941507
1 6474491
1 8306062
1 2543726
1 7585626
1 2390016
1 5671752
1 8407207
1 6820638
1 8065765
1 7010848
1 8496409
1 485373
1 68052
1 1931920
1 339791
1 6239127
1 9998137
1 8764246
1 9030957
1 2269174
1 2061625
1 5193801
1 3128793
1 960182
1 8514960
1 9717380
1 1972880
1 6907849
1 1665941
1 1358604
1 4947765
1 9327601
1 8064109
1 767155
1 686344
1 6407799
1 6690640
1 2596627
1 8962356
1 8133249
1 4712982
1 1488974
1 7798366
1 8648196
1 441184
1 8084691
1 4650979
1 9439072
1 532911
1 5277083
1 4805237
1 3460621
1 6611913
1 3155617
1 5322430
1 5118090
1 981178
1 277661
1 767560
1 3452703
1 1628283
1 3155529
1 7431401
1 5104402
1 9489420
1 8832214
1 6347928
1 7504791
1 9356742
1 1739145
1 9304782
1 4573655
1 8949956
1 1844391
1 7340012
1 7586724
1 3549663
1 5826632
1 1662789
1 4553908
1 4561765
1 502379
1 5847573
1 3621981
1 6123753
1 814978
1 3193591
1 7825790
1 1125506
1 8251726
1 7985727
1 6363164
1 1794483
1 2188987
1 3302638
1 4522664
1 4746212
1 4485446
1 7546687
1 3738211
1 9618410
1 4466176
1 9507858
1 2458641
1 3390140
1 2550202
1 1255778
1 8329417
1 2307611
1 8427803
1 3761180
1 3954131
1 250367
1 1121305
1 6173432
1 9794859
1 3971511
1 5990095
1 6238659
1 7335085
1 125666
1 1490990
1 2385640
1 4239010
1 9884440
1 9095050
1 672260
1 9898063
1 3241614
1 4097798
1 6519252
1 5468713
1 2029138
1 2651834
1 7436051
1 6979749
1 5703558
1 1201598
1 9611729
1 8795586
1 2535314
1 5786264
1 1948926
1 9947898
1 8977490
1 6479153
1 3049223
1 3992516
1 3759210
1 5879671
1 5685066
1 5300704
1 9693522
1 4901326
1 1536750
1 3458819
1 5768604
1 7392021
1 2746886
1 2317927
1 1111050
1 2935755
1 3985561
1 857078
1 5849112
1 9499197
1 6425853
1 9047412
1 5750876
1 2299338
1 3893616
1 2500280
1 3881482
1 9455157
1 5204731
1 304389
1 3161470
1 6741234
1 4584751
1 4925246
1 5543667
1 3392623
1 4842234
1 8219675
1 2118843
1 5346004
1 8229019
1 7907434
1 9799697
1 3763779
1 9112780
1 6953786
1 2904547
1 3309368
1 8800442
1 5097101
1 8408425
1 6929504
1 1973271
1 5822059
1 9138571
1 4869467
1 8639290
1 2306497
1 3535358
1 6788814
1 1828350
1 6170794
1 6931924
1 2547430
1 1065216
1 2772656
1 9066551
1 6704479
1 4447027
1 8502762
1 2144463
1 4420012
1 4318204
1 4564213
1 2939736
1 6996722
1 1721161
1 9773043
1 1472696
1 4305419
1 8405528
1 6603974
1 8582351
1 6469964
1 1967244
1 3228520
1 1752453
1 2523697
1 6424707
1 8511550
1 2415794
1 2999192
1 8461782
1 2373480
1 3527613
1 3520319
1 3976284
1 4614310
1 1874330
1 3376805
1 1005752
1 5519081
1 915188
1 5408905
1 5290056
1 7619350
1 4727931
1 8683341
1 3294069
1 6237020
1 4852062
1 7960549
1 650070
1 6003094
1 8503707
1 5458385
1 5510566
1 2356796
1 3159777
1 3126828
1 3648372
1 4353151
1 1936170
1 1943448
1 4632394
1 8335625
1 6231887
1 9709278
1 5527991
1 6058215
1 9491512
1 792748
1 3644866
1 5824179
1 9226835
1 315484
1 3313405
1 9866028
1 6654578
1 3365267
1 4834136
1 5680713
1 1765258
1 325146
1 4660124
1 1632214
1 1591468
1 1135015
1 4265398
1 9364908
1 6390951
1 5163338
1 8212372
1 4343931
1 4145181
1 800533
1 6341194
1 5689526
1 532264
1 6838391
1 2820967
1 3533096
1 2120135
1 115791
1 369816
1 9061664
1 4128057
1 3864367
1 230378
1 8155615
1 3610465
1 8769811
1 6673613
1 5571517
1 4477972
1 3538996
1 4444514
1 3291831
1 7634407
1 6800431
1 1829626
1 799988
1 6855597
1 716113
1 7770439
1 9272126
1 8015908
1 5888781
1 9047362
1 6480597
1 3064392
1 7440618
1 7019229
1 1676596
1 7881815
1 1228491
1 6332102
1 431372
1 3193613
1 6244632
1 437271
1 1237984
1 2103857
1 4235606
1 221096
1 5921436
1 2087752
1 9835891
1 9506712
1 7468138
1 4832356
1 5588023
1 3114767
1 1261849
1 2003171
1 2207139
1 5196757
1 1033121
1 4508048
1 6764694
1 8200498
1 9580540
1 1067044
1 1834559
1 3339385
1 9347267
1 4666765
1 834685
1 4682463
1 365537
1 6166081
1 8956436
1 9657644
1 8552689
1 5755322
1 4812602
1 2783430
1 9801776
1 9018426
1 3323985
1 4158008
1 2370305
1 2759450
1 7773481
1 4978121
1 766482
1 3119643
1 6846184
1 8224886
1 732757
1 9663151
1 3120016
1 5946482
1 8046598
1 5192914
1 7259322
1 5208652
1 9981016
1 3725673
1 4835043
1 153061
1 3578842
1 4160587
1 997349
1 5520605
1 2251505
1 5298431
1 8245050
1 1738675
1 3603068
1 7179648
1 6805313
1 4843988
1 6282344
1 2982185
1 2193709
1 7940059
1 7412982
1 1996162
1 5624759
1 23836
1 7499133
1 7914981
1 1164559
1 8720144
1 1168276
1 2538468
1 9076842
1 6132912
1 9545930
1 7156701
1 1887619
1 3234655
1 7420477
1 1723698
1 9574906
1 9518581
1 4193539
1 5577408
1 6058661
1 9472030
1 4655177
1 3571930
1 5059411
1 7723261
1 4061308
1 8347793
1 6306694
1 6014904
1 5008217
1 1685052
1 438358
1 6184013
1 1620409
1 9648117
1 2525136
1 5982517
1 8493490
1 5483032
1 4964015
1 1360396
1 1528603
1 8095186
1 4936690
1 2363823
1 2035679
1 1417169
1 1677158
1 864627
1 3720429
1 5867044
1 8654087
1 400398
1 4631343
1 6459124
1 5449954
1 5597408
1 3555067
1 2971226
1 9725241
1 8093169
1 9667392
1 3482405
1 4449766
1 6159031
1 5930900
1 6588524
1 2242010
1 5090989
1 2308021
1 2849539
1 7543181
1 9083496
1 7815986
1 7577766
1 3518844
1 8864309
1 1982830
1 852956
1 2651819
1 9355616
1 3742814
1 7812802
1 9404371
1 3721795
1 7653016
1 8476088
1 8884085
1 9192623
1 1705396
1 2841698
1 7365861
1 2925690
1 2391108
1 4922981
1 2129182
1 8760106
1 2613603
1 5101815
1 3050673
1 6200298
1 6920159
1 3445697
1 5098403
1 3496334
1 1031945
1 7434870
1 4576343
1 318147
1 8620908
1 6760003
1 2005527
1 3935496
1 1550124
1 4211138
1 6724665
1 264312
1 7734579
1 862268
1 2965780
1 3719679
1 8496852
1 3057869
1 8143381
1 5484875
1 3249205
1 4173529
1 8545762
1 225367
1 6556378
1 5411659
1 8084090
1 8049332
1 6224168
1 9778753
1 950006
1 5170532
1 5099959
1 5099171
1 3220654
1 6559176
1 5656418
1 9064219
1 4714413
1 2522327
1 4855074
1 140571
1 5594399
1 3677250
1 5437504
1 6195511
1 2377016
1 310085
1 4816991
1 9462720
1 4146227
1 6838353
1 8524451
1 5211505
1 2818098
1 4042227
1 4732581
1 2305518
1 7658830
1 1327444
1 9730885
1 9940092
1 6625873
1 2204414
1 5147618
1 6348205
1 7899064
1 1671242
1 9123627
1 8508072
1 9436513
1 8401129
1 402471
1 7026659
1 6239777
1 1439673
1 9434676
1 4192320
1 8136685
1 7122979
1 4059075
1 8983096
1 2690923
1 7383102
1 4384853
1 5695016
1 4852605
1 8769029
1 9415621
1 1518453
1 7290600
1 7172292
1 8306239
1 2843472
1 652286
1 7712345
1 3636063
1 8467774
1 7592508
1 6333397
1 840960
1 9754259
1 5928329
1 1627037
1 5019099
1 8609469
1 7268692
1 8063070
1 142257
1 2029525
1 3860646
1 269103
1 4023265
1 6923635
1 484238
1 3345141
1 4387584
1 9104412
1 6711340
1 5049139
1 6404743
1 453060
1 716666
1 8956698
1 9993094
1 5131117
1 5832625
1 179173
1 2448000
1 1142213
1 3224113
1 3271722
1 4507450
1 7803428
1 9691666
1 2467210
1 3673472
1 1525128
1 1497303
1 1542488
1 2847165
1 645780
1 6302940
1 2629519
1 8590354
1 9776196
1 8471378
1 2206375
1 5578872
1 6523221
1 1393337
1 2353330
1 4766170
1 1856042
1 1615789
1 4452447
1 1377859
1 5899073
1 693596
1 496016
1 2753322
1 2388922
1 3920712
1 9200187
1 1423701
1 9099471
1 3467257
1 6065535
1 6909706
1 2235091
1 7601013
1 2202111
1 9476930
1 9529795
1 4420
1 9686113
1 3719901
1 7291580
1 1735999
1 2229195
1 9485437
1 443666
1 3559891
1 2770673
1 6339963
1 8736649
1 3946149
1 9513293
1 7922189
1 2052209
1 7987025
1 306966
1 6638984
1 6271759
1 8724452
1 9406501
1 9657697
1 126030
1 2883155
1 4283841
1 1550538
1 892815
1 9007824
1 1308103
1 9972309
1 2121726
1 774590
1 514205
1 1558971
1 6431660
1 6739468
1 7559551
1 7051919
1 6802026
1 8851171
1 7054897
1 9322544
1 6464244
1 5750917
1 6937187
1 5153553
1 5979815
1 8035135
1 8216771
1 9723847
1 2279925
1 2480182
1 5817336
1 2761808
1 521828
1 2333923
1 6034594
1 587036
1 3668269
1 3881996
1 7804574
1 4163107
1 2236820
1 3042230
1 7795215
1 1434430
1 5871518
1 2046739
1 6839065
1 230005
1 7725346
1 127349
1 2921581
1 9957276
1 937862
1 4167620
1 9423325
1 3700854
1 3985168
1 1476833
1 7665370
1 2603287
1 4962065
1 9173587
1 2553921
1 526210
1 6487659
1 2605682
1 687670
1 9787544
1 6260468
1 5400931
1 4984948
1 5184379
1 3578539
1 4058271
1 4840533
1 7141687
1 2804320
1 249044
1 7974837
1 5077730
1 208203
1 2013195
1 6124671
1 1908986
1 3522611
1 66169
1 9521266
1 8478575
1 1689930
1 8206475
1 1548772
1 6781300
1 5828197
1 4975539
1 2797485
1 3648727
1 1991636
1 6851554
1 71012
1 348119
1 7667461
1 5010938
1 2394653
1 8997244
1 720246
1 1559678
1 3673505
1 3068532
1 1584617
1 3438686
1 1437631
1 8308783
1 6795986
1 1757814
1 9677445
1 9645881
1 3672368
1 2508982
1 7334089
1 9040569
1 9339693
1 2564905
1 8706117
1 8506291
1 4827076
1 955520
1 7322093
1 5064252
1 4401834
1 4300569
1 8515509
1 6361180
1 5992978
1 8260305
1 9936929
1 7308651
1 8248458
1 4599969
1 58273
1 3861042
1 113690
1 1120680
1 5380534
1 1512608
1 7063791
1 5800995
1 8699834
1 1858945
1 9986113
1 1974431
1 9138309
1 3553148
1 9337662
1 9490588
1 5955542
1 2211765
1 1414770
1 7609286
1 644028
1 5150840
1 5472836
1 2255330
1 8831687
1 2101272
1 7316977
1 2402620
1 3855660
1 9440131
1 6748209
1 973260
1 583552
1 8883698
1 1634588
1 5492350
1 9149847
1 7291774
1 3353745
1 1066147
1 5787098
1 7800323
1 2390900
1 6528425
1 2586946
1 7901190
1 5444721
1 3954778
1 3773881
1 2460638
1 891317
1 2705578
1 8436549
1 4385805
1 367423
1 181944
1 4590920
1 6153721
1 2586194
1 4664984
1 9009604
1 592353
1 7003360
1 8631587
1 9481583
1 3564666
1 8383254
1 4483924
1 4298675
1 6249002
1 9839785
1 8431594
1 9827772
1 752743
1 2793542
1 2749127
1 5723595
1 5562414
1 7988953
1 5918795
1 5069723
1 8395071
1 3830571
1 8091294
1 3310414
1 1115022
1 2482275
1 6126022
1 8039398
1 5226209
1 400568
1 8617441
1 2014060
1 131040
1 1540743
1 7185834
1 3422764
1 9322769
1 8881997
1 312466
1 1493144
1 3629197
1 8052801
1 3255216
1 9172300
1 6229522
1 1430939
1 7617217
1 4965689
1 1244723
1 1532512
1 1994700
1 9708278
1 7934538
1 6675104
1 4649312
1 5272323
1 7502065
1 810771
1 5426679
1 845927
1 8205350
1 1751523
1 8233149
1 7450958
1 4381805
1 2103320
1 3733454
1 9189006
1 1413860
1 1739518
1 6045803
1 6288063
1 1530186
1 3446465
1 8839620
1 5720787
1 3019568
1 8937057
1 8811977
1 3353259
1 99901
1 6667296
1 7272858
1 3863785
1 648811
1 7612410
1 8806108
1 8793529
1 6858033
1 7310738
1 9930453
1 9574488
1 8427314
1 4682199
1 4591676
1 9695613
1 2490239
1 4665467
1 8162797
1 9852572
1 8604429
1 4464841
1 9975463
1 6318885
1 1193098
1 6872854
1 7599216
1 7808499
1 5571907
1 735959
1 7733899
1 9585688
1 6701931
1 9884009
1 5823985
1 1155087
1 1718301
1 842545
1 337857
1 7294164
1 4184342
1 1782312
1 2941287
1 3500782
1 3151087
1 1368826
1 3136119
1 38970
1 3004194
1 7904301
1 8395345
1 6934411
1 8428931
1 4486513
1 2565158
1 3257085
1 2769755
1 8932983
1 2620504
1 3646131
1 2508950
1 5725000
1 9335157
1 5314922
1 1927288
1 552154
1 293129
1 7581529
1 6467993
1 3289582
1 8358506
1 3431001
1 8654064
1 4429676
1 3870206
1 8549281
1 6076114
1 6940773
1 5481768
1 958738
1 2130689
1 8538930
1 6733462
1 9298755
1 4418808
1 9225269
1 4770260
1 8153510
1 9705654
1 9931421
1 3211478
1 1306441
1 6168336
1 9714708
1 6905949
1 5474754
1 96357
1 1353471
1 9541295
1 2184057
1 9016866
1 1587956
1 3264587
1 8381447
1 7175196
1 4707397
1 8028602
1 4005470
1 5893089
1 441353
1 5045700
1 2250814
1 9734719
1 5536778
1 308071
1 4004231
1 1845077
1 6291575
1 4207004
1 9271666
1 1077954
1 2651099
1 8012548
1 7181342
1 6777075
1 2854367
1 3429956
1 8744580
1 3343066
1 9801069
1 8504266
1 9254365
1 8423185
1 2965315
1 8669310
1 74420
1 2200514
1 124518
1 6290482
1 3763030
1 7110476
1 9396543
1 4283995
1 465338
1 4936906
1 5590103
1 129290
1 8766064
1 7013420
1 1900703
1 5738988
1 6614476
1 1944773
1 290249
1 8945176
1 6994670
1 4336517
1 8519783
1 5606319
1 1268731
1 4861638
1 6705360
1 3729905
1 3931950
1 2968423
1 9023376
1 8192430
1 5089287
1 5839286
1 7534151
1 3247933
1 7864490
1 8906358
1 5498942
1 3295377
1 8247621
1 9100405
1 3790130
1 286196
1 4404697
1 7983126
1 4657230
1 6874273
1 370620
1 8807539
1 2300193
1 5151084
1 476179
1 1708515
1 8172469
1 1291285
1 8387516
1 2734927
1 7291551
1 590852
1 409019
1 6847716
1 2372292
1 6013500
1 9612700
1 4192475
1 8208184
1 3290465
1 2093620
1 3806961
1 4514900
1 6822895
1 2130383
1 8000285
1 2779499
1 7208989
1 8708032
1 5869329
1 6135044
1 6235702
1 6819520
1 1331478
1 9265567
1 3667728
1 6030624
1 2274590
1 2607815
1 3591966
1 4729427
1 9101362
1 9602400
1 8695295
1 7983430
1 3091519
1 97665
1 3091177
1 8569174
1 8764699
1 7219309
1 3134511
1 9846328
1 3112404
1 2845751
1 8143578
1 3639107
1 8020432
1 9379114
1 7700214
1 1334227
1 9608388
1 2414214
1 7546861
1 5816683
1 796456
1 3707652
1 4505379
1 8810485
1 8671509
1 9918915
1 2175030
1 2023424
1 43316
1 1944257
1 4461685
1 6934191
1 9771572
1 6374012
1 2477325
1 3698442
1 4909167
1 9367483
1 7451953
1 8352329
1 839995
1 7435776
1 5747569
1 4398964
1 5268834
1 900672
1 9862092
1 3203991
1 5407556
1 9470402
1 9553610
1 2318449
1 9634978
1 8654807
1 9414054
1 882578
1 6016332
1 8288463
1 8603516
1 3342196
1 7105133
1 8894891
1 4765133
1 4197026
1 3334920
1 1328527
1 568864
1 548223
1 8112995
1 5098142
1 4082615
1 2651403
1 4311196
1 9340617
1 602015
1 2840450
1 1341831
1 793344
1 6026392
1 4447194
1 3028672
1 4320577
1 2670682
1 1073160
1 8733139
1 4140663
1 3648612
1 3243138
1 3223708
1 3443664
1 7895977
1 6252394
1 1193378
1 5020863
1 2515484
1 2500517
1 3851173
1 9323472
1 9376469
1 5227317
1 238528
1 8351909
1 3968656
1 5882039
1 9049487
1 3620613
1 9277542
1 5033189
1 7699281
1 7562749
1 626106
1 3503124
1 9382131
1 7212756
1 7811248
1 4960638
1 4076836
1 7824008
1 993212
1 4398655
1 6160214
1 7262970
1 608327
1 923336
1 5179752
1 1622610
1 3955823
1 6243390
1 7580823
1 2420510
1 9561827
1 5669856
1 7184642
1 4054248
1 5639051
1 1737896
1 6652440
1 2272275
1 666731
1 3234055
1 3009310
1 6089315
1 7454781
1 2609564
1 2154800
1 2041939
1 7260525
1 5219410
1 3521383
1 5287925
1 5680548
1 1148791
1 884602
1 7690308
1 540396
1 5798192
1 3903005
1 7534126
1 3793210
1 9362864
1 6835961
1 2954098
1 4535929
1 6658304
1 9502227
1 367410
1 3462776
1 2047303
1 7682665
1 2291158
1 6891237
1 740576
1 7655120
1 7703613
1 1919153
1 624168
1 2736323
1 8041276
1 5020974
1 8805342
1 4817240
1 7089513
1 333171
1 8802661
1 6051547
1 8791857
1 3073942
1 2581449
1 5941749
1 6018003
1 7655231
1 2126641
1 7793678
1 2567789
1 4442929
1 7889613
1 7173993
1 1104185
1 923423
1 7998771
1 4982875
1 6761285
1 1463505
1 851909
1 243439
1 8281161
1 2423443
1 4471048
1 3230470
1 7446380
1 8723307
1 2358375
1 7364110
1 2913427
1 1763925
1 9227282
1 2402048
1 3899734
1 7708704
1 5107185
1 6690042
1 5703420
1 5500889
1 2148693
1 2115851
1 8736866
1 2397884
1 2693084
1 6466579
1 8730492
1 7046477
1 8683688
1 5452658
1 5506462
1 8081938
1 9155380
1 9252339
1 7640123
1 6433004
1 3283945
1 9260723
1 2132232
1 2034107
1 4856819
1 8179773
1 8160093
1 3711793
1 5179261
1 8439113
1 3085934
1 6753925
1 4738560
1 6446674
1 5368043
1 2268060
1 336036
1 4414324
1 7181737
1 2853141
1 9297230
1 4453049
1 8914256
1 8226453
1 8351781
1 7894942
1 5812667
1 5901041
1 2389718
1 7797378
1 1773379
1 4291630
1 7315637
1 7199956
1 7835960
1 8751042
1 561940
1 34628
1 7599887
1 2295587
1 8861268
1 6175636
1 2195177
1 6368601
1 65175
1 8621551
1 7051362
1 9604134
1 9628007
1 640855
1 705921
1 9855867
1 4783837
1 8325889
1 1906885
1 749936
1 1473896
1 8076139
1 2065651
1 670447
1 9183668
1 3093643
1 1242794
1 3771355
1 6886113
1 8755220
1 3029644
1 9111770
1 5593582
1 8563121
1 6958235
1 9759201
1 3183515
1 9685060
1 7418354
1 4257125
1 5669247
1 9289112
1 6437567
1 1106488
1 6527124
1 9731132
1 8055993
1 2214652
1 7980990
1 5913739
1 6744551
1 3646584
1 965374
1 559540
1 3689844
1 4589781
1 6402132
1 7261016
1 5653521
1 2001205
1 5109759
1 4674181
1 7489654
1 7834790
1 1569739
1 9476588
1 1057484
1 7613440
1 2616301
1 758227
1 8045967
1 4081307
1 2053006
1 4063269
1 6326577
1 8882778
1 1389523
1 2389554
1 2146097
1 4359014
1 1960232
1 3012097
1 7366178
1 9914118
1 8083298
1 8487521
1 4033771
1 8922385
1 7832433
1 643778
1 6126025
1 2683945
1 6257920
1 220840
1 1667442
1 267946
1 7220012
1 5990357
1 5589612
1 1620026
1 9982980
1 4310936
1 8059528
1 6192745
1 9022664
1 417427
1 1338693
1 9851156
1 8631137
1 3491375
1 3650476
1 5949954
1 9552853
1 9834702
1 9937485
1 2838627
1 873429
1 524186
1 627983
1 9133040
1 7880469
1 4492557
1 8851030
1 8103011
1 178149
1 8878192
1 3525240
1 6460349
1 9664605
1 2850416
1 736231
1 44142
1 6795926
1 3743474
1 4315827
1 4346959
1 1970122
1 1781379
1 1645967
1 5649436
1 8163540
1 8620837
1 7735342
1 1461464
1 534834
1 7879356
1 503071
1 2768630
1 915431
1 4990791
1 673477
1 5505674
1 8349220
1 3901447
1 105740
1 5685995
1 7631918
1 3162754
1 7147144
1 5079217
1 1560504
1 864564
1 8697945
1 9943283
1 286853
1 3799422
1 6677742
1 9103758
1 2150953
1 4309905
1 3325604
1 4516404
1 8067773
1 6296200
1 6901709
1 7173744
1 6071931
1 9330557
1 1287123
1 9721505
1 6013583
1 8944641
1 9179876
1 7109805
1 4147255
1 4045024
1 3087966
1 1709039
1 3667248
1 4028006
1 9910660
1 4514677
1 6489378
1 7604104
1 1946926
1 7495768
1 662738
1 9055182
1 2274211
1 3926588
1 2691358
1 1863492
1 4080227
1 669243
1 6313230
1 9915401
1 1408464
1 9921581
1 3217783
1 42201
1 1836304
1 7676818
1 8851029
1 1452774
1 4360999
1 3335142
1 4346687
1 2741000
1 9762409
1 7841959
1 6712686
1 9105030
1 9479985
1 2810600
1 2095999
1 2979112
1 2872751
1 3744210
1 2208753
1 4205242
1 2595249
1 4856275
1 2816100
1 4783542
1 7767576
1 5493411
1 8795515
1 5503352
1 4075774
1 1085398
1 1326059
1 241279
1 8754550
1 6135887
1 520134
1 1291511
1 1430174
1 9132517
1 335306
1 8527193
1 714713
1 5157231
1 8145454
1 2182181
1 9286145
1 2750227
1 1912978
1 5704142
1 3810883
1 8188993
1 5713731
1 3309884
1 6060663
1 6484125
1 1564912
1 285866
1 4848258
1 8363102
1 2583556
1 1993571
1 9860531
1 1050902
1 2260031
1 7152518
1 7511353
1 962433
1 7663233
1 24411
1 6222994
1 5488454
1 7093843
1 5354451
1 2628794
1 447566
1 5466096
1 7013661
1 5730704
1 6242249
1 2206345
1 2122593
1 926383
1 6006503
1 2547679
1 8639946
1 3191606
1 1591938
1 9377829
1 1568819
1 60623
1 306755
1 8406811
1 3694269
1 6488660
1 8206212
1 6828224
1 6678237
1 8120698
1 8007
1 1426114
1 995732
1 1725261
1 5899537
1 2677623
1 8205434
1 6094495
1 6311784
1 109546
1 4982259
1 6832745
1 9066648
1 4971923
1 3236403
1 112447
1 7727243
1 5922031
1 5288616
1 7382489
1 2995718
1 9941207
1 5176920
1 9527214
1 4253185
1 2212294
1 7914144
1 7150875
1 6238527
1 7897755
1 177897
1 5342035
1 3624244
1 2249574
1 8454718
1 71131
1 8014733
1 9958232
1 2815708
1 9126735
1 7056516
1 5055169
1 1926985
1 6261295
1 5659886
1 1394928
1 5618876
1 7740983
1 1441382
1 5416880
1 9668738
1 5307444
1 8293838
1 8218511
1 1092866
1 5924640
1 3806446
1 9740370
1 315945
1 2308794
1 5663615
1 9457556
1 7060945
1 9476344
1 3819066
1 307898
1 4625590
1 2842185
1 5228982
1 8189164
1 8219520
1 1319787
1 612634
1 7843975
1 3091308
1 1478333
1 1339661
1 4491166
1 9564453
1 4319023
1 1032813
1 9639837
1 5961637
1 6104015
1 1571870
1 9153702
1 968931
1 10177
1 8103128
1 3109706
1 9099687
1 1516842
1 2672125
1 1406968
1 9262298
1 7225954
1 8767460
1 1337063
1 7595737
1 9866209
1 8923672
1 5710171
1 5422692
1 7115262
1 2540367
1 8639934
1 5432996
1 6422217
1 2852712
1 5204540
1 1500132
1 6742970
1 1674392
1 235872
1 2021106
1 1181281
1 9386555
1 4446804
1 9499224
1 3984201
1 7256271
1 2446957
1 3535947
1 4836405
1 1450333
1 4301267
1 118937
1 8994616
1 66255
1 4431492
1 9046816
1 8265851
1 8190908
1 7143164
1 7398872
1 9857790
1 6520809
1 5562399
1 1173314
1 7116040
1 1360684
1 6803464
1 9480923
1 9525238
1 8551742
1 3691888
1 5077783
1 3372182
1 8682201
1 7668901
1 7672098
1 2644700
1 8718469
1 9304301
1 2746957
1 5893791
1 3428226
1 1333311
1 9310961
1 5556873
1 812592
1 9119709
1 1424272
1 9959453
1 3541587
1 11957
1 1718110
1 7587942
1 4898863
1 6800705
1 8166185
1 7768750
1 3415131
1 9167100
1 2785434
1 7078520
1 9134996
1 9153304
1 8917136
1 3471740
1 7520231
1 2073204
1 511348
1 1959942
1 2844303
1 4213391
1 3411710
1 5785573
1 5368916
1 8321307
1 1283229
1 6881901
1 5713337
1 7490734
1 9261685
1 386026
1 5950360
1 9397303
1 5833801
1 8725865
1 8043187
1 7848098
1 8434432
1 291050
1 9711959
1 4222842
1 5666254
1 3656165
1 2145961
1 4327963
1 1599221
1 6702571
1 6629793
1 2346313
1 3898002
1 6539456
1 7627134
1 6036225
1 5286600
1 9400820
1 5976388
1 852480
1 2760145
1 8701316
1 7862981
1 3748038
1 3190108
1 5811226
1 2338244
1 7643838
1 9753053
1 8570393
1 7308919
1 4526664
1 7956067
1 3361642
1 2623426
1 9415072
1 2312906
1 8618445
1 7104955
1 4111827
1 6307628
1 8443062
1 7980395
1 5155752
1 3325689
1 808408
1 3006124
1 7489730
1 7827001
1 9595985
1 2368836
1 6723045
1 4510797
1 7000561
1 7181583
1 7108820
1 4791694
1 3067700
1 386268
1 1487443
1 6773673
1 7845121
1 5811042
1 2961542
1 5787117
1 3134955
1 4924729
1 6763330
1 8302887
1 3185989
1 9161100
1 3844815
1 3449370
1 2805023
1 9349531
1 5685546
1 279408
1 7132811
1 8514384
1 8500667
1 2570638
1 5821057
1 9473830
1 6406509
1 5829445
1 2339365
1 6118096
1 7417981
1 7432510
1 5585971
1 4314421
1 3716739
1 5570641
1 1947529
1 924189
1 6938864
1 3041132
1 8158436
1 8781965
1 813359
1 6716412
1 7787875
1 3230305
1 4760229
1 1443965
1 2166250
1 169848
1 7491022
1 6383320
1 4457882
1 7582934
1 9367264
1 6113071
1 772638
1 6154084
1 2495381
1 6256585
1 5600970
1 9196369
1 1320733
1 9212595
1 154470
1 3656489
1 5590318
1 6226415
1 9090457
1 4333074
1 2040222
1 1124585
1 3491600
1 1795962
1 2250852
1 112889
1 6472674
1 9135992
1 8210037
1 7861371
1 404082
1 2786077
1 6888361
1 8244423
1 5767505
1 3659734
1 3759017
1 5761602
1 8136510
1 1326736
1 4714170
1 8692443
1 8357287
1 1940757
1 9296305
1 5398569
1 94965
1 2317408
1 2404942
1 805200
1 8434070
1 6425658
1 1428631
1 7158952
1 8487410
1 6566389
1 3369942
1 9088498
1 3491763
1 341528
1 7369464
1 9691832
1 4993236
1 3297657
1 4649090
1 2575928
1 3471407
1 1842080
1 9316669
1 1980375
1 8896006
1 1398986
1 5529182
1 5208261
1 5377442
1 5357707
1 4161199
1 6728255
1 1557623
1 1040559
1 9217634
1 7060446
1 9380602
1 5294181
1 6698395
1 4237137
1 9837024
1 65503
1 420514
1 7811889
1 7607932
1 9277331
1 4702429
1 9205574
1 5728583
1 7039274
1 760
1 1256359
1 9502506
1 6838178
1 3867374
1 1827616
1 6221775
1 7731245
1 2828793
1 8395518
1 4656737
1 5696244
1 5431927
1 1243210
1 6151925
1 5675183
1 9400661
1 5166107
1 1654259
1 2331021
1 4289632
1 8558090
1 7575871
1 4725165
1 9242138
1 781
1 3102131
1 8268579
1 7394976
1 627368
1 3298387
1 5499421
1 4613114
1 5426944
1 4361718
1 8279379
1 5495917
1 8932058
1 8768629
1 1299907
1 7777744
1 5267543
1 7305821
1 2977363
1 9222573
1 9085434
1 1533219
1 3869122
1 4568524
1 7230295
1 5091311
1 1314804
1 4152102
1 3664866
1 9320550
1 2572780
1 1394138
1 4587961
1 1481232
1 3781309
1 8438324
1 3689641
1 4841835
1 8081459
1 7473741
1 8237346
1 3925688
1 4505172
1 9474796
1 4250
1 9425282
1 47030
1 5636801
1 4453417
1 4746414
1 3962256
1 3496143
1 3400677
1 1534124
1 2038446
1 5619185
1 7609983
1 9595829
1 971354
1 2439158
1 1927869
1 8390341
1 384112
1 7727323
1 1885962
1 9322003
1 3488757
1 8765782
1 2521773
1 575340
1 2743886
1 4722386
1 8421410
1 7767791
1 5364389
1 1751541
1 8205356
1 1279032
1 1334444
1 4065670
1 9655638
1 6768690
1 1996585
1 4618503
1 7594300
1 2703486
1 3674445
1 2897920
1 4520140
1 306573
1 233128
1 9458465
1 4362195
1 6801654
1 548752
1 7500459
1 8747830
1 4694092
1 8902983
1 8022087
1 9802719
1 3929401
1 2753435
1 4262464
1 8391936
1 6221807
1 8180286
1 8970225
1 7915301
1 9837889
1 8363894
1 8952064
1 7603256
1 5724740
1 3292965
1 7915423
1 7360998
1 7199821
1 4925745
1 6447913
1 4061020
1 4778280
1 605847
1 6350357
1 3821289
1 173407
1 195744
1 1743169
1 7119981
1 3578571
1 2233880
1 5560351
1 8033935
1 520223
1 3258847
1 1639388
1 5811920
1 8830083
1 304342
1 6528549
1 3329849
1 2374461
1 5719528
1 5054476
1 4786509
1 1417817
1 4863093
1 1420653
1 2986633
1 9190267
1 7007615
1 1682211
1 6557773
1 6579160
1 6410535
1 1238725
1 6825505
1 221118
1 8384667
1 3582392
1 3276512
1 9978555
1 1443707
1 7142162
1 8762313
1 796599
1 7487582
1 2929016
1 5633496
1 7597486
1 3325456
1 7592720
1 1705172
1 5906075
1 919451
1 2983073
1 3660447
1 8802091
1 2565735
1 9238017
1 4030283
1 6381227
1 1355741
1 496722
1 1730443
1 794597
1 9426880
1 434599
1 6536861
1 414611
1 1992499
1 3885444
1 7847183
1 4130606
1 8094047
1 2518633
1 354197
1 4074254
1 3440083
1 2326637
1 9623108
1 475523
1 2301650
1 6186558
1 2379866
1 4038939
1 6584185
1 7839238
1 7032961
1 7360666
1 4218775
1 5577279
1 2892231
1 4119564
1 8976378
1 9565113
1 3545320
1 783092
1 9472732
1 6781066
1 2086539
1 6822070
1 1684406
1 661824
1 8174135
1 5316564
1 3217296
1 8561117
1 8891744
1 3107002
1 7178509
1 2952313
1 9145803
1 4357282
1 5510644
1 3274939
1 8853791
1 5084638
1 4614391
1 6785613
1 745966
1 4953432
1 9530742
1 3515154
1 5758863
1 4655593
1 6118791
1 9302814
1 2932244
1 8253785
1 1177778
1 9153217
1 3013081
1 2963654
1 1556026
1 4307453
1 5112230
1 2192776
1 8968358
1 819030
1 1585416
1 6350604
1 1769714
1 8051834
1 1723574
1 7081789
1 2427491
1 9558573
1 5460529
1 7222710
1 1759733
1 2647129
1 4300837
1 3807474
1 6502668
1 2679674
1 5629846
1 8467771
1 2861757
1 9601432
1 8697890
1 1595692
1 5288536
1 9974404
1 7467984
1 6360852
1 3894981
1 5645416
1 3220429
1 706481
1 6663107
1 5723513
1 2706392
1 2307435
1 1413081
1 8243076
1 9947828
1 8882611
1 9499141
1 3887322
1 3687919
1 1542967
1 8208227
1 6284266
1 815581
1 898248
1 484587
1 2991417
1 2345765
1 2716657
1 5873562
1 8785960
1 6458187
1 41954
1 32131
1 199501
1 6699551
1 604037
1 1518720
1 2418133
1 5223791
1 6016145
1 5699233
1 3459702
1 2110726
1 2656556
1 6230389
1 9383687
1 1264960
1 7584040
1 1777774
1 6020022
1 8740386
1 289242
1 2067661
1 8917183
1 1808872
1 4902988
1 6669349
1 3705949
1 5945984
1 4242437
1 5647884
1 2746477
1 809309
1 4043798
1 53419
1 8936403
1 6745285
1 2803236
1 6999786
1 7502701
1 5124563
1 8279019
1 5521577
1 8922818
1 4856837
1 2072357
1 3621111
1 4732467
1 6801535
1 2898571
1 1996806
1 9749325
1 4097946
1 3813497
1 1944484
1 3164239
1 4183957
1 68961
1 7071991
1 9396869
1 5534805
1 3295663
1 5121842
1 829431
1 5760479
1 85003
1 4952191
1 3765071
1 8912547
1 174715
1 3868423
1 8812724
1 4702459
1 4473411
1 2186702
1 3035869
1 1168508
1 7424014
1 3060337
1 2876635
1 6815387
1 602138
1 4437100
1 8857879
1 2255248
1 4112419
1 6751205
1 2515416
1 2577725
1 769572
1 9689515
1 2191563
1 6105820
1 8077689
1 5594497
1 1224920
1 802993
1 4043447
1 5218759
1 13341
1 1599342
1 5512002
1 3365574
1 1151877
1 992092
1 9646689
1 2699205
1 2722767
1 3106730
1 690685
1 4868636
1 2703947
1 4689538
1 5231750
1 8639100
1 6131660
1 2709004
1 3040326
1 9192784
1 2925870
1 2911840
1 9263789
1 308940
1 7400548
1 5898474
1 3093677
1 5227211
1 5214594
1 2440754
1 620091
1 9302186
1 814795
1 6310985
1 4716144
1 5732986
1 4955528
1 1869807
1 7702426
1 6208510
1 6226661
1 9258854
1 3979977
1 7423033
1 8844001
1 2995611
1 8801739
1 4854443
1 1144268
1 605897
1 4854334
1 964930
1 5724272
1 8117825
1 9314396
1 9924202
1 2756158
1 2310530
1 4532169
1 8304193
1 7855716
1 5045506
1 6374662
1 5104305
1 7350927
1 9006494
1 8630761
1 4253831
1 2488666
1 6292399
1 6763786
1 9196511
1 7425264
1 197642
1 73765
1 4663570
1 1220247
1 6041953
1 9139139
1 8392345
1 7990159
1 4149797
1 723466
1 4263620
1 8654911
1 183325
1 5951377
1 922245
1 9905591
1 8122341
1 4966649
1 8701642
1 7786476
1 5182109
1 6887387
1 674126
1 6386884
1 4501692
1 4905786
1 9137104
1 7236866
1 7279580
1 7385995
1 6329510
1 8095479
1 67082
1 7208383
1 1051509
1 1703723
1 1815120
1 225170
1 2725101
1 8484822
1 8237565
1 2794362
1 6134267
1 5311951
1 9425397
1 5994246
1 3993056
1 9243168
1 7111995
1 3694542
1 2228992
1 1373946
1 1700962
1 8665329
1 128237
1 2679349
1 9068892
1 2041669
1 304395
1 4055638
1 5710374
1 2224430
1 3921987
1 7094202
1 7203598
1 1157957
1 8665984
1 6788246
1 9804715
1 7199195
1 4157597
1 2556542
1 5156470
1 8686576
1 3446840
1 3065402
1 7862701
1 2214808
1 3660093
1 9693627
1 7400360
1 4060243
1 8234774
1 9491297
1 8358248
1 1439424
1 5645015
1 5779870
1 5146588
1 7525041
1 9889112
1 6953739
1 8746763
1 8089334
1 7036082
1 6108588
1 3860781
1 1358225
1 3851042
1 470844
1 3213647
1 6042542
1 2969084
1 7529630
1 3002317
1 1647384
1 9003674
1 5547035
1 9081085
1 211338
1 7431028
1 4679725
1 705049
1 5036465
1 6179816
1 9533742
1 8990985
1 4139452
1 3931453
1 9325523
1 4860673
1 4646233
1 476582
1 7250126
1 1117378
1 6961097
1 1378447
1 1360612
1 6203201
1 9100619
1 6107351
1 4190552
1 5757058
1 9521487
1 1719484
1 6022051
1 3132099
1 2194112
1 6801038
1 4773493
1 6059179
1 1547853
1 6053008
1 8112638
1 4879891
1 8696892
1 3410285
1 1823816
1 9777376
1 7539312
1 6487856
1 2209346
1 7869678
1 6233878
1 8483467
1 9938427
1 4854730
1 6445527
1 9791363
1 8700525
1 4526900
1 2866561
1 4420475
1 1296358
1 3802007
1 6410581
1 4955887
1 1583436
1 9373996
1 8553311
1 9880363
1 7230823
1 2392308
1 4219747
1 8493574
1 1471389
1 5227481
1 8156167
1 5144580
1 313281
1 3819139
1 9479294
1 6707565
1 3740704
1 7022611
1 8579271
1 221467
1 6266814
1 3487834
1 4131855
1 9869185
1 4587802
1 2587763
1 1806485
1 5096178
1 8274449
1 9615682
1 9622593
1 8718268
1 6838039
1 8659925
1 4028531
1 6151714
1 3759261
1 3127708
1 9739923
1 2380650
1 8512385
1 9607431
1 2899831
1 5384759
1 7082650
1 9959986
1 654991
1 6154592
1 5252609
1 5591319
1 7451292
1 417963
1 7150780
1 3729631
1 393533
1 8047423
1 8606569
1 7787261
1 991335
1 8085822
1 6380482
1 7602063
1 3342903
1 1247467
1 693542
1 1935984
1 6369544
1 9680167
1 296667
1 9981437
1 8935414
1 4971482
1 6587277
1 3174531
1 9378828
1 6509508
1 2132210
1 8633901
1 4974946
1 3779157
1 5488017
1 3293157
1 4331139
1 4138834
1 3240160
1 5503955
1 8048289
1 7631326
1 291292
1 4697791
1 1773338
1 366538
1 3081821
1 306039
1 5350505
1 7264551
1 1407783
1 8882881
1 8981342
1 9358067
1 9099031
1 3736853
1 2250785
1 6795166
1 7950278
1 5493929
1 3784630
1 9025173
1 5393174
1 6625203
1 8123611
1 4715881
1 1820444
1 644238
1 7075933
1 4806303
1 9883733
1 2922939
1 9022966
1 3079522
1 5619079
1 3686336
1 3938618
1 3416013
1 5891027
1 3810708
1 7558239
1 2063853
1 7930808
1 54255
1 7130328
1 6003811
1 8357809
1 2837954
1 2506210
1 7060944
1 3519771
1 3655306
1 7941243
1 7670291
1 6281589
1 7483435
1 2595302
1 6408054
1 1317031
1 9003664
1 7053657
1 6471847
1 1690353
1 5860562
1 3046485
1 7541151
1 1853144
1 8681216
1 7647283
1 5511462
1 3839006
1 3874582
1 7348643
1 1282595
1 8294254
1 4408765
1 9059731
1 2790029
1 9609051
1 1612283
1 1139534
1 9017376
1 166272
1 5155525
1 8348483
1 9752876
1 288255
1 8782014
1 3539352
1 1452081
1 949307
1 5238840
1 4240220
1 4798885
1 7110189
1 7183574
1 6118743
1 2195565
1 4008007
1 477294
1 2226279
1 4825078
1 5502889
1 6502165
1 465475
1 3824212
1 2793292
1 2725161
1 6734712
1 3865233
1 8739224
1 6776475
1 6784636
1 7400898
1 8055755
1 3753864
1 3128568
1 8238713
1 305867
1 1311146
1 4536675
1 7559478
1 3642572
1 9087961
1 2952776
1 6776858
1 3491097
1 5301662
1 8134007
1 3870066
1 5688106
1 8494479
1 1641791
1 4698485
1 3895010
1 1049348
1 1415926
1 5146241
1 791339
1 1905174
1 5131396
1 8663489
1 1910208
1 843366
1 3966191
1 7357564
1 168799
1 5883881
1 7864471
1 7755921
1 1632701
1 6021752
1 6416408
1 9035812
1 8535816
1 8686410
1 8965359
1 7422873
1 1507323
1 9866223
1 8158727
1 5642397
1 191951
1 3964208
1 9802976
1 3636243
1 150950
1 2587478
1 3710520
1 751401
1 1322595
1 7524240
1 468727
1 3907197
1 9415925
1 2175275
1 4803128
1 8765161
1 89203
1 2306440
1 9936919
1 2408447
1 4534224
1 1699528
1 5724670
1 9149450
1 8443024
1 2863890
1 4038455
1 5138809
1 9902763
1 8747072
1 62521
1 2777974
1 6679102
1 6810672
1 5958541
1 7107460
1 8981568
1 1267600
1 2512305
1 8250061
1 3351723
1 7627597
1 4173323
1 5225185
1 4573911
1 7809554
1 3106009
1 1385835
1 9625802
1 4770739
1 122364
1 5248540
1 1788657
1 6868279
1 4678471
1 6557684
1 7800091
1 7390120
1 8176457
1 6328644
1 1422864
1 7969028
1 4627775
1 2908771
1 9419511
1 8506703
1 3319046
1 7588791
1 4133776
1 7257231
1 9100629
1 6569672
1 4179420
1 2014904
1 6563351
1 2996321
1 8564151
1 2493520
1 775200
1 8430164
1 1663693
1 5651358
1 5276678
1 4793176
1 4449105
1 9497861
1 7646183
1 7068923
1 9635180
1 7605441
1 641899
1 2606465
1 9137334
1 6889780
1 8297723
1 4916137
1 7122790
1 1275207
1 2514060
1 7494152
1 908445
1 9045711
1 8477051
1 7784889
1 9556065
1 7904891
1 9242988
1 8551037
1 6857309
1 3134520
1 5899049
1 7867157
1 9882278
1 9791663
1 4562215
1 9021037
1 6662026
1 6743396
1 1335885
1 6120672
1 8741625
1 9253430
1 1265251
1 6450949
1 6148472
1 2858787
1 7453737
1 9036265
1 9413300
1 2050552
1 8060618
1 2700395
1 3296675
1 3833370
1 2456549
1 3754116
1 5010359
1 9060295
1 9788596
1 7847919
1 3024828
1 8686073
1 3523825
1 6451626
1 6688958
1 6493098
1 8679097
1 9196418
1 1681647
1 1800487
1 6924465
1 4377058
1 5032779
1 8768278
1 1824188
1 4490430
1 5240114
1 8727201
1 7907914
1 4569028
1 3781130
1 9856338
1 1406893
1 5361815
1 2633
1 1046486
1 8883234
1 80946
1 7525379
1 6306074
1 9178114
1 3823500
1 7907297
1 6326032
1 6842638
1 9382939
1 8172503
1 9423972
1 158419
1 4243007
1 8748919
1 9761233
1 8165435
1 1183241
1 3216039
1 2793311
1 2890045
1 7612254
1 332555
1 3376604
1 5127312
1 5750035
1 4470323
1 5986851
1 6612554
1 5959516
1 5695457
1 8438986
1 1453627
1 3549276
1 6740508
1 9984915
1 4634308
1 6502744
1 3085744
1 2974789
1 9603356
1 2800990
1 2527184
1 9475060
1 1400492
1 9447224
1 6744390
1 772937
1 7709808
1 6455736
1 5784954
1 8936153
1 5102707
1 7960100
1 2656260
1 4775905
1 5963219
1 7016317
1 3621692
1 6667174
1 9103863
1 1447380
1 3892025
1 975353
1 9937598
1 5138033
1 5833019
1 7113817
1 1930811
1 5871828
1 8820268
1 316888
1 4748371
1 2428918
1 2176066
1 4653362
1 3467019
1 8322101
1 7195075
1 6275088
1 4463780
1 6543727
1 3327627
1 5727953
1 777410
1 5890214
1 5301116
1 2402372
1 2946423
1 9253036
1 9477642
1 4288505
1 2268380
1 1640706
1 136467
1 805354
1 9064829
1 1238019
1 7984318
1 4198302
1 9176777
1 9180854
1 2046178
1 4298938
1 3978833
1 7386080
1 2724348
1 8865934
1 1469080
1 9969430
1 5363286
1 2232906
1 6468514
1 2249724
1 9413777
1 7469881
1 205010
1 950150
1 2945186
1 5309800
1 3136581
1 4017389
1 258765
1 462250
1 5520328
1 698515
1 6090959
1 6910841
1 8747234
1 6366393
1 3801280
1 8219314
1 4433135
1 6085519
1 8234622
1 7338244
1 6105938
1 8684447
1 2904070
1 5401489
1 755747
1 3899654
1 3986702
1 9034317
1 8571154
1 6114913
1 4634113
1 1298283
1 8320939
1 707290
1 8683163
1 8063328
1 9478249
1 393077
1 6550446
1 349101
1 4689288
1 6884397
1 4381790
1 2824239
1 6601763
1 3152496
1 8391776
1 2986779
1 369222
1 6609532
1 7914151
1 2698743
1 6144189
1 8679398
1 6544074
1 4840648
1 8527721
1 1407231
1 5330295
1 7389205
1 3097083
1 4775685
1 959763
1 4429001
1 5874309
1 8947806
1 9594278
1 4269716
1 1714041
1 6668822
1 2001406
1 173362
1 6681738
1 1870327
1 7921203
1 6619540
1 9946203
1 2230593
1 9057586
1 4228855
1 4339907
1 2980012
1 3007046
1 3751694
1 5261183
1 5952009
1 3810391
1 495915
1 6294888
1 3754106
1 9202468
1 6457107
1 4060748
1 4876771
1 3971968
1 857025
1 8929771
1 2655053
1 2173671
1 4976098
1 7755210
1 5869122
1 2406040
1 9045117
1 1170242
1 2491166
1 1944437
1 2040703
1 5358181
1 5959368
1 5614739
1 9206798
1 4426565
1 6561139
1 3177668
1 8142575
1 6346196
1 7378967
1 375322
1 5652355
1 2490240
1 6740941
1 5821972
1 8260
1 1151982
1 5621607
1 9842197
1 8596623
1 3397130
1 4175721
1 9089457
1 4487346
1 1131799
1 9240010
1 704470
1 1450804
1 3567257
1 9222227
1 7075527
1 682076
1 2358828
1 4274502
1 4143814
1 7490987
1 3207561
1 1257559
1 8316204
1 4689496
1 691098
1 641342
1 1312340
1 8849050
1 431827
1 598930
1 9445919
1 6321336
1 1478142
1 9744130
1 6852344
1 5435930
1 7301399
1 5126801
1 4910083
1 4064962
1 6024593
1 4424199
1 7753566
1 1081132
1 5550300
1 710055
1 6052837
1 5620051
1 3874702
1 2538140
1 6029031
1 9035614
1 5328213
1 6151270
1 9601230
1 936378
1 8537203
1 655286
1 2191306
1 850051
1 97298
1 7797000
1 9733732
1 5559794
1 7601810
1 7544373
1 6851312
1 7464257
1 2790574
1 3661498
1 6883386
1 3383426
1 4519607
1 8155418
1 2006506
1 2817205
1 617886
1 8978729
1 7024298
1 6579941
1 4374887
1 5952709
1 3990116
1 688877
1 1751235
1 4706293
1 1351970
1 2471652
1 134276
1 8866279
1 1827582
1 8028103
1 7867
1 642946
1 8169671
1 552406
1 5263426
1 5204536
1 1551318
1 5182940
1 3905927
1 5307968
1 1602049
1 3969416
1 372947
1 4582376
1 9989862
1 9231177
1 8426854
1 2027251
1 9368246
1 7363374
1 1208990
1 120457
1 7366233
1 8793159
1 2433183
1 4374767
1 7132825
1 7676394
1 2842434
1 6119482
1 9083434
1 2153829
1 6550657
1 1593896
1 689940
1 7350693
1 6376164
1 5870515
1 6481025
1 9984485
1 6844663
1 2278980
1 6360695
1 1273729
1 8589873
1 7028122
1 2202924
1 9691008
1 2594342
1 7903813
1 3311453
1 1442863
1 4030540
1 5332722
1 4843171
1 3741294
1 1393617
1 1125970
1 312532
1 6275579
1 4900296
1 6826365
1 7455882
1 5441296
1 821085
1 6285397
1 3173830
1 900902
1 6194460
1 2366330
1 9111408
1 8759313
1 9143366
1 9042827
1 47012
1 5882512
1 8520455
1 9511909
1 703136
1 7815565
1 8929601
1 5559324
1 2667451
1 2156466
1 6387720
1 9043216
1 5737942
1 8821155
1 772333
1 7992649
1 8022190
1 2834824
1 9950680
1 7161222
1 6005365
1 9971310
1 1572977
1 6213610
1 9877937
1 6726553
1 5215578
1 3380196
1 6291796
1 5326169
1 7248388
1 8722469
1 6988066
1 5024433
1 2254157
1 3366947
1 9165145
1 5655655
1 642369
1 9614726
1 5833507
1 8127312
1 9119914
1 8848309
1 5885647
1 4765096
1 6040201
1 623924
1 3574101
1 7497964
1 8245308
1 4640147
1 5177710
1 3540057
1 5918477
1 8740454
1 8143121
1 2345397
1 7426857
1 1919950
1 1687827
1 2939243
1 5131301
1 8336208
1 8235438
1 7155525
1 4611992
1 2264960
1 8897029
1 9283812
1 4387280
1 679332
1 1264364
1 7107106
1 8541918
1 1013499
1 5302687
1 6632292
1 7104399
1 3710544
1 7118269
1 4174565
1 6790285
1 8165232
1 8222004
1 1905116
1 8183313
1 5709660
1 2829049
1 9247574
1 3635054
1 5154509
1 6049343
1 7961430
1 3566157
1 8565145
1 3262665
1 1322677
1 3245955
1 8139876
1 8927736
1 2556731
1 4630337
1 3956279
1 6237936
1 4660390
1 1054030
1 8295538
1 366249
1 1632265
1 7197324
1 2843602
1 228602
1 2194001
1 4588079
1 5360093
1 3775873
1 9932874
1 2469201
1 7908943
1 128569
1 9645504
1 3130869
1 508176
1 145471
1 642358
1 5020194
1 5980992
1 5122734
1 7955268
1 2886886
1 6498177
1 6292347
1 3476250
1 7710050
1 8497695
1 4563074
1 8575200
1 9843671
1 426956
1 8203928
1 2662797
1 5274451
1 2516203
1 7900251
1 5079470
1 3616389
1 7204423
1 4108769
1 937682
1 3410297
1 5820879
1 9767679
1 6226252
1 9684149
1 7304865
1 3890632
1 9426288
1 8151238
1 9877234
1 5854287
1 5126957
1 7789247
1 7909601
1 617239
1 5067089
1 9512132
1 834065
1 2882568
1 4328573
1 4130164
1 6141211
1 2364444
1 9920757
1 8385695
1 2022124
1 7298663
1 3366996
1 5728121
1 7025595
1 9037177
1 9582097
1 7858442
1 9329160
1 7361551
1 717996
1 3682052
1 8893499
1 8684710
1 144177
1 153131
1 4373717
1 5835193
1 4877692
1 2324547
1 6456469
1 7701873
1 7037636
1 9269366
1 6955704
1 2502184
1 1259478
1 3946895
1 3085691
1 3674771
1 2513133
1 6202902
1 5350883
1 362097
1 7240970
1 9313974
1 2830759
1 9131247
1 5255842
1 6854064
1 3510310
1 225373
1 1148051
1 1130713
1 1737185
1 5143182
1 1672621
1 9568958
1 6273560
1 6190215
1 3642206
1 1587312
1 8380710
1 4759608
1 1953501
1 182493
1 3666223
1 5495292
1 5881192
1 2227524
1 3200491
1 6747378
1 2896523
1 3800946
1 4987605
1 8588421
1 4604410
1 6339176
1 3378813
1 1224019
1 8010506
1 4871024
1 1175261
1 4033862
1 5127369
1 4452226
1 7244338
1 5918409
1 9150220
1 8687448
1 8934639
1 2139179
1 7761401
1 5086940
1 3569296
1 4239937
1 6854550
1 4932807
1 6359565
1 1313196
1 9153101
1 7468993
1 3510426
1 315560
1 8484625
1 4312035
1 4768485
1 4166086
1 5077849
1 7858077
1 2322793
1 1468948
1 4526851
1 5656719
1 930471
1 5411635
1 8109359
1 2938951
1 2791159
1 372719
1 1377386
1 9413956
1 1401296
1 6129529
1 355471
1 1079778
1 1341047
1 5531420
1 1014987
1 7407730
1 4288114
1 3370448
1 8247555
1 5017486
1 1706124
1 1658646
1 3802396
1 1467837
1 1651878
1 3573375
1 8604142
1 7424888
1 9506165
1 1866820
1 8503951
1 833113
1 573213
1 9820251
1 9292977
1 5333298
1 3717091
1 2271621
1 5593503
1 2817819
1 9432831
1 6237008
1 8459839
1 3877417
1 7813790
1 536852
1 1408203
1 4702401
1 3057991
1 963783
1 4594380
1 5153822
1 1663626
1 8061388
1 4668474
1 3034562
1 2804024
1 8932894
1 9097147
1 108980
1 1638487
1 8055898
1 146677
1 5524704
1 9916904
1 6044719
1 1512790
1 6547047
1 1743739
1 2312267
1 6908364
1 7712508
1 4865314
1 6056651
1 5976813
1 860665
1 9641598
1 4060452
1 6980999
1 1217292
1 6132793
1 7036634
1 9464428
1 1349687
1 503117
1 5730156
1 638424
1 1679123
1 7162567
1 8781813
1 6450365
1 1299507
1 3440106
1 3339881
1 2106696
1 4840759
1 3814687
1 9323630
1 7308637
1 953682
1 8159289
1 7427367
1 6966559
1 6356123
1 4572111
1 1510019
1 5956086
1 3845182
1 5212760
1 2551708
1 872327
1 6162687
1 3326969
1 1041005
1 7220749
1 7061868
1 8714211
1 6920541
1 6435280
1 6385553
1 6202368
1 3155419
1 961961
1 1379534
1 3411716
1 7212576
1 7394068
1 1576590
1 4631360
1 2056475
1 1145817
1 7967193
1 305585
1 3519294
1 8536377
1 5774035
1 7210421
1 8089678
1 6377503
1 3091081
1 3878563
1 3589410
1 3401604
1 6399676
1 3068319
1 9426642
1 6800649
1 8763801
1 5817971
1 6615794
1 2835733
1 2465260
1 3103057
1 5538186
1 2673578
1 9789286
1 9529306
1 9749454
1 1644081
1 566189
1 3307956
1 3674539
1 8263319
1 8180109
1 2321607
1 2288122
1 311329
1 892019
1 1176449
1 2457212
1 6825837
1 6417463
1 8682210
1 4647278
1 2785504
1 7151783
1 291551
1 6907344
1 9253214
1 4137278
1 5098856
1 8778395
1 8545013
1 4595875
1 3708630
1 1832343
1 8777605
1 3206710
1 2718511
1 452040
1 8749770
1 1967233
1 3152460
1 2757271
1 5122413
1 9668440
1 5629465
1 651240
1 344179
1 8627583
1 3711977
1 918090
1 2650224
1 718145
1 9114059
1 3000131
1 1404306
1 7456194
1 5352460
1 8956696
1 4941377
1 4152330
1 5755030
1 4726843
1 1094071
1 3586210
1 8714228
1 314758
1 7375829
1 8585606
1 3731370
1 91556
1 4642610
1 9018858
1 5991899
1 8085151
1 1366047
1 775101
1 3456065
1 3849055
1 5870258
1 3985617
1 8507059
1 4746977
1 8531136
1 6051863
1 686993
1 4281665
1 5034479
1 8742900
1 8937273
1 789235
1 4143465
1 5046264
1 9635280
1 486234
1 8738889
1 7131582
1 4464431
1 6800539
1 3270253
1 4479941
1 7461702
1 349666
1 2649460
1 3172321
1 445496
1 5299406
1 7069822
1 8973605
1 4869310
1 3806043
1 8482175
1 2039568
1 5249397
1 7106343
1 5892266
1 612514
1 184185
1 736866
1 6094529
1 3178994
1 7652258
1 9220197
1 5214731
1 1301312
1 7953206
1 262048
1 8106296
1 6816328
1 8282062
1 4933814
1 7580769
1 3494291
1 6756055
1 542874
1 8733678
1 1894861
1 698935
1 2521629
1 9686887
1 2710629
1 5644769
1 4756600
1 373580
1 7438355
1 8612184
1 3186066
1 3266680
1 1324167
1 6995918
1 9271669
1 6063544
1 3932015
1 5789434
1 742693
1 160606
1 4763346
1 2681718
1 4909055
1 6906504
1 2873278
1 581965
1 6515647
1 2129648
1 9895420
1 2088544
1 9617005
1 2354292
1 8718494
1 147701
1 4233133
1 8552174
1 7562473
1 5634531
1 7996524
1 659689
1 7211507
1 2598951
1 3946810
1 3082707
1 6159054
1 1920024
1 3486912
1 2071101
1 8437534
1 6177014
1 9038297
1 768489
1 3719191
1 4437661
1 8736404
1 592470
1 7518413
1 8341651
1 1348684
1 70190
1 1193427
1 4315547
1 2133425
1 8760424
1 1348904
1 2965158
1 1837776
1 3836498
1 6430318
1 5998992
1 1996602
1 6331467
1 4049816
1 3202920
1 1875024
1 5588988
1 6681977
1 3913459
1 6028515
1 9940292
1 2276633
1 5656307
1 6813326
1 4723497
1 1562669
1 3035407
1 8984245
1 8744534
1 5038112
1 5588634
1 3082691
1 4443403
1 3470054
1 6172028
1 5372797
1 4567308
1 755285
1 3218601
1 356726
1 7152961
1 624629
1 2073880
1 2275307
1 1187619
1 9325436
1 7598127
1 2545310
1 966863
1 6979248
1 7765106
1 2379027
1 2892972
1 5985187
1 2555749
1 6229229
1 4147542
1 4373836
1 6174762
1 3791992
1 6413135
1 8382155
1 1197456
1 7585623
1 2858318
1 9958104
1 1307219
1 1800168
1 4810710
1 5462526
1 4982371
1 6367642
1 9244641
1 4829788
1 2249474
1 9025141
1 1475900
1 7755507
1 9434894
1 9848781
1 4831437
1 3371637
1 1021078
1 3586555
1 7029621
1 8529482
1 4077731
1 3732668
1 8555527
1 5422037
1 6537013
1 5664349
1 8694583
1 3776744
1 221711
1 9934187
1 94857
1 7657284
1 1898000
1 8867966
1 6322451
1 2235066
1 7978873
1 2545399
1 9240059
1 6744855
1 1774107
1 4755046
1 4986887
1 5755631
1 4359934
1 2666401
1 3748856
1 983859
1 1934721
1 9667744
1 279058
1 8192309
1 3209365
1 2718732
1 6885725
1 889418
1 3523538
1 3379370
1 1206144
1 132595
1 5369742
1 9630244
1 6048391
1 4179298
1 6493109
1 4380281
1 6071816
1 4416628
1 7121848
1 8386532
1 7688238
1 9235285
1 7315184
1 1212282
1 1022651
1 9736009
1 3982285
1 4462956
1 8696596
1 6799949
1 1088619
1 1091399
1 8315614
1 4590664
1 1428329
1 8780869
1 3833774
1 6997710
1 2892240
1 792457
1 6111755
1 763743
1 4859875
1 6004413
1 2623089
1 1652676
1 1637009
1 9305385
1 2898012
1 2376387
1 4163044
1 2229545
1 7197992
1 407262
1 2167449
1 3005183
1 1006049
1 4856201
1 8055707
1 9477832
1 752320
1 884746
1 6848868
1 1190052
1 4425943
1 2447431
1 4830260
1 3007422
1 5127957
1 3594497
1 5367758
1 1369350
1 4679422
1 3549835
1 1513029
1 7429803
1 9451686
1 3057114
1 5223469
1 2871787
1 3590056
1 3836891
1 5329783
1 6902943
1 8906773
1 2105615
1 3338721
1 2689456
1 3950369
1 6566840
1 512259
1 9534369
1 2834530
1 8708898
1 7391171
1 4038097
1 1663301
1 9199098
1 7003339
1 2364458
1 8106942
1 6932957
1 9822746
1 2437106
1 2626515
1 923197
1 778729
1 7698151
1 494821
1 1126519
1 7047750
1 6472345
1 6283902
1 9542288
1 4331512
1 1329541
1 9526812
1 2870490
1 2553350
1 526524
1 6483132
1 8082849
1 2411948
1 6042853
1 3802443
1 1369534
1 7033803
1 9177512
1 1715156
1 9640969
1 5973778
1 5683592
1 5549564
1 9266528
1 9222378
1 1161167
1 5922958
1 73447
1 3813927
1 6595459
1 476572
1 3703054
1 203967
1 3726080
1 5795055
1 3023909
1 380513
1 1677820
1 7483490
1 9061284
1 4781791
1 344110
1 3289769
1 2297395
1 6365397
1 9218767
1 9582581
1 3921589
1 6535882
1 8485720
1 5803462
1 9483315
1 1602136
1 5262417
1 8317575
1 7101226
1 8995796
1 2573593
1 7125051
1 3126486
1 3418577
1 1031815
1 6208981
1 7738080
1 1189760
1 768032
1 2353809
1 6755613
1 9865516
1 5449126
1 7235733
1 3251776
1 9944247
1 7795457
1 61292
1 4546980
1 7154626
1 3539747
1 1055296
1 4341176
1 144792
1 4019123
1 541666
1 2531113
1 9162177
1 8246477
1 4405679
1 9516874
1 9485172
1 6521068
1 4544096
1 5246749
1 8620916
1 2532059
1 8089389
1 8861636
1 355617
1 8740416
1 704514
1 4095330
1 6745032
1 5031375
1 2517646
1 4549248
1 1041831
1 9492635
1 363146
1 678682
1 2001537
1 5175533
1 6654165
1 5625373
1 3926068
1 4925181
1 1458042
1 1421713
1 2595793
1 7127437
1 2127879
1 8948429
1 6962660
1 6383243
1 3120252
1 9714570
1 6411216
1 8632543
1 6903103
1 2338156
1 1094307
1 5107911
1 2715487
1 3972408
1 846751
1 5308805
1 6387790
1 9742860
1 3084205
1 5541268
1 3686020
1 6620936
1 9656302
1 9905866
1 9813460
1 4820909
1 2259880
1 7136092
1 9837085
1 5296760
1 2963943
1 8818652
1 6212737
1 7400832
1 3547357
1 3927498
1 3448445
1 3568581
1 142301
1 754472
1 1348050
1 1322121
1 7648894
1 5353708
1 981157
1 1178504
1 6422369
1 3825737
1 3569884
1 9095198
1 3819312
1 7075126
1 5739183
1 9328910
1 349334
1 7727361
1 7732492
1 4686117
1 7742783
1 6670819
1 3277232
1 6604083
1 1336659
1 1198610
1 4288567
1 3523142
1 2283723
1 2057869
1 6473827
1 7934714
1 6368133
1 2073381
1 8513253
1 7695914
1 8458613
1 8615343
1 180334
1 2786069
1 1736593
1 3097207
1 4821052
1 4818057
1 9985649
1 8148482
1 770243
1 6680319
1 1018256
1 3502769
1 6959404
1 6501115
1 282117
1 2984876
1 1437640
1 4207518
1 5392490
1 5324353
1 5112964
1 883016
1 8349655
1 1871824
1 8984425
1 947153
1 4888924
1 9605711
1 1688416
1 3592689
1 7805915
1 5168348
1 3779317
1 6432806
1 9088359
1 8884225
1 8724236
1 8925352
1 3584663
1 7340388
1 7785309
1 8427097
1 9453795
1 5000262
1 2080183
1 8646858
1 9445997
1 451770
1 3717045
1 7160787
1 5318665
1 3374582
1 8222562
1 5260531
1 4269533
1 6179750
1 9869535
1 9232274
1 836439
1 4958186
1 7450018
1 1923914
1 7483857
1 1310264
1 1877606
1 9000276
1 1909776
1 3770381
1 2942937
1 4519652
1 7475297
1 1349645
1 3978272
1 2005216
1 4244338
1 3796228
1 3016906
1 1789611
1 1901225
1 8833105
1 1127042
1 3570060
1 3801683
1 4287529
1 9981361
1 9251157
1 3009741
1 8484506
1 2802482
1 8938298
1 5325714
1 8560372
1 4588091
1 2509065
1 5505670
1 780704
1 6706208
1 7756775
1 1806557
1 4876841
1 331692
1 2690189
1 3607684
1 406699
1 5300343
1 2579942
1 7722929
1 2740683
1 9262454
1 6646094
1 7996880
1 9068399
1 6137690
1 2288310
1 9803410
1 9021005
1 1002767
1 559491
1 3758648
1 2341078
1 4445499
1 5332908
1 5735053
1 9871659
1 1254763
1 1375951
1 8992349
1 6282216
1 8616565
1 7493656
1 5901212
1 6796215
1 4071513
1 8726384
1 5015965
1 9286735
1 458776
1 2504106
1 3239094
1 7768989
1 5112018
1 1469183
1 9923516
1 118800
1 1418007
1 3454209
1 1699161
1 5429690
1 7435730
1 9931449
1 5412043
1 2577389
1 3457282
1 4135456
1 4185599
1 7194743
1 7559123
1 6492484
1 9625838
1 9815753
1 1201377
1 3544313
1 4732082
1 2788129
1 4054294
1 6950834
1 1639624
1 3455050
1 2230113
1 5464675
1 5914466
1 795785
1 904279
1 3548273
1 5804834
1 5980572
1 2364388
1 7473266
1 2962640
1 5224955
1 5905282
1 9207044
1 4853787
1 8144203
1 6518584
1 8097510
1 8224930
1 9170356
1 5426258
1 3210509
1 2733439
1 6740083
1 7742371
1 5444878
1 3878620
1 6763772
1 4831979
1 9786553
1 568780
1 4260486
1 893620
1 1233383
1 1811932
1 3186855
1 3993646
1 89247
1 7683005
1 2740456
1 456131
1 263296
1 4324398
1 9914513
1 3618346
1 1899592
1 1156356
1 8332320
1 6628444
1 9748114
1 939083
1 652540
1 6762935
1 8667988
1 4078900
1 9449309
1 4648594
1 6220236
1 189765
1 290713
1 9904232
1 3812828
1 5678789
1 3677168
1 8007815
1 8995240
1 3843464
1 4360574
1 4882371
1 5745089
1 1797294
1 4416039
1 3522253
1 2705462
1 1639463
1 4679865
1 3448941
1 4233950
1 1367969
1 2908146
1 9973593
1 9449892
1 1887787
1 5471751
1 6135234
1 3479616
1 6478288
1 3935651
1 1299709
1 345841
1 8420058
1 2253280
1 5852060
1 5413761
1 8472637
1 8784115
1 5660117
1 2091637
1 1941304
1 609425
1 8423377
1 762914
1 4964372
1 6725602
1 672825
1 2193009
1 8206047
1 7276620
1 5041853
1 5779052
1 531938
1 3839248
1 5138725
1 2834528
1 4019855
1 8157450
1 5255559
1 6764613
1 2268770
1 6219375
1 3002551
1 3988287
1 2912781
1 2124032
1 3928541
1 9534476
1 9700806
1 6183143
1 2421026
1 7924419
1 7972057
1 8333548
1 8549198
1 8956093
1 9778653
1 9735942
1 9012873
1 1206332
1 9233577
1 5435044
1 7695989
1 255913
1 9204403
1 3982807
1 2646431
1 664416
1 6065723
1 8558832
1 4446127
1 2309075
1 9358388
1 5827309
1 97893
1 5753118
1 7053963
1 3604395
1 8806143
1 3177037
1 5683233
1 7329721
1 5665633
1 3894747
1 315932
1 9625384
1 230982
1 8973445
1 5851342
1 3466722
1 6409309
1 77135
1 4156831
1 7444751
1 3932240
1 4344352
1 875365
1 3981389
1 8298081
1 1904863
1 1386271
1 5713180
1 2268499
1 2070605
1 5615964
1 2075748
1 4799055
1 1335950
1 4360784
1 4004716
1 6158783
1 4652255
1 3774698
1 3896234
1 5515982
1 5104134
1 2224615
1 6933805
1 2232332
1 2085680
1 5685897
1 5370833
1 8576392
1 2627442
1 575363
1 3228359
1 6909375
1 3660132
1 2827686
1 2601347
1 5322093
1 3162608
1 6049516
1 2810427
1 3525048
1 2535341
1 126119
1 1189385
1 3659500
1 2710439
1 2013105
1 7611543
1 2317305
1 8725233
1 7873192
1 935419
1 5242850
1 8510303
1 7808047
1 8905993
1 8266275
1 8028208
1 1821773
1 2315842
1 760796
1 9964897
1 1295461
1 7366955
1 4532839
1 3963863
1 4487612
1 3965468
1 3181466
1 6827093
1 1957507
1 7790028
1 180753
1 2771827
1 6144394
1 1441336
1 4476294
1 3856173
1 6472776
1 4341710
1 4906227
1 3351490
1 5023324
1 1773224
1 8234783
1 6741025
1 2788335
1 9873011
1 7023400
1 5219088
1 1651335
1 3093621
1 3256140
1 8885147
1 228610
1 3416035
1 9664258
1 662635
1 2896307
1 8366577
1 1197040
1 5373530
1 7325717
1 5645874
1 2532857
1 1906285
1 1019247
1 4694008
1 3397710
1 5864667
1 1990459
1 7844114
1 5757330
1 2039499
1 6875845
1 1508687
1 7589809
1 1571296
1 2564586
1 2832672
1 1738040
1 1171538
1 3667091
1 4981043
1 5590397
1 1115228
1 2009581
1 5485444
1 8973032
1 7022010
1 7459613
1 1305392
1 2236394
1 102331
1 2069355
1 1601657
1 2395604
1 6826191
1 1683883
1 1228737
1 8216670
1 9718943
1 71099
1 5336306
1 7861783
1 7581781
1 7879239
1 8596821
1 5763363
1 4969374
1 3029199
1 6827726
1 2222750
1 8926158
1 7377024
1 6098862
1 4020602
1 8984515
1 6822134
1 2323202
1 3754811
1 2422084
1 98837
1 4806668
1 1090760
1 7698599
1 2656628
1 8950986
1 5360748
1 6635993
1 6392473
1 7201389
1 9434600
1 5768758
1 6470544
1 8788636
1 7102850
1 649464
1 2559446
1 1319685
1 6953546
1 4304248
1 8124953
1 9978626
1 4570762
1 3372031
1 177306
1 2863799
1 1359373
1 1282022
1 5102198
1 5979835
1 6615505
1 5342113
1 5424661
1 6578634
1 174054
1 3062977
1 4564654
1 432535
1 3832430
1 1960417
1 4695622
1 5587869
1 5252355
1 8218102
1 8552486
1 9060629
1 9069830
1 9842968
1 856485
1 601306
1 5068771
1 4852222
1 7329054
1 6863849
1 5025334
1 5993336
1 438477
1 9632167
1 7479798
1 6854545
1 1288462
1 3401146
1 8909533
1 5467395
1 7151212
1 9429302
1 4188395
1 2797581
1 3498465
1 3308564
1 2859715
1 6563918
1 3589936
1 4174508
1 8292823
1 4900413
1 4566546
1 5445477
1 7884566
1 4195599
1 2715385
1 1542463
1 343516
1 4634498
1 5062735
1 5333956
1 7227973
1 7197028
1 9218275
1 2448076
1 2768402
1 7847523
1 9843014
1 4691782
1 7512102
1 330030
1 5549834
1 243865
1 1356689
1 2027067
1 4341293
1 9172358
1 7633282
1 9324837
1 1197930
1 8983835
1 2183157
1 9162081
1 9827425
1 5518167
1 4626218
1 3864361
1 757363
1 8662217
1 3810326
1 208642
1 5499909
1 9254660
1 6629782
1 9756794
1 4432120
1 7327407
1 763924
1 3366080
1 4645115
1 3692624
1 4240610
1 7017297
1 5881922
1 9962115
1 3503305
1 9596280
1 4933275
1 2476020
1 232632
1 6636336
1 5644789
1 8419911
1 1340950
1 6552927
1 8557351
1 5477122
1 7970889
1 8797040
1 3620265
1 9486337
1 4837351
1 8465329
1 6059509
1 9395648
1 8720513
1 651782
1 2179591
1 2686940
1 7757562
1 1557028
1 4852899
1 551685
1 6875203
1 6154362
1 6130582
1 2701570
1 962595
1 6536875
1 8097121
1 7463986
1 1017271
1 4887325
1 3869108
1 306557
1 9671027
1 9643149
1 9860989
1 9376147
1 3629324
1 593194
1 8950972
1 1787358
1 7269789
1 704129
1 3702865
1 4230266
1 4306566
1 9230824
1 4861821
1 4204429
1 2462260
1 2016863
1 7382971
1 1401314
1 1964555
1 2015404
1 7079246
1 3938537
1 6078635
1 3039160
1 4719579
1 7721407
1 8378711
1 904881
1 6472147
1 2117871
1 2664710
1 6272191
1 3383829
1 1323222
1 3415215
1 438698
1 2449424
1 8548386
1 3604518
1 5638888
1 9531744
1 93047
1 2655093
1 3903452
1 8523699
1 307752
1 8589390
1 7139428
1 9208214
1 244203
1 9131509
1 6119539
1 5076388
1 1597825
1 5695235
1 3087609
1 7357844
1 7486223
1 4213701
1 8742852
1 5005401
1 6807241
1 5190001
1 8657351
1 9086266
1 7011904
1 3981242
1 5220726
1 3753584
1 629154
1 3567708
1 9070323
1 7305167
1 592636
1 9938930
1 1610635
1 7371410
1 9094041
1 348307
1 3473956
1 3493419
1 9070800
1 7696929
1 9146682
1 1488655
1 6480476
1 8049811
1 1163188
1 4687077
1 6482955
1 9235613
1 7956660
1 4806519
1 6182443
1 302255
1 7853133
1 1650720
1 7426295
1 1567016
1 1859107
1 3807925
1 1949273
1 1304505
1 2547637
1 6564276
1 8735802
1 804450
1 2579276
1 7515551
1 6549854
1 8626853
1 9961768
1 5900012
1 1268301
1 136927
1 3716254
1 3592204
1 7297148
1 5705482
1 9157670
1 1170546
1 5805278
1 5960439
1 2001498
1 37607
1 4247081
1 9603330
1 8839979
1 4717712
1 6128733
1 5312726
1 9360569
1 2703664
1 1674005
1 8396674
1 1356763
1 268051
1 7359285
1 3890558
1 992515
1 1653155
1 739091
1 4327876
1 4256140
1 5146514
1 7302818
1 1327565
1 219952
1 4177377
1 7368704
1 3408895
1 8950414
1 9755437
1 9516815
1 8462341
1 9044839
1 5563902
1 7081349
1 9131116
1 487426
1 3237391
1 1291525
1 6611483
1 3015978
1 8308480
1 2741519
1 2081387
1 4361479
1 4636727
1 6537025
1 2656874
1 7964058
1 5295409
1 9533248
1 1939844
1 2586246
1 1381508
1 2580448
1 7300438
1 6407984
1 1220039
1 2872546
1 1515273
1 2354990
1 5394622
1 1016133
1 2459468
1 5903772
1 5195708
1 4732573
1 5643886
1 4666740
1 365932
1 4295141
1 4592794
1 1364624
1 278942
1 9582943
1 4744818
1 2306659
1 9240714
1 5575469
1 3611287
1 6023313
1 5544888
1 6294926
1 3400856
1 1351315
1 6633313
1 3979496
1 8466620
1 4868297
1 6721215
1 4935769
1 3694996
1 620466
1 8657222
1 8528860
1 5906455
1 4765445
1 2323775
1 9352071
1 5607601
1 5531864
1 2074808
1 8405340
1 6854056
1 8714910
1 6274088
1 7359670
1 6300453
1 8075506
1 4900670
1 5134942
1 1345129
1 7230850
1 7319630
1 8589541
1 7044074
1 3183427
1 557412
1 6801813
1 304544
1 7030720
1 4529221
1 2163941
1 1039954
1 7906425
1 6999217
1 2809554
1 6497313
1 8608533
1 8778768
1 9342679
1 5588677
1 5997678
1 3083422
1 7689122
1 5485070
1 1646614
1 1361512
1 4420317
1 8577486
1 4285071
1 2569917
1 7832947
1 8053507
1 266960
1 1122082
1 4636017
1 2525077
1 9592184
1 8337559
1 4025985
1 4525164
1 459132
1 2485981
1 9109897
1 3147743
1 5006159
1 8036100
1 8554870
1 6794445
1 2436259
1 5326013
1 69763
1 8004593
1 3740273
1 7465689
1 5916713
1 7138430
1 9823473
1 7751211
1 6973059
1 7790269
1 7939857
1 143363
1 6534612
1 890270
1 7439725
1 2317215
1 498812
1 5997835
1 9655912
1 5019646
1 8785365
1 8777582
1 1841443
1 6200404
1 2422575
1 2589648
1 8362801
1 3869251
1 2849018
1 4731906
1 128598
1 3331866
1 236078
1 2325168
1 8950189
1 5338962
1 1467579
1 6770465
1 4624979
1 1513528
1 3518318
1 1769315
1 1800329
1 4386612
1 7050884
1 94647
1 3909227
1 2815562
1 3774643
1 5925606
1 9854662
1 7890319
1 7082162
1 5596069
1 8637223
1 1502623
1 7472334
1 9532022
1 5986583
1 146590
1 3785604
1 5360482
1 7093426
1 7823095
1 8896008
1 7691079
1 7301418
1 6628680
1 1815517
1 9226274
1 4510360
1 5233485
1 3900868
1 9105301
1 2561040
1 9602337
1 5937207
1 5111383
1 7986328
1 1677951
1 9257048
1 611519
1 4295784
1 7406792
1 5597097
1 8942358
1 3714299
1 7153015
1 9478499
1 6637771
1 559549
1 1950257
1 6275765
1 5904550
1 5131310
1 2927224
1 4222348
1 9154845
1 9825850
1 9556487
1 7846075
1 1489697
1 7925283
1 4227744
1 5619742
1 7452585
1 6646218
1 7423110
1 2977409
1 2870779
1 5179703
1 1308323
1 8101678
1 1634316
1 662122
1 692610
1 2605415
1 9844726
1 5843941
1 710464
1 3927720
1 1442348
1 4077436
1 1658028
1 7957591
1 5533898
1 9429791
1 8187044
1 6585766
1 8708213
1 2280617
1 1838068
1 7393642
1 6712558
1 8108355
1 4373196
1 2073585
1 9950148
1 1447343
1 7738210
1 8080804
1 3491880
1 6548314
1 4306775
1 2705212
1 1505700
1 1542564
1 3062216
1 9800763
1 4312691
1 5051271
1 2830073
1 7471920
1 6652983
1 7522731
1 5830044
1 8227458
1 9445311
1 1625974
1 5409021
1 9379908
1 5620021
1 6543177
1 512440
1 1530691
1 7141467
1 805488
1 4011131
1 511414
1 3051090
1 1878179
1 4970487
1 1898218
1 4280849
1 5729469
1 1046775
1 9271075
1 7107025
1 804041
1 2377773
1 2278976
1 5193360
1 483451
1 814245
1 5315325
1 5679725
1 5928860
1 1409587
1 9372980
1 8412568
1 7005335
1 6182096
1 6466758
1 5112812
1 762077
1 7731011
1 5889644
1 2456305
1 1720335
1 3612968
1 2318400
1 8960564
1 8796573
1 8449760
1 1712054
1 4167207
1 5914799
1 7103403
1 2183094
1 6376100
1 6153131
1 646861
1 297267
1 1447028
1 4640513
1 77446
1 900319
1 3566538
1 3424424
1 5767802
1 186740
1 2499630
1 7884969
1 1688604
1 4143325
1 3835176
1 8630173
1 8111168
1 4960313
1 8382923
1 9622178
1 3063738
1 2215941
1 2000068
1 9449621
1 9845538
1 2214371
1 5872360
1 5467691
1 8610404
1 8429618
1 6563680
1 8522885
1 7585536
1 4444156
1 7363402
1 5496700
1 6624342
1 3118379
1 5905518
1 5838415
1 3468022
1 951880
1 4976554
1 9033100
1 4013547
1 5050107
1 503902
1 3147749
1 7626474
1 7370953
1 3801074
1 4305904
1 6449585
1 1259215
1 5174069
1 4527453
1 5742975
1 3799647
1 9210397
1 7562285
1 8986361
1 5906251
1 15788
1 1807868
1 4128271
1 5151599
1 1197470
1 8967253
1 8512468
1 9945631
1 8120258
1 1311576
1 4503911
1 4208281
1 1820737
1 4387806
1 1504525
1 727419
1 2976696
1 6496611
1 735555
1 1831240
1 2158831
1 7052737
1 2127407
1 2600493
1 9255474
1 826551
1 1423753
1 4454982
1 1136475
1 2165982
1 4821897
1 8215778
1 768204
1 8867177
1 7396509
1 8697395
1 6211180
1 5573198
1 1751632
1 2584851
1 3733805
1 4556632
1 3140267
1 7332741
1 6151096
1 6805274
1 3169631
1 8110927
1 1650799
1 247210
1 4954972
1 6699081
1 6664655
1 7268356
1 8199720
1 7842946
1 7506737
1 7575786
1 6257093
1 244833
1 2498148
1 2033479
1 3784849
1 5598326
1 4662929
1 7088983
1 1643180
1 3205269
1 4621656
1 3809755
1 4375309
1 8122484
1 7094171
1 2738973
1 8373191
1 6821482
1 9406526
1 1684614
1 8026653
1 9623842
1 3481599
1 8802614
1 3676518
1 5087143
1 5425069
1 4817254
1 4116493
1 2715896
1 8711758
1 9517742
1 5719833
1 654827
1 4478854
1 1913779
1 7789752
1 8021501
1 9248778
1 8027947
1 610649
1 2902378
1 816727
1 1084893
1 4694534
1 3131621
1 5453181
1 9771625
1 5251662
1 5570539
1 1295365
1 877461
1 9322082
1 5548171
1 7988904
1 7172464
1 7678640
1 8554360
1 9057533
1 1957002
1 148538
1 4475577
1 7686593
1 2797484
1 9498192
1 664172
1 8698043
1 8555157
1 8452809
1 8927731
1 5370682
1 6422715
1 9025293
1 4323019
1 3446438
1 3591182
1 2749097
1 8277784
1 2729191
1 3719
1 8495533
1 8561434
1 4487886
1 3278617
1 9380321
1 6883173
1 901316
1 8260143
1 2424397
1 7358240
1 3997500
1 5003015
1 4717678
1 9453391
1 2705516
1 2917201
1 8778860
1 5358815
1 2860833
1 9720287
1 4678187
1 2252851
1 4807234
1 6188860
1 5909285
1 429530
1 6122999
1 2925878
1 8877809
1 5833141
1 5842410
1 4057900
1 634653
1 8773946
1 5968167
1 819944
1 4420610
1 6677680
1 1634729
1 5616030
1 3676082
1 320048
1 6418043
1 9176534
1 7051353
1 4195895
1 1866777
1 3283977
1 8904210
1 8754319
1 2749863
1 9530875
1 9273786
1 3501674
1 3489881
1 3240097
1 6451225
1 7913276
1 3357331
1 6030947
1 6685397
1 5818940
1 5555181
1 3781893
1 784132
1 8950422
1 1346714
1 4336155
1 206834
1 8945943
1 4561229
1 2854551
1 9634681
1 6988664
1 6132111
1 4442574
1 489659
1 1835601
1 7995458
1 8065264
1 7233849
1 2658678
1 669640
1 1269502
1 24630
1 8043378
1 6791796
1 7186629
1 4023671
1 5801401
1 2309731
1 1620866
1 5375213
1 4575108
1 4465355
1 9412100
1 6661607
1 8581300
1 6056862
1 1634771
1 7705883
1 3554166
1 7019301
1 2590104
1 6798586
1 3930595
1 5944909
1 5447603
1 1491052
1 2598767
1 4807880
1 2577515
1 6473559
1 4235515
1 6029949
1 9594443
1 8594814
1 4421528
1 3639329
1 5372831
1 5449355
1 2002086
1 4698354
1 9909142
1 7904736
1 4689977
1 5261545
1 6909221
1 1178482
1 7336184
1 9728040
1 4885355
1 8717902
1 6832025
1 7973878
1 5319804
1 1581092
1 5035589
1 2639589
1 6810970
1 8862186
1 8464147
1 6906050
1 1180809
1 8862418
1 4259552
1 1428412
1 250891
1 2642502
1 945035
1 1096697
1 7923553
1 6594166
1 8831027
1 2305825
1 6908737
1 7202233
1 3160201
1 3735220
1 3185177
1 9065545
1 8838652
1 5561065
1 234279
1 1607132
1 1540543
1 7263910
1 3841557
1 1590375
1 5550810
1 6911524
1 916196
1 3320743
1 2622448
1 8675358
1 3626640
1 6831619
1 4972379
1 6130793
1 6713972
1 2129131
1 7339914
1 7467635
1 263363
1 8947233
1 2093115
1 2111099
1 658360
1 9625487
1 7698319
1 1236589
1 6617691
1 1339793
1 9950112
1 6877880
1 9404803
1 649427
1 4505081
1 910643
1 9059931
1 3599956
1 2190242
1 7859315
1 3762959
1 8817395
1 6797919
1 7324379
1 2841103
1 1478284
1 2359478
1 2655903
1 3507696
1 6618765
1 142809
1 6652557
1 3540835
1 4956283
1 8330083
1 8203805
1 8348961
1 6592729
1 8616268
1 7963233
1 2716748
1 6605440
1 8330549
1 3729867
1 5579503
1 8836713
1 2348122
1 5434021
1 760051
1 5400102
1 2814293
1 2703127
1 6097384
1 159091
1 7097192
1 8750088
1 8912161
1 8732708
1 1820815
1 8117544
1 9173221
1 1928706
1 9692574
1 2009668
1 5229125
1 5742618
1 8034224
1 1245439
1 2564071
1 9350156
1 1307760
1 8614202
1 804678
1 6218012
1 3585338
1 3807082
1 651941
1 1718849
1 8389177
1 637505
1 4025248
1 9226651
1 9727691
1 3945166
1 7709094
1 2556871
1 1897760
1 166369
1 8673794
1 6940436
1 3373534
1 7531438
1 2637653
1 3633282
1 7666847
1 763842
1 779468
1 7751974
1 9026822
1 3744920
1 5249490
1 195721
1 5058304
1 8024509
1 916946
1 5232189
1 5018025
1 6469829
1 1011782
1 5537411
1 1507608
1 1382817
1 3499894
1 7031362
1 8571147
1 7081217
1 1733787
1 100165
1 9472714
1 5197302
1 3932254
1 877598
1 8790886
1 1663486
1 3355692
1 7886380
1 3051551
1 2569948
1 4249198
1 6772639
1 7150692
1 460162
1 4280056
1 4378722
1 2094701
1 6615318
1 5826144
1 7751614
1 4944776
1 2493018
1 3090947
1 458887
1 8170939
1 4025610
1 2236225
1 2066647
1 7091041
1 592279
1 5647018
1 1172808
1 1982907
1 5660974
1 2638111
1 7663305
1 3838115
1 80763
1 20913
1 2429036
1 5171766
1 8702599
1 9995209
1 7267362
1 2882855
1 5171686
1 5392108
1 3679653
1 9308943
1 4055981
1 676663
1 6062171
1 9057874
1 9543156
1 1440514
1 8716036
1 7677434
1 1187526
1 7002626
1 8995982
1 6785160
1 8216165
1 6803190
1 9462185
1 4744172
1 2116408
1 4854255
1 2326244
1 8185011
1 1190147
1 6238037
1 1673482
1 3396275
1 3451310
1 3650739
1 8189830
1 4998639
1 3658929
1 7712398
1 1124987
1 1183840
1 7877431
1 8776184
1 6202927
1 1141957
1 7938200
1 102003
1 4556880
1 6217493
1 8298389
1 1253524
1 2041065
1 5298181
1 5710389
1 5935543
1 5622980
1 5643589
1 3525806
1 165112
1 5799788
1 5697499
1 7337044
1 9352357
1 956891
1 4604772
1 9196202
1 7451210
1 1790417
1 4270617
1 8149506
1 3021534
1 2453192
1 6267967
1 118588
1 3432695
1 3841822
1 502129
1 35430
1 2174174
1 8553438
1 37587
1 2304446
1 3775749
1 4601445
1 925783
1 8240191
1 7908548
1 4832692
1 6838307
1 9945833
1 7500738
1 2812546
1 497486
1 7173484
1 6722669
1 6823475
1 9509316
1 5161350
1 8474869
1 7048807
1 6183432
1 7073862
1 8625464
1 5105956
1 4562691
1 9544174
1 9099798
1 7699067
1 2562435
1 1600297
1 604299
1 3512708
1 9142702
1 1130102
1 7509688
1 3064182
1 4818956
1 425641
1 4989434
1 1263802
1 7188725
1 4187619
1 4921598
1 5657507
1 7643744
1 5461123
1 4193582
1 2086827
1 5351732
1 4342396
1 6062483
1 1681469
1 5861385
1 1836443
1 110099
1 136723
1 2852140
1 4921804
1 7163652
1 8770195
1 7618371
1 9627747
1 8179056
1 3433579
1 8045065
1 2245529
1 1016227
1 3701346
1 581002
1 3736296
1 9173751
1 3814206
1 4801722
1 1099683
1 9380736
1 2121409
1 8572764
1 3962941
1 9599007
1 3209346
1 1173693
1 2885312
1 8210585
1 6330146
1 9034127
1 306554
1 6325282
1 7349934
1 3617585
1 5922728
1 2277987
1 3588620
1 4953574
1 6925236
1 2909636
1 5609274
1 8852532
1 5616221
1 8363065
1 7163654
1 1734825
1 8346692
1 6937631
1 4404573
1 7281357
1 8401443
1 5926115
1 9096909
1 2076854
1 2572875
1 3594460
1 5935396
1 9320186
1 985127
1 8079441
1 2815970
1 3419016
1 2909168
1 372085
1 1870825
1 8420986
1 6171006
1 4179414
1 9077735
1 3528590
1 7474954
1 6355733
1 9741637
1 6468782
1 7533998
1 3327593
1 9179155
1 6524
1 1117556
1 423584
1 8346971
1 1120526
1 4659596
1 855353
1 9261433
1 2812669
1 7420588
1 3483155
1 1914413
1 7024616
1 5557245
1 9098503
1 6628881
1 2786986
1 3652074
1 3428159
1 3141620
1 3638976
1 3742098
1 9312216
1 8136659
1 1955909
1 6759127
1 8929786
1 7097834
1 8230367
1 6975454
1 569035
1 4585640
1 9012257
1 9935356
1 4775412
1 7687092
1 5358881
1 7109457
1 6647575
1 8604178
1 9814562
1 1501157
1 3670642
1 1328996
1 9118757
1 8384187
1 556013
1 7998911
1 1549681
1 4546188
1 5209830
1 155070
1 9855995
1 2389738
1 4003363
1 5779012
1 5699674
1 1469418
1 1778592
1 9753758
1 4692645
1 3083926
1 930693
1 1099237
1 2653167
1 6457024
1 7405871
1 2017035
1 1197635
1 3576821
1 3105532
1 9899838
1 1455191
1 389473
1 3409233
1 8678545
1 9591718
1 5487845
1 9769918
1 7596017
1 1963059
1 2296256
1 5540351
1 6499580
1 2419548
1 3687056
1 886722
1 1291818
1 857644
1 4227718
1 9337237
1 3160624
1 5155964
1 7553784
1 2140991
1 1114669
1 8425500
1 8792438
1 5510815
1 6295742
1 1162086
1 9899700
1 3851154
1 4455865
1 4381015
1 4351082
1 5969196
1 6126002
1 2365726
1 1963309
1 8513950
1 2671581
1 8246023
1 7063432
1 2728793
1 2180327
1 4194514
1 4584992
1 8462835
1 9156985
1 353812
1 6641308
1 1273970
1 5319103
1 5398305
1 6959521
1 131061
1 927447
1 1222648
1 3849606
1 4179065
1 7789989
1 9211252
1 8296681
1 5369961
1 5188627
1 9196588
1 7836013
1 5851574
1 8331719
1 4775955
1 8816547
1 6113823
1 2676524
1 6947425
1 7431860
1 3001281
1 9847670
1 7744958
1 6433136
1 5646799
1 1251723
1 4369710
1 578686
1 2237238
1 5773807
1 7917630
1 8710468
1 7195836
1 3553115
1 8266086
1 3406559
1 1026938
1 5204887
1 8659987
1 3644654
1 9961901
1 1204285
1 7617320
1 9718580
1 1401769
1 8169500
1 4635152
1 4688919
1 4340186
1 4885052
1 4443385
1 5185172
1 1114607
1 3197343
1 7506592
1 8013482
1 1254854
1 1679668
1 256975
1 6547054
1 9605932
1 7317999
1 5227035
1 357261
1 6898344
1 4925650
1 1986338
1 4646302
1 8543591
1 7161001
1 3992964
1 5199219
1 1997976
1 1293938
1 2388622
1 7090782
1 6964918
1 5542207
1 684480
1 4882571
1 2396289
1 8656664
1 116629
1 4536486
1 9863478
1 5303219
1 7242229
1 3477546
1 3485761
1 9649773
1 5947383
1 9475801
1 4257448
1 8854981
1 8915933
1 501689
1 1611804
1 6728360
1 5800898
1 6570843
1 233868
1 100911
1 1538967
1 4947093
1 8350223
1 7105302
1 7777021
1 6056419
1 1022380
1 438629
1 9021183
1 7718429
1 3737971
1 5443047
1 1080529
1 6916700
1 7536010
1 6645832
1 7124288
1 8356492
1 6147488
1 6901235
1 1009917
1 3817347
1 1285937
1 4423149
1 3988945
1 8539522
1 4233101
1 1835207
1 3966174
1 9043889
1 566843
1 7563376
1 2977062
1 9438267
1 8197136
1 406169
1 6070099
1 6488671
1 6021919
1 8102729
1 2690097
1 7562904
1 6153360
1 3554986
1 2841621
1 1702962
1 6534586
1 8242067
1 9517782
1 2978786
1 4628663
1 9546088
1 3657731
1 7003808
1 8584725
1 3071937
1 7128682
1 1111001
1 3912751
1 4207863
1 6923386
1 530159
1 6196882
1 3341014
1 1709235
1 8006560
1 8922788
1 8942690
1 8111915
1 6659946
1 4268233
1 9265717
1 6190020
1 8789227
1 3839117
1 7171016
1 15696
1 2887870
1 4655307
1 8967752
1 3457101
1 6067797
1 6364283
1 8041995
1 7004711
1 1236958
1 9306804
1 3423393
1 7116736
1 783251
1 4362198
1 3376557
1 8450230
1 404409
1 7331130
1 471777
1 8815321
1 2035367
1 5530364
1 7613076
1 7437460
1 2008752
1 1483749
1 2620939
1 4806973
1 9959476
1 8075871
1 4689908
1 8937644
1 5114634
1 7001264
1 3115433
1 451064
1 1674851
1 7171141
1 9210698
1 2006605
1 9525712
1 3968799
1 1861543
1 9034263
1 2912
1 1326249
1 7672899
1 2094483
1 7650300
1 7870325
1 1680431
1 819284
1 2100983
1 5161749
1 3854638
1 3300008
1 3516154
1 8041742
1 4399094
1 4076638
1 1544597
1 9697435
1 804830
1 533852
1 1350585
1 5717409
1 2596417
1 7381856
1 6405197
1 5633942
1 2232356
1 1970016
1 1456643
1 6594569
1 1559187
1 856707
1 6635532
1 3258
1 4051480
1 4362360
1 7199025
1 4083009
1 4290062
1 2284587
1 576076
1 7734582
1 5654414
1 4299818
1 9595115
1 3980259
1 7523613
1 9248129
1 8832658
1 7575749
1 2921901
1 762022
1 2162969
1 2541722
1 9536188
1 9423596
1 5455739
1 6447329
1 7565232
1 6719166
1 3905920
1 1688716
1 3487059
1 6537897
1 6816031
1 5341217
1 6429934
1 4317086
1 490512
1 2867073
1 420465
1 3513143
1 9718635
1 5307577
1 430343
1 7209600
1 5137369
1 6877838
1 41419
1 2914768
1 8950188
1 1725361
1 9527917
1 4555057
1 666068
1 6130643
1 891783
1 4830443
1 8750961
1 1101833
1 5826811
1 9847296
1 2496324
1 4432534
1 2688523
1 1056064
1 1106770
1 9879948
1 6866452
1 976736
1 6455976
1 3268572
1 6766557
1 6782249
1 7868407
1 860966
1 1728399
1 2984579
1 6264353
1 7023130
1 9971300
1 4725102
1 8267734
1 856250
1 2177393
1 2253927
1 6617669
1 7523614
1 3429299
1 4904229
1 6515225
1 703043
1 4887099
1 9928242
1 3024381
1 981012
1 7958418
1 6855511
1 71639
1 7653244
1 4202345
1 5032820
1 9508625
1 6179603
1 8333398
1 1629724
1 2355289
1 1766453
1 7223166
1 7525287
1 8670692
1 5351616
1 8990033
1 8587785
1 7331262
1 9594027
1 8753290
1 7379521
1 9866388
1 8301737
1 1109251
1 5418087
1 9630318
1 1185505
1 6277021
1 7615406
1 4194033
1 8722325
1 6495882
1 4118859
1 4244105
1 7338337
1 291314
1 4348264
1 1603959
1 3990758
1 3090600
1 2877793
1 6975794
1 69689
1 8665049
1 2392497
1 7404784
1 1257106
1 8269107
1 1488007
1 8150769
1 399680
1 6366152
1 3373667
1 1715242
1 6929600
1 8894926
1 5010474
1 6437225
1 6005663
1 9809428
1 701100
1 2593236
1 9242979
1 7313723
1 3804606
1 9690450
1 6263348
1 5456371
1 132915
1 3893741
1 9520865
1 447719
1 3436363
1 3096094
1 2806851
1 9831991
1 9854339
1 6773221
1 5258020
1 3951033
1 6258671
1 9288244
1 1881652
1 1130180
1 914180
1 5847942
1 9812092
1 8813288
1 6477534
1 8316573
1 2293307
1 854084
1 5557123
1 2634425
1 1216733
1 1534822
1 9440482
1 7170376
1 2798347
1 7720935
1 6063850
1 5453208
1 9752710
1 6003833
1 1229210
1 5224505
1 5898107
1 1946387
1 4906413
1 891177
1 1225377
1 3706156
1 4267242
1 3691796
1 8057526
1 6894004
1 3779930
1 3240626
1 8057457
1 9029520
1 6333880
1 5963943
1 6226099
1 2714276
1 4033994
1 5393268
1 9609349
1 9714339
1 7227115
1 7253654
1 452878
1 1889195
1 7764414
1 9914331
1 4218314
1 4386272
1 9621470
1 5643793
1 3863771
1 292160
1 5737717
1 2734908
1 1132578
1 1689733
1 8601775
1 9445961
1 9492204
1 1857543
1 7878973
1 950173
1 4180923
1 5071509
1 651344
1 3330714
1 394507
1 6321118
1 5690398
1 4460681
1 5516268
1 3626728
1 3656912
1 1286371
1 3387169
1 4989193
1 1789972
1 7663600
1 2664942
1 8929216
1 8046610
1 1191876
1 6171558
1 7249694
1 3450018
1 1846265
1 1215251
1 4324999
1 5613437
1 5580484
1 9821782
1 4176130
1 3697459
1 7887774
1 4052025
1 6312051
1 7360196
1 1065679
1 5349053
1 6107895
1 8499965
1 557888
1 9383651
1 3785244
1 5560783
1 7129313
1 9659644
1 4540212
1 9805558
1 9065175
1 9066902
1 3538525
1 1582367
1 345669
1 1969505
1 8604169
1 8026941
1 8067100
1 1469337
1 9791981
1 2180391
1 4499549
1 9647459
1 2879716
1 1941791
1 3918516
1 4762532
1 9269087
1 7414469
1 9660052
1 4997023
1 5262607
1 5509502
1 1612800
1 9198422
1 8134117
1 1368697
1 8874008
1 3196896
1 3541805
1 7930875
1 8189895
1 5640878
1 811714
1 9611977
1 2822398
1 2660257
1 4908253
1 809306
1 2848162
1 8727738
1 4050505
1 7892003
1 4582939
1 3348057
1 9624785
1 5752728
1 8888374
1 2050996
1 1077622
1 1017493
1 6497050
1 2381503
1 6381277
1 3112315
1 1670552
1 9758829
1 8660229
1 4258070
1 8912228
1 7510286
1 3945278
1 4084940
1 8315141
1 5234046
1 3714889
1 4575952
1 5571203
1 8277104
1 2543645
1 8833901
1 1127460
1 8813341
1 2820260
1 3744406
1 3669240
1 1671378
1 2076983
1 6361680
1 9897660
1 45158
1 6462323
1 6251379
1 9968414
1 9812878
1 428759
1 2104063
1 2356612
1 5854218
1 2769161
1 7587742
1 2350680
1 5258538
1 6984072
1 470391
1 6026639
1 6300255
1 6939944
1 6444891
1 4942176
1 3265940
1 4454860
1 1160575
1 3236929
1 2565376
1 6299249
1 5113931
1 2494441
1 8432405
1 5678121
1 1794841
1 8410267
1 6084317
1 3968492
1 680620
1 1132483
1 6877922
1 2907590
1 5672956
1 2298859
1 6572540
1 3997800
1 9083743
1 5013000
1 8449516
1 5055500
1 1159511
1 8634396
1 975477
1 2095412
1 3949169
1 302274
1 2924503
1 4868657
1 7221534
1 2380512
1 1645030
1 7502546
1 3593864
1 3332370
1 4513073
1 5282156
1 2415125
1 9011950
1 8994320
1 6327853
1 1120814
1 1438816
1 6288491
1 3103151
1 8831808
1 1760887
1 7880090
1 2474602
1 2068140
1 1890825
1 8309740
1 7136735
1 1996128
1 7046230
1 2636616
1 8389152
1 2670289
1 6268887
1 9141532
1 5632028
1 8449126
1 5375770
1 8769314
1 4534738
1 2909404
1 1168792
1 9212728
1 5260307
1 6311275
1 7601664
1 1742171
1 8159411
1 9400761
1 182595
1 3569195
1 5371796
1 444263
1 6626512
1 659828
1 4177332
1 5691442
1 4032878
1 6851366
1 2036702
1 5490727
1 8075438
1 4184930
1 7035209
1 2739992
1 6532036
1 5327415
1 7261750
1 110286
1 5147670
1 3154292
1 8795222
1 3746046
1 967727
1 1532020
1 6887428
1 4187136
1 7623733
1 4752921
1 1575463
1 2597878
1 3736174
1 2410370
1 4098964
1 2830921
1 7027496
1 2563863
1 4603910
1 8403612
1 1586649
1 2959271
1 4355844
1 2673418
1 2581420
1 9349215
1 1109018
1 6790787
1 5142618
1 4325106
1 8479563
1 1137389
1 2969835
1 6640322
1 5996019
1 8519169
1 9869497
1 7087181
1 6932707
1 9206808
1 7370073
1 1372928
1 4873393
1 65716
1 875023
1 2199407
1 3519491
1 2004223
1 2953468
1 8693263
1 636210
1 3761939
1 5762685
1 8477134
1 8210892
1 9733088
1 361357
1 7849326
1 5541143
1 226491
1 7700235
1 5322876
1 4272642
1 2651916
1 6513810
1 6298559
1 4878145
1 8725209
1 7391525
1 5570528
1 4919685
1 3969604
1 1694203
1 7642080
1 4197753
1 9096356
1 4326053
1 2101239
1 2019608
1 4100378
1 7233867
1 4893651
1 4697137
1 6868741
1 6649989
1 6865546
1 5416840
1 1277152
1 8153357
1 1936038
1 6001359
1 7784045
1 246134
1 1163239
1 7819403
1 632264
1 4527276
1 9843482
1 5929255
1 3942276
1 242895
1 8177162
1 5405753
1 7814853
1 4919800
1 8041560
1 781667
1 4834008
1 9823445
1 9574662
1 8471709
1 2937312
1 2127833
1 1157042
1 2410584
1 4076075
1 7677833
1 1327522
1 4782955
1 6033708
1 1704594
1 6233322
1 1656765
1 4178643
1 2773139
1 1885264
1 4580570
1 9784566
1 6553977
1 9509044
1 6036624
1 1663986
1 8372411
1 6873067
1 1594580
1 2220016
1 8790513
1 8550651
1 420466
1 8680653
1 6518809
1 992606
1 2678502
1 1071074
1 5701827
1 5185118
1 6850595
1 1337632
1 5608932
1 5186153
1 6836872
1 6908710
1 2609159
1 509561
1 340386
1 1655200
1 4677789
1 3839141
1 9321543
1 710777
1 404073
1 2224202
1 3957892
1 8233839
1 8966950
1 725316
1 7015342
1 530331
1 1801100
1 8418821
1 7534988
1 1310504
1 6799249
1 348453
1 6948200
1 7499824
1 5965761
1 4949005
1 8956123
1 1947188
1 163421
1 7614027
1 6613936
1 2115245
1 4018637
1 7773774
1 3890024
1 7749670
1 6850786
1 7631169
1 9306249
1 2039606
1 3371516
1 8855668
1 1987531
1 6491195
1 7531588
1 728138
1 8961975
1 761021
1 3992782
1 2177497
1 5579455
1 6725113
1 8281380
1 7258148
1 8229462
1 6829066
1 4983896
1 6356109
1 7448598
1 1825793
1 9585704
1 1326120
1 7414379
1 5981372
1 1601991
1 4474912
1 3977124
1 2761478
1 6367807
1 1320095
1 8867083
1 901349
1 289033
1 2627230
1 8381874
1 4428198
1 4381882
1 3952718
1 7935391
1 7705666
1 4261614
1 3051335
1 7696332
1 2858216
1 3054949
1 2639127
1 1263726
1 615421
1 6851306
1 8296012
1 2880746
1 4724295
1 1694792
1 7897016
1 6891047
1 4032215
1 6484795
1 4816396
1 9870051
1 6341402
1 2485760
1 569700
1 2606189
1 516499
1 1103165
1 5911929
1 6451464
1 3538013
1 6553966
1 6610884
1 1104333
1 2146578
1 2860539
1 9538786
1 4354783
1 8875921
1 5555954
1 5947930
1 2295144
1 4228319
1 3257349
1 4087293
1 8946389
1 8899745
1 7084075
1 4447010
1 9267126
1 9075955
1 5702830
1 3459002
1 7281885
1 7670262
1 2025127
1 5031213
1 4607899
1 8066959
1 3483474
1 5972354
1 65880
1 3075236
1 5171813
1 6024957
1 6256702
1 1620614
1 9562928
1 5590600
1 9164605
1 2357319
1 3719708
1 7804303
1 5337435
1 4581024
1 5658591
1 8304538
1 5765297
1 4227702
1 8840112
1 5074397
1 3592343
1 949270
1 3358683
1 9996369
1 6685355
1 9123660
1 7669181
1 8751839
1 7796759
1 6091019
1 9380665
1 1785537
1 8338416
1 7184679
1 7643613
1 1105774
1 6252441
1 4219328
1 3021362
1 5986434
1 6530843
1 1516364
1 9321549
1 9653928
1 3891956
1 9531889
1 35011
1 6433634
1 8341023
1 7215849
1 1967898
1 9042728
1 1516559
1 69751
1 3546055
1 1822578
1 5326913
1 1724309
1 6313673
1 3226855
1 2448775
1 6611177
1 6172720
1 9292405
1 6163672
1 8155845
1 9910727
1 7843663
1 2889984
1 4081520
1 3460421
1 3911057
1 5199272
1 3053549
1 8138812
1 8001685
1 7157455
1 8331002
1 8086407
1 1956629
1 4694396
1 4849300
1 4980802
1 5688721
1 5202447
1 1678137
1 7522855
1 4330116
1 9325031
1 977314
1 3526678
1 3963650
1 5885921
1 4554110
1 8396726
1 4792785
1 4706409
1 8506610
1 2671405
1 6978503
1 7429618
1 5310505
1 4095302
1 5190071
1 1475862
1 9983269
1 1102427
1 5407042
1 8631088
1 8211617
1 813094
1 2657426
1 329373
1 108892
1 3750938
1 3626422
1 5779482
1 6278707
1 6115281
1 5702548
1 33005
1 5590775
1 6562970
1 1298867
1 847963
1 6053692
1 223583
1 2561769
1 497870
1 5912193
1 2634546
1 3331646
1 7489756
1 8326466
1 9083764
1 7866236
1 6323978
1 4243828
1 798649
1 6060017
1 28670
1 442748
1 9102376
1 7997468
1 5757209
1 1180391
1 4608353
1 467338
1 9219037
1 1841208
1 3680292
1 7481312
1 6007651
1 8592868
1 4258452
1 2748307
1 7940567
1 9357103
1 7020117
1 769798
1 1365706
1 8386688
1 3495087
1 6759190
1 6813765
1 3468828
1 3674930
1 6913834
1 9169590
1 1026080
1 9219162
1 7827271
1 7465040
1 6584620
1 3813133
1 1332768
1 4173951
1 7281867
1 6337532
1 1464207
1 7845076
1 668481
1 320720
1 3226366
1 2658323
1 2216617
1 2887453
1 9944065
1 6993059
1 3957187
1 9620241
1 2591050
1 5457987
1 4652771
1 7283990
1 2594757
1 7417344
1 7240303
1 5982383
1 2381234
1 2601912
1 2158282
1 3941762
1 3615465
1 4889751
1 7984871
1 6880719
1 1867980
1 9167475
1 6934577
1 5513342
1 1797088
1 1565132
1 9857599
1 5667576
1 2519020
1 7018619
1 9362453
1 5539247
1 4021587
1 1361911
1 8194529
1 9827850
1 6119099
1 8782866
1 8651836
1 2970265
1 3059217
1 9502927
1 3704800
1 9078320
1 9618728
1 251253
1 9153412
1 7174643
1 3537200
1 2491330
1 8555730
1 8922720
1 6298781
1 4597221
1 1903502
1 5022867
1 496534
1 2507304
1 9513838
1 2691137
1 5762062
1 2752885
1 3745022
1 7954225
1 5171055
1 6555475
1 8345992
1 6721400
1 2628554
1 2532945
1 5336659
1 5673221
1 7368508
1 9378221
1 77045
1 7199112
1 2660981
1 5247994
1 9137728
1 7385491
1 9016669
1 3568210
1 2372568
1 4556544
1 4878581
1 8575275
1 5037922
1 7719400
1 8198537
1 8326185
1 5847210
1 2516554
1 2658066
1 9614948
1 3710635
1 4410826
1 7376546
1 8489084
1 262329
1 911059
1 9443572
1 126653
1 6389115
1 2910444
1 4083842
1 3943102
1 217620
1 4738958
1 7176962
1 3865302
1 1801417
1 6614931
1 6093166
1 9423632
1 5185131
1 6213910
1 7252452
1 8387531
1 813569
1 7238707
1 3704391
1 4419386
1 8740175
1 8063023
1 1856617
1 1600686
1 9785544
1 5047800
1 1609178
1 4579784
1 2892283
1 1529482
1 6761920
1 8015999
1 1320257
1 4379528
1 1703248
1 6451376
1 7570665
1 3480007
1 2405878
1 7968923
1 3299115
1 8167913
1 2979236
1 4565468
1 5077888
1 6748160
1 2358439
1 3236205
1 3993451
1 51737
1 8203241
1 6768123
1 1672723
1 3120445
1 1536145
1 6522221
1 35220
1 2779898
1 9321256
1 7465883
1 3313520
1 9428609
1 379502
1 1301628
1 9849750
1 3202675
1 2239253
1 3445512
1 1518895
1 1735417
1 8960314
1 5414242
1 2621582
1 3138671
1 4357661
1 4174124
1 5014010
1 5382522
1 2919464
1 3883821
1 5777540
1 1697981
1 9111242
1 4084241
1 2462154
1 9381022
1 7000605
1 8562702
1 918630
1 8574901
1 841309
1 4923529
1 1162057
1 5871789
1 9673335
1 3573866
1 9567450
1 3987277
1 5147938
1 6136045
1 4561356
1 627363
1 2194231
1 9749626
1 6634279
1 8411457
1 6507471
1 7003680
1 723310
1 3337424
1 7102760
1 3999873
1 5542256
1 785353
1 658728
1 2651235
1 1642393
1 7335377
1 6345007
1 8797646
1 9186936
1 8030269
1 7149577
1 4063146
1 9450710
1 2011967
1 3898160
1 5736434
1 2791579
1 8385377
1 5665843
1 3541899
1 965292
1 6069628
1 4104882
1 3505649
1 372055
1 1390415
1 7521573
1 4651011
1 1640085
1 6506098
1 2659009
1 8073378
1 1410998
1 9631810
1 6770058
1 4103398
1 2306963
1 1903115
1 2877334
1 4535342
1 1242776
1 7649863
1 5062876
1 2411804
1 1334485
1 7528961
1 5475683
1 4910979
1 1242019
1 9477169
1 8129743
1 679621
1 4467104
1 3290953
1 65112
1 7010992
1 4005682
1 2344285
1 8950833
1 2968153
1 6345775
1 286182
1 7422321
1 8591700
1 6331107
1 5332369
1 6227658
1 194402
1 337825
1 2823070
1 5566073
1 251350
1 1035647
1 2649444
1 1871299
1 1243397
1 5777416
1 1072624
1 3177879
1 8920258
1 9378091
1 6425554
1 8783678
1 8985573
1 9087899
1 5012001
1 837050
1 4239991
1 9198264
1 2327131
1 4442449
1 5018675
1 8493937
1 9488203
1 2737348
1 7630944
1 2182741
1 214255
1 8912628
1 7433036
1 914813
1 5243826
1 1844824
1 5861540
1 4885102
1 962599
1 9602308
1 7458931
1 117713
1 8597915
1 9655273
1 6530241
1 5227001
1 4848754
1 5023585
1 8970429
1 5142889
1 1669648
1 7171321
1 9463233
1 5494354
1 3979615
1 6682697
1 5092171
1 5440203
1 5554552
1 1116796
1 274353
1 92193
1 6461026
1 3028834
1 9430314
1 6876987
1 2425769
1 1310573
1 3499396
1 3929169
1 303269
1 9617408
1 9390424
1 9775908
1 7411539
1 695214
1 3324022
1 1988278
1 8019836
1 8096167
1 1208629
1 8988171
1 4948850
1 9621837
1 55330
1 2794688
1 7426323
1 3318691
1 9225010
1 1899220
1 9381061
1 7514102
1 1672293
1 6476900
1 6702148
1 1019364
1 5986279
1 8104911
1 8599381
1 5535403
1 4010117
1 8449242
1 5317940
1 2077007
1 4798064
1 4735256
1 7029266
1 6131349
1 5105018
1 8896059
1 5567378
1 7813387
1 4999104
1 4851301
1 6254398
1 760451
1 1109281
1 8343237
1 3852864
1 5135398
1 6237887
1 5822674
1 4868083
1 8993146
1 1054856
1 9503378
1 4976619
1 679533
1 1091089
1 8231954
1 8982542
1 9080179
1 2539707
1 4649744
1 3340395
1 7878136
1 8594061
1 2613413
1 9035364
1 4833794
1 9570101
1 4505854
1 4344498
1 1311905
1 109909
1 6176608
1 7881017
1 865865
1 7915871
1 6875421
1 3416412
1 1827415
1 3297519
1 6484163
1 1673235
1 7270818
1 540252
1 6219525
1 2363577
1 539036
1 4185000
1 2451155
1 5989318
1 2666374
1 2340279
1 2713288
1 592779
1 1849917
1 3873352
1 4094870
1 5349168
1 5248072
1 2648641
1 7257210
1 2150419
1 4533064
1 3815850
1 3264323
1 4654178
1 7424336
1 1092207
1 855699
1 8856220
1 130773
1 3032235
1 2847238
1 2747388
1 7594142
1 3787109
1 6694446
1 1773520
1 3602646
1 7559185
1 1847469
1 9553880
1 2975272
1 4804205
1 8177887
1 7829091
1 9143425
1 7555798
1 261644
1 7744211
1 311889
1 8252897
1 8566346
1 7237588
1 471163
1 395280
1 5105817
1 1241792
1 2287771
1 7590775
1 205308
1 2432443
1 8343626
1 8721194
1 7685822
1 9821696
1 9963769
1 1767161
1 276095
1 5606953
1 7119613
1 4545072
1 869118
1 7845031
1 3795678
1 394648
1 6644743
1 8044660
1 7467432
1 3268510
1 8604873
1 7352802
1 7614332
1 7214748
1 9451904
1 4631491
1 8696365
1 754715
1 9578709
1 4202900
1 663694
1 4682925
1 4389575
1 4045810
1 2910044
1 9937696
1 8261433
1 416350
1 8132614
1 8942889
1 8364980
1 2924393
1 2727655
1 5738921
1 6640395
1 3331266
1 2345407
1 8663399
1 2677346
1 5630317
1 9007000
1 8973906
1 859751
1 9226257
1 4960828
1 2152966
1 472554
1 5236092
1 5941142
1 4695438
1 3283358
1 7720654
1 1676867
1 3516751
1 5235087
1 7023367
1 4664637
1 5647431
1 6585127
1 3175159
1 7738090
1 424546
1 7239504
1 8104071
1 483141
1 5440473
1 9487446
1 5057130
1 5239514
1 3919240
1 7381219
1 5623415
1 153579
1 3055560
1 9146073
1 4309761
1 4612733
1 4757449
1 5680102
1 2931159
1 4046439
1 7017974
1 3662927
1 7054764
1 6450222
1 1830928
1 2308036
1 4029460
1 2642942
1 7478585
1 5688119
1 9583563
1 8381829
1 8686367
1 1685139
1 2608828
1 4395304
1 8445075
1 916995
1 7587072
1 8134880
1 8552552
1 3049926
1 3329557
1 4515954
1 7981284
1 7253690
1 8498416
1 4860920
1 8350815
1 9841277
1 7205272
1 5308732
1 3950239
1 4573408
1 2272626
1 2541111
1 7017949
1 3495873
1 2306650
1 5865897
1 2456274
1 1370352
1 5713605
1 627730
1 7454416
1 6266600
1 2462869
1 8122732
1 6330960
1 1491161
1 8136999
1 8987803
1 8655489
1 4654763
1 189904
1 669698
1 1036209
1 228277
1 309621
1 456531
1 704575
1 1398894
1 6234383
1 5697196
1 5869375
1 1220245
1 4972983
1 322993
1 9195738
1 8734642
1 7193953
1 9410339
1 920197
1 7763301
1 7433842
1 9563788
1 7766392
1 8375599
1 9847198
1 9743846
1 1270318
1 2300692
1 9012525
1 392836
1 7326038
1 7777291
1 7320831
1 9899550
1 7173347
1 8804036
1 517592
1 6850376
1 8419447
1 545600
1 3133739
1 5995331
1 364767
1 4053378
1 4598545
1 8608802
1 5759397
1 461245
1 560008
1 7245013
1 4905501
1 8016100
1 7366516
1 5009574
1 7098240
1 3591790
1 2008618
1 7316108
1 6122080
1 120632
1 1029448
1 6596621
1 9569339
1 6927838
1 6033028
1 8278800
1 6979927
1 4929481
1 7199107
1 8119809
1 4821352
1 1977059
1 8192234
1 1276765
1 7406664
1 8952241
1 5811076
1 7368598
1 8311005
1 2497506
1 126220
1 3012412
1 8788190
1 42913
1 4603002
1 6774712
1 9599539
1 8259628
1 1545746
1 8358909
1 2417608
1 844011
1 1091579
1 7699620
1 3152055
1 8733659
1 1137731
1 6225486
1 1023354
1 6061819
1 1585687
1 8451853
1 2724204
1 2580160
1 8452810
1 1225003
1 1469149
1 7082378
1 9588002
1 2631222
1 7313206
1 7248718
1 7175589
1 1171060
1 2636558
1 9032142
1 2135251
1 521058
1 3791467
1 5223588
1 2799482
1 509696
1 1355871
1 4801911
1 8645434
1 5292023
1 744036
1 5298930
1 74852
1 1598258
1 5572760
1 5282318
1 1099639
1 7182854
1 6729535
1 7910073
1 3830913
1 4360083
1 3888260
1 7945793
1 6442254
1 6994841
1 3797166
1 4989185
1 3954208
1 2915117
1 2308511
1 3939388
1 4206418
1 4340532
1 7823033
1 8521382
1 2328697
1 6343719
1 321321
1 5831974
1 6604489
1 3873786
1 5094718
1 5539936
1 683315
1 127542
1 6860048
1 3699905
1 4048155
1 8667676
1 3975403
1 3907053
1 3035267
1 8599350
1 401100
1 6944210
1 8110896
1 9418886
1 5856427
1 9215585
1 8042778
1 4112270
1 7071278
1 9383286
1 3964663
1 4139908
1 3987629
1 8512334
1 9967452
1 499388
1 2903728
1 4159603
1 6361219
1 2417229
1 950831
1 350563
1 6579054
1 3991649
1 8333082
1 4244360
1 2578464
1 8176613
1 464486
1 8109840
1 4747928
1 5981005
1 2709857
1 8186167
1 9751820
1 1417046
1 4569867
1 8549470
1 2437292
1 8074536
1 418405
1 1164576
1 7498872
1 6295584
1 4538589
1 1904585
1 9988407
1 2871617
1 3985587
1 5414352
1 5875489
1 3517795
1 9858377
1 597381
1 4097324
1 178207
1 9372266
1 3452956
1 9805023
1 3576794
1 7674139
1 4248552
1 9282514
1 4442752
1 6492270
1 2509182
1 594880
1 2812880
1 233411
1 6016303
1 2871348
1 6277567
1 7640289
1 5335725
1 7203480
1 2527028
1 9206049
1 8132646
1 5282116
1 2134143
1 6683370
1 8708079
1 293883
1 6350907
1 7309102
1 4154013
1 3422026
1 1443076
1 3292579
1 3995679
1 8309760
1 2816761
1 7209673
1 9610099
1 2312059
1 4114305
1 7902771
1 9697573
1 6054267
1 9529701
1 6857725
1 6993614
1 649929
1 9310919
1 4595177
1 6234474
1 3287804
1 5271905
1 9752920
1 3592161
1 398188
1 1860221
1 6701091
1 1658651
1 9445138
1 6984097
1 2772011
1 2073193
1 7583003
1 9297447
1 8554513
1 9923636
1 9862701
1 827250
1 7868732
1 6432975
1 2605813
1 4381293
1 9882228
1 9658897
1 4081393
1 229268
1 9226487
1 1666208
1 8555683
1 4912452
1 2571033
1 2657881
1 779172
1 6707106
1 3650383
1 8153092
1 7579714
1 2244255
1 2689021
1 2832491
1 9858963
1 5753533
1 7007846
1 701512
1 8641755
1 9661214
1 7203385
1 9345997
1 8271014
1 8141354
1 1316415
1 8469808
1 8983907
1 1060373
1 589854
1 5527700
1 5626420
1 9782342
1 1332570
1 6072450
1 600459
1 4082869
1 837448
1 1972413
1 183402
1 9909869
1 5470596
1 5344613
1 919719
1 6975575
1 2886953
1 4552005
1 3107910
1 2918655
1 4094348
1 8119519
1 1540542
1 8825887
1 3846454
1 7076475
1 669295
1 5139168
1 9442876
1 4208237
1 9332809
1 8950886
1 2189110
1 8305528
1 5630501
1 6701738
1 8943093
1 1229192
1 2522547
1 2827918
1 8457554
1 1961325
1 781639
1 89059
1 942034
1 544683
1 1088673
1 7414439
1 9042321
1 8141883
1 2689016
1 8000300
1 6953250
1 2830876
1 1086899
1 9719076
1 1181440
1 5305582
1 9939258
1 370876
1 3311327
1 1550780
1 3635666
1 8436981
1 1512521
1 1641243
1 636296
1 8455389
1 2180524
1 9733419
1 4459903
1 7790794
1 8934956
1 3695650
1 7926074
1 5954597
1 2825778
1 5263139
1 9494480
1 2323268
1 1825807
1 3477572
1 4980921
1 3588079
1 6295
1 4466697
1 4753619
1 8372313
1 8213229
1 5940305
1 7961510
1 3233042
1 2589166
1 9239558
1 2728971
1 1386927
1 5235593
1 9315830
1 5492728
1 4870877
1 8386682
1 5492406
1 59135
1 2990104
1 1772588
1 3608845
1 5782072
1 6478800
1 1801544
1 2306712
1 5617869
1 2156721
1 4050882
1 5828789
1 9517060
1 955179
1 1335358
1 3761732
1 368866
1 6342043
1 7832363
1 322555
1 6827579
1 5561424
1 3309468
1 4783090
1 8208392
1 9522132
1 3115263
1 2407171
1 1023483
1 6513168
1 838244
1 6315532
1 3022500
1 5795213
1 8034766
1 3364476
1 9742601
1 8848602
1 4654139
1 2954541
1 6706326
1 13352
1 4228980
1 8434711
1 410967
1 3320799
1 5225304
1 2500230
1 2989048
1 7090062
1 8148463
1 6498030
1 444783
1 5942772
1 1273063
1 3442064
1 6420477
1 3755380
1 8430962
1 1302154
1 7437057
1 6789275
1 192334
1 7685208
1 7110981
1 1377882
1 647939
1 6185121
1 3765766
1 8787153
1 6152200
1 9495532
1 9568420
1 789729
1 3890374
1 8738331
1 2814568
1 7691536
1 3554688
1 4348301
1 4319625
1 1772015
1 3629796
1 4691415
1 8292700
1 3962186
1 8188278
1 9474747
1 5465178
1 9214427
1 3397196
1 4366574
1 8545023
1 4024753
1 2780754
1 8938170
1 1453698
1 5024330
1 9515240
1 16109
1 5565172
1 6859782
1 4501852
1 4561647
1 2257738
1 6041317
1 743550
1 9213253
1 185167
1 1536684
1 7739156
1 8665862
1 6725462
1 7764681
1 6770009
1 5849963
1 204909
1 3994277
1 3907148
1 9313411
1 2980301
1 2116140
1 4452622
1 851145
1 2556086
1 8527046
1 1790815
1 3129546
1 6724547
1 413988
1 9864956
1 6502105
1 7905063
1 6726282
1 4654136
1 9460985
1 9507032
1 1330872
1 676469
1 6791578
1 992527
1 9745629
1 1303979
1 8704479
1 7455952
1 7054948
1 8087049
1 2873281
1 9275301
1 4041536
1 9826361
1 8319579
1 3096251
1 3493281
1 2150868
1 7665536
1 7929402
1 8105931
1 1432138
1 1866371
1 9203607
1 2896474
1 8571316
1 3036175
1 1092877
1 3922791
1 4439315
1 7169683
1 649741
1 8892341
1 5423547
1 4265293
1 1688114
1 3810293
1 9375201
1 3755481
1 5192507
1 2820142
1 1709864
1 9109002
1 5308563
1 2734734
1 3186626
1 759711
1 7404792
1 1516940
1 2602548
1 7327584
1 1346897
1 440664
1 4396269
1 9608324
1 4073163
1 2648330
1 7838534
1 4711307
1 4151509
1 822014
1 1194506
1 2250814
1 7019581
1 5170988
1 1723753
1 2211565
1 1389943
1 1585277
1 4591505
1 5141766
1 4428363
1 2792444
1 2324044
1 8345274
1 5115325
1 982814
1 4689542
1 5022150
1 1711251
1 9589981
1 5928596
1 7258652
1 1035159
1 6150626
1 4532486
1 9495763
1 815670
1 3896616
1 2001893
1 2322618
1 8180256
1 9452320
1 1769599
1 1769815
1 3308050
1 7943566
1 4581565
1 873324
1 1773127
1 685584
1 4093707
1 937889
1 2178815
1 2284073
1 49138
1 390947
1 9452914
1 9426941
1 7664901
1 9502205
1 6286243
1 3331126
1 852846
1 6632268
1 8651559
1 1400712
1 2622211
1 2038425
1 2740593
1 8457381
1 9632414
1 2782720
1 5612119
1 3900273
1 7306511
1 9677173
1 9862236
1 5840184
1 7217184
1 9760791
1 2330826
1 2259096
1 2778500
1 8714123
1 6391227
1 4314216
1 7791860
1 1802510
1 3698455
1 5380264
1 9700332
1 2103274
1 6988472
1 9583451
1 8545075
1 8763096
1 5578328
1 1912309
1 9200838
1 913028
1 7300918
1 2077216
1 3836983
1 6977869
1 5049508
1 9042302
1 609565
1 5288762
1 7523014
1 2838896
1 3304810
1 5394599
1 6697336
1 561579
1 2405300
1 7799356
1 255143
1 1326859
1 3165060
1 3156768
1 9949998
1 5270387
1 7712787
1 5917646
1 2192530
1 1724185
1 5905038
1 114071
1 1832014
1 9272484
1 2752437
1 2656169
1 3150723
1 6661832
1 5907204
1 405833
1 6798437
1 8386551
1 4362220
1 4962557
1 5838848
1 8105996
1 1552528
1 6295463
1 6103123
1 6617933
1 8365229
1 9802589
1 7936359
1 6442021
1 1351916
1 6292306
1 3441292
1 2497392
1 7438491
1 5575631
1 8787221
1 4586230
1 4960866
1 3111733
1 6051177
1 1548203
1 9830050
1 1360680
1 7988231
1 1029013
1 4501813
1 4968569
1 7457179
1 1394893
1 1993262
1 7818080
1 9559594
1 1032230
1 1529197
1 1409484
1 1100713
1 6970291
1 7296168
1 9600078
1 4049072
1 1675294
1 1351621
1 7820108
1 2865732
1 485396
1 9633797
1 4876703
1 6330692
1 3310776
1 9136466
1 2384256
1 8046692
1 8251189
1 4724900
1 563699
1 2732648
1 5380831
1 3744071
1 8556196
1 818472
1 970871
1 6003837
1 4631939
1 2095156
1 1903857
1 9915761
1 8316880
1 5551544
1 3965723
1 7006808
1 8188798
1 4092771
1 5041408
1 6833857
1 8346082
1 2588310
1 5044551
1 7942102
1 9863860
1 3524258
1 945123
1 408768
1 4206216
1 4911196
1 2455809
1 9639661
1 9258651
1 958689
1 690958
1 758291
1 3592858
1 2230680
1 3084033
1 9587242
1 8670359
1 665736
1 1873668
1 6052543
1 9258962
1 127748
1 3306851
1 7698020
1 8524843
1 9126987
1 4121038
1 7692777
1 5835292
1 4536103
1 4695162
1 5112072
1 2718673
1 9929989
1 1766728
1 9497510
1 1206805
1 9418122
1 5742344
1 7398304
1 3276548
1 3684216
1 2265107
1 2231221
1 1875444
1 1381119
1 486196
1 8220007
1 1900282
1 8327256
1 7417891
1 1874232
1 6718548
1 7355765
1 9268155
1 9817958
1 7970520
1 8433008
1 1591169
1 4876088
1 6461989
1 7073269
1 9139097
1 1891089
1 9179251
1 3163293
1 7121176
1 528544
1 7131304
1 8806650
1 4371238
1 2462153
1 4944650
1 6673402
1 9893074
1 2774717
1 1949285
1 7075512
1 527148
1 24917
1 159763
1 1968528
1 603870
1 1592143
1 577334
1 6611748
1 6882394
1 1281864
1 3136928
1 8034734
1 949579
1 2819469
1 4296377
1 1085987
1 9141956
1 893954
1 3883338
1 2010441
1 8684271
1 9057129
1 502945
1 1977632
1 76381
1 3541064
1 1460399
1 8344494
1 9474496
1 4700287
1 6751828
1 4399685
1 2021814
1 6467008
1 5905423
1 7743206
1 9143459
1 7825606
1 1435143
1 4224286
1 3556647
1 2397672
1 1207351
1 4567648
1 380999
1 967555
1 5384700
1 2911500
1 1501265
1 931190
1 7767277
1 164710
1 7759702
1 5748836
1 835133
1 7353655
1 4381382
1 286113
1 9727952
1 2488347
1 2025003
1 9417464
1 5570385
1 222750
1 7842180
1 1967510
1 4589803
1 3798044
1 471979
1 3194084
1 1629601
1 561345
1 1347691
1 5141989
1 3879588
1 316495
1 1101438
1 4606551
1 8738577
1 2572176
1 5075830
1 2708471
1 1788474
1 8846187
1 1492232
1 994635
1 5041520
1 8973889
1 5436634
1 4171753
1 8117661
1 6272715
1 4363591
1 9403769
1 7468940
1 6308773
1 8715840
1 1733305
1 3224
1 6090917
1 5369616
1 7530907
1 1681810
1 9119999
1 3213305
1 5485389
1 8008171
1 8801848
1 8526582
1 8906368
1 5973761
1 4278663
1 3753092
1 1713960
1 5461841
1 1907532
1 1422864
1 7728513
1 1743519
1 5861269
1 1296755
1 854681
1 6816924
1 2279596
1 2444464
1 5731655
1 5740845
1 8426111
1 7161291
1 8454968
1 777519
1 3499081
1 7637799
1 559535
1 4418365
1 3798613
1 7507329
1 174591
1 7299558
1 1714956
1 4221803
1 1115392
1 4375038
1 1537746
1 2217319
1 4218368
1 7065135
1 6926099
1 6013365
1 1486608
1 310448
1 1215445
1 6440137
1 1159833
1 5459828
1 1358284
1 9678703
1 9690441
1 3958162
1 8859764
1 2198539
1 371818
1 6223870
1 4136817
1 9761680
1 6030512
1 5386599
1 2369711
1 1194854
1 4368757
1 8996704
1 8901529
1 7147221
1 5685183
1 3360213
1 8102
1 9601518
1 2554699
1 9682677
1 1093354
1 5930664
1 7422171
1 4769206
1 2975629
1 6226168
1 4982223
1 7792492
1 8028357
1 3162362
1 6137021
1 8043369
1 4771518
1 7347791
1 771426
1 9899594
1 8621260
1 8863641
1 3386489
1 7581314
1 8443544
1 7404471
1 7214664
1 1526192
1 8183730
1 9369844
1 1307345
1 4653134
1 9899320
1 1990971
1 3482194
1 5402211
1 1005333
1 9587001
1 6673190
1 3688491
1 6801993
1 9566761
1 4930456
1 2689086
1 7297237
1 7932122
1 6225001
1 377676
1 5293959
1 8786899
1 1200725
1 441229
1 5443587
1 3953551
1 5094728
1 5358236
1 5844192
1 5945704
1 1403107
1 1553400
1 25799
1 6602491
1 5567165
1 6334065
1 3671269
1 1043140
1 9204497
1 4203545
1 2149726
1 314745
1 6257368
1 7820678
1 9408107
1 5904792
1 6294678
1 3658528
1 6392003
1 9456084
1 5360146
1 4481206
1 6196099
1 2791350
1 1296666
1 7679821
1 2123082
1 2651591
1 4426684
1 2801721
1 2241268
1 2488520
1 158003
1 4428821
1 2269211
1 647866
1 6881529
1 3548910
1 1494226
1 5385548
1 4105333
1 1452013
1 4284004
1 8367525
1 3363457
1 9739807
1 4524523
1 8635303
1 6336083
1 35643
1 7091417
1 6414879
1 5334374
1 8312294
1 1666440
1 2036222
1 6376948
1 7197101
1 6934821
1 5899620
1 1576564
1 8011316
1 1977838
1 1440119
1 2060606
1 8070190
1 6080670
1 617357
1 9583757
1 3399589
1 936204
1 6405199
1 1430268
1 5188056
1 3817016
1 6523670
1 9252859
1 5136827
1 2350578
1 5590037
1 8452653
1 3590607
1 4743143
1 6557165
1 7795864
1 6304635
1 9400086
1 1727372
1 1480474
1 5988824
1 3978253
1 3479390
1 9855733
1 2034298
1 753268
1 3480533
1 593646
1 5537599
1 7679794
1 6033911
1 971612
1 5222007
1 9429996
1 5920816
1 3812624
1 7132077
1 2446105
1 5243710
1 3944645
1 455194
1 7694413
1 5480986
1 5096533
1 7219946
1 8340158
1 2156959
1 6785985
1 3576288
1 2313215
1 8416487
1 872983
1 4086689
1 6585394
1 3449565
1 856567
1 4872881
1 468856
1 4181822
1 5177565
1 9036965
1 1946106
1 8729833
1 4058829
1 3245910
1 7581406
1 7508110
1 5306607
1 9489216
1 7413063
1 6674395
1 4793056
1 1632329
1 9968818
1 3918698
1 5103371
1 7055947
1 7954854
1 9803543
1 2266389
1 5444564
1 9204303
1 7397879
1 8207796
1 9911528
1 6735206
1 7896186
1 7608225
1 500686
1 3076121
1 3130486
1 5091246
1 4662770
1 9478630
1 2671985
1 3272419
1 6156292
1 7973556
1 6078480
1 3030672
1 1455171
1 1506696
1 3313144
1 691029
1 623078
1 111098
1 8314258
1 3128714
1 3694583
1 1454586
1 9675911
1 6707205
1 333948
1 8427177
1 5500049
1 7457555
1 5743842
1 999959
1 9220754
1 1531778
1 4888391
1 6851323
1 3693261
1 6391097
1 3870262
1 6752240
1 7928563
1 6270253
1 1757838
1 7953133
1 236431
1 7667587
1 7146989
1 9937823
1 1668151
1 4244493
1 7161558
1 1840400
1 1291103
1 4579408
1 6640174
1 7743298
1 7566120
1 1432802
1 688908
1 910478
1 3839015
1 3823170
1 8342317
1 4854782
1 6211973
1 4570735
1 6480781
1 7131054
1 2880834
1 2839853
1 7785910
1 7639860
1 6055919
1 6110752
1 4254899
1 1179962
1 5432319
1 2343651
1 3467127
1 6320951
1 2294681
1 9557139
1 980048
1 6837853
1 1069441
1 8368314
1 5767201
1 8006174
1 87184
1 5816023
1 316083
1 7831277
1 5633427
1 5871037
1 4991708
1 5462365
1 4090981
1 6299333
1 5776718
1 4177363
1 5935215
1 2124660
1 4903396
1 7497460
1 4472050
1 4488302
1 8431416
1 1957262
1 6026655
1 9141097
1 9036566
1 9114667
1 5327710
1 5091628
1 4290215
1 7052104
1 1636204
1 6508924
1 5046699
1 1478870
1 3724734
1 6985131
1 2048598
1 1540932
1 3423733
1 9562701
1 5033259
1 6352494
1 2616807
1 2994406
1 3134025
1 1489816
1 5253393
1 3454487
1 8886407
1 9207879
1 1140284
1 537280
1 1147959
1 6238514
1 9747607
1 5710988
1 7986156
1 3882761
1 9057315
1 2466
1 1153786
1 2500635
1 3615720
1 5583760
1 2636107
1 1419347
1 4173257
1 8261626
1 80850
1 3442281
1 9673986
1 5406810
1 5365111
1 4998792
1 7752109
1 8563434
1 5904724
1 7260178
1 3494157
1 8074490
1 5797046
1 8519256
1 7038345
1 8265400
1 4122023
1 7749572
1 8929661
1 14369
1 3463958
1 9259922
1 2813703
1 1774173
1 1139305
1 1110296
1 2536625
1 406125
1 3449006
1 7903680
1 1824226
1 6851606
1 9878387
1 3022349
1 624863
1 6883243
1 738648
1 1529928
1 3949837
1 7601735
1 9193714
1 2634939
1 5273273
1 661728
1 1260835
1 9046043
1 4385908
1 5553472
1 5549883
1 8308504
1 1713980
1 3293762
1 1601120
1 239494
1 1159127
1 327408
1 3042636
1 6898990
1 7197510
1 2752521
1 6728625
1 2342681
1 1025165
1 1707543
1 9136616
1 441698
1 2474294
1 8364089
1 9652600
1 3494924
1 5090883
1 177086
1 6765542
1 4362697
1 9354934
1 3648217
1 8828176
1 289994
1 9441873
1 6453986
1 8227002
1 5862097
1 8965684
1 622318
1 244467
1 3680176
1 8372213
1 6941204
1 6648069
1 6281550
1 9153403
1 8230770
1 4831191
1 6569666
1 3375639
1 3747180
1 9769401
1 6377307
1 1461246
1 231489
1 349242
1 7683442
1 4016361
1 6834304
1 4964614
1 4018272
1 4661235
1 5864441
1 9387319
1 7192172
1 9587755
1 665378
1 465917
1 2302698
1 2531248
1 6109397
1 9487332
1 5561978
1 3895947
1 8809233
1 528862
1 4230099
1 2930574
1 3924180
1 4503144
1 9643326
1 1720279
1 2806049
1 4100185
1 2132870
1 5988568
1 7643604
1 4560454
1 7365902
1 9484848
1 3485173
1 3112560
1 526715
1 1942069
1 1939505
1 716592
1 8599857
1 7429525
1 2621469
1 1526477
1 5588246
1 1840577
1 2849655
1 8783724
1 2118569
1 5106370
1 7296798
1 8890282
1 4151299
1 1601478
1 2341013
1 3170489
1 591259
1 9407387
1 8816683
1 9190493
1 1868169
1 4674906
1 5612463
1 5189194
1 3439759
1 1871416
1 1445834
1 562431
1 7257003
1 8723017
1 623030
1 513841
1 1762844
1 6743322
1 9046564
1 6215896
1 7982164
1 6671383
1 422456
1 2261874
1 321407
1 1386632
1 7931028
1 4568914
1 9958053
1 4510873
1 3086500
1 9578098
1 5711022
1 4408032
1 6138670
1 7164040
1 7955681
1 2623082
1 810539
1 953394
1 185102
1 3984929
1 7715757
1 2594902
1 2775556
1 5318985
1 5631534
1 4552089
1 5833367
1 9364592
1 261394
1 166147
1 2292745
1 1645677
1 1851133
1 32867
1 839390
1 7126840
1 9904494
1 3710429
1 6121671
1 9952913
1 9518234
1 3727155
1 4988068
1 7772421
1 456172
1 9972269
1 6994825
1 6072190
1 3106184
1 6777334
1 5848358
1 2095649
1 4383124
1 2282296
1 4196432
1 8915800
1 7775533
1 1430998
1 3547482
1 3060057
1 7481048
1 5091492
1 8439909
1 3414401
1 6817981
1 9921048
1 2419212
1 1209317
1 5907305
1 1060337
1 76062
1 8087622
1 7534179
1 4213450
1 9721836
1 7292010
1 7108762
1 1522372
1 4101818
1 939807
1 9743394
1 5303183
1 6334991
1 2536542
1 4552853
1 4995869
1 7317271
1 5180827
1 8652549
1 5983785
1 1560358
1 198766
1 6940896
1 3628165
1 8267005
1 611847
1 8372098
1 4225105
1 5331200
1 8082031
1 9597072
1 8393149
1 4551452
1 7016932
1 3262769
1 261117
1 9017460
1 3601532
1 9192902
1 155543
1 7675247
1 717733
1 2670924
1 7190051
1 3991236
1 6211860
1 6476375
1 3221173
1 4937416
1 7044669
1 3156377
1 7392447
1 9707082
1 970155
1 9287779
1 2647366
1 602558
1 8631141
1 4542290
1 9062993
1 7199154
1 8352186
1 1720926
1 1503412
1 6285405
1 2483701
1 6911068
1 7027041
1 3314656
1 5839915
1 6163340
1 3490722
1 9804252
1 8081047
1 7801005
1 4373128
1 8260705
1 5329622
1 7281791
1 8815166
1 8282622
1 3462856
1 5079356
1 215059
1 1572694
1 1759254
1 9779398
1 2922927
1 1990869
1 7905503
1 3870089
1 7382829
1 1619966
1 5682890
1 5966718
1 2540797
1 7680788
1 367135
1 1107508
1 9226826
1 7429953
1 4188148
1 8675385
1 8287103
1 4237293
1 4279448
1 4358756
1 183076
1 9043270
1 1024782
1 5935511
1 1293095
1 3862434
1 8594405
1 3647612
1 784516
1 4814473
1 9682115
1 2625645
1 8938279
1 958591
1 2701184
1 8057054
1 5022713
1 1073193
1 3485517
1 5977117
1 5415887
1 1570273
1 63565
1 778255
1 3073822
1 8409983
1 4252878
1 9238909
1 8935948
1 4362618
1 9405112
1 7477723
1 5700766
1 7354953
1 6629373
1 7173792
1 3498610
1 9910009
1 3581289
1 4526949
1 8988228
1 1334078
1 2088576
1 677077
1 7708103
1 4858919
1 7586302
1 8198625
1 794114
1 1341255
1 6981211
1 6810840
1 7677293
1 9064638
1 4519577
1 1989556
1 7058961
1 6691615
1 6844061
1 2855340
1 7892299
1 3008709
1 7369132
1 4360321
1 835869
1 1427995
1 1500093
1 6093456
1 3488891
1 4323216
1 8301434
1 3807438
1 2420216
1 1048551
1 6899436
1 4378107
1 8708500
1 1656931
1 8376987
1 6559925
1 9508457
1 3399316
1 6993219
1 2989941
1 3269143
1 4425481
1 5380860
1 1806876
1 554050
1 6023273
1 6520900
1 7698129
1 588701
1 4009280
1 6000190
1 4682646
1 288179
1 7288042
1 5500412
1 1998391
1 673442
1 9151494
1 4886896
1 5435470
1 2452194
1 9705179
1 4427780
1 3032442
1 4777479
1 5507290
1 5419684
1 8652208
1 1681557
1 4339537
1 4406430
1 6195935
1 3612713
1 5934552
1 9122211
1 1237028
1 9650670
1 9550715
1 4946233
1 1232911
1 9623277
1 7921472
1 1505312
1 9585008
1 1794909
1 9862132
1 6197833
1 2485365
1 1443488
1 8573412
1 9692721
1 3039184
1 5424780
1 8634396
1 5701251
1 4958749
1 7463293
1 762325
1 5038308
1 3415115
1 9869489
1 8190439
1 8192502
1 2506576
1 7459467
1 7207270
1 598831
1 8292652
1 5068828
1 4323954
1 876019
1 3384402
1 907818
1 9322519
1 6086463
1 1808830
1 5142939
1 6260102
1 2324086
1 5909782
1 7026783
1 5981843
1 1211419
1 5409279
1 6104320
1 1015943
1 9490841
1 416059
1 9179237
1 5339972
1 607097
1 7773903
1 5395120
1 1525999
1 4479629
1 1782249
1 2793899
1 6196031
1 5295502
1 9738510
1 9038742
1 2444664
1 5230470
1 4389578
1 9403181
1 5880988
1 3443766
1 2352505
1 4603588
1 2226308
1 8679842
1 4883475
1 8247291
1 3257559
1 2344042
1 5791920
1 1208253
1 2931579
1 9797728
1 8073601
1 3857821
1 6036984
1 4239670
1 5983816
1 3199401
1 5869423
1 4665535
1 2535970
1 5262728
1 8897772
1 9873328
1 8489613
1 8305917
1 4872248
1 9551400
1 2732118
1 9513317
1 3470783
1 5937331
1 1726295
1 7456894
1 7645221
1 5115533
1 2274941
1 2589861
1 3484634
1 4820425
1 4710657
1 2577786
1 46185
1 7770263
1 2632738
1 9813560
1 8189923
1 1401236
1 1175818
1 5896050
1 6790674
1 2268012
1 6190700
1 5379209
1 9438020
1 8174621
1 3594080
1 8386855
1 8765894
1 1848172
1 96543
1 2537790
1 2959898
1 8304256
1 114702
1 1898624
1 4157364
1 9553389
1 7408614
1 251832
1 4901787
1 7044121
1 5540499
1 732573
1 4173291
1 6582961
1 9166079
1 4905914
1 9993291
1 1092125
1 5474530
1 1598392
1 9987092
1 1949113
1 7505505
1 4616894
1 7340731
1 6343109
1 2392690
1 3511579
1 2461428
1 6885388
1 3667912
1 8786805
1 111584
1 26642
1 7043523
1 8831725
1 9074222
1 786669
1 9197779
1 5795498
1 132360
1 8685479
1 4044520
1 734257
1 6166738
1 9089061
1 9779717
1 9296291
1 558755
1 1149424
1 5588591
1 804379
1 99080
1 5623369
1 1123126
1 2669665
1 2687440
1 318933
1 9134370
1 6590415
1 6034702
1 1658085
1 4055895
1 3766955
1 935162
1 1073989
1 1438204
1 7777196
1 4805674
1 8806219
1 4889984
1 6343570
1 8823020
1 6965377
1 8447137
1 7757003
1 2463363
1 6049891
1 808704
1 7226270
1 1488402
1 7160165
1 324983
1 5117789
1 598213
1 8027202
1 5674075
1 1741239
1 9064051
1 9285371
1 1032591
1 9529744
1 7569609
1 9723475
1 9177155
1 3986642
1 4837756
1 8605690
1 8809497
1 3827322
1 5596999
1 1776581
1 6264878
1 9014818
1 9462233
1 9521362
1 6579048
1 2971762
1 4201038
1 8847295
1 6395631
1 9743609
1 4145472
1 9210795
1 8762708
1 7708701
1 3746935
1 6198764
1 9328759
1 7763368
1 9160154
1 1900677
1 8984381
1 9799919
1 9633488
1 8209062
1 9002078
1 5677507
1 4153237
1 2331838
1 1146942
1 3481924
1 3294481
1 5937850
1 5460526
1 5706101
1 7442032
1 3592531
1 8501606
1 1989747
1 1675047
1 5476042
1 2086418
1 7865465
1 2728721
1 1305113
1 3598436
1 416250
1 7467646
1 81484
1 6256087
1 4782511
1 3650459
1 7871871
1 7732633
1 3321537
1 460093
1 8481296
1 1685476
1 2760356
1 1725421
1 5092863
1 1354526
1 6155862
1 4567220
1 9369300
1 6322743
1 4925189
1 49808
1 8400707
1 4674278
1 3549412
1 4013946
1 5166375
1 8789754
1 1832796
1 8249369
1 1209840
1 869640
1 378041
1 1571344
1 9186143
1 5951201
1 4602903
1 2643412
1 4082537
1 9728292
1 9467541
1 8971662
1 5207226
1 19073
1 5640226
1 4359454
1 341818
1 2457096
1 1809297
1 2680392
1 4615323
1 9133808
1 7800178
1 2092046
1 8307348
1 5223149
1 3141630
1 6324424
1 4166496
1 7308631
1 2569924
1 8789989
1 8687732
1 9352278
1 8265747
1 9905015
1 179972
1 1232901
1 5431053
1 3278469
1 9569475
1 6272114
1 6649127
1 8023930
1 8571336
1 2720653
1 4960520
1 9397462
1 4098785
1 1198964
1 3043045
1 6433421
1 1870239
1 2598065
1 6910009
1 8750399
1 4379181
1 9397771
1 2489223
1 8656990
1 4166843
1 7743959
1 5994177
1 1232112
1 31854
1 2377267
1 8157539
1 4897049
1 516774
1 5553499
1 6305585
1 2526294
1 1104418
1 9237156
1 7385458
1 181547
1 8167776
1 2531315
1 1773901
1 6047149
1 9893644
1 2850286
1 5036271
1 8603425
1 1853255
1 46474
1 8594600
1 4669957
1 8774345
1 1365067
1 5082001
1 3319502
1 6321147
1 8996487
1 5516198
1 943960
1 8047043
1 214656
1 3010849
1 1883032
1 6545141
1 2169959
1 2056842
1 8928841
1 7282810
1 4529706
1 9425794
1 1627830
1 7795167
1 3175790
1 4467863
1 8604651
1 2916713
1 3913728
1 1494888
1 4018200
1 3406386
1 7977875
1 4325138
1 4379770
1 3530176
1 2956431
1 5886711
1 2296802
1 7625362
1 2002469
1 2072871
1 513013
1 5862258
1 755134
1 6503423
1 6347106
1 2855767
1 2483767
1 3301197
1 8984257
1 3540910
1 9151316
1 7063705
1 7369902
1 8849369
1 4019107
1 1165151
1 4989684
1 2137865
1 3010107
1 559125
1 1444809
1 498279
1 3839968
1 5740419
1 7867269
1 1933928
1 7718731
1 1925831
1 4141210
1 1785372
1 5481280
1 7350873
1 9812644
1 2721925
1 1992102
1 5595152
1 6276703
1 9644072
1 4795956
1 5471335
1 18929
1 1227151
1 8676916
1 6909741
1 615364
1 9726342
1 760588
1 4688361
1 6739490
1 7259782
1 1481442
1 1937067
1 8666694
1 227475
1 20471
1 1705809
1 4943569
1 6081840
1 5263241
1 7948729
1 1124117
1 3411333
1 1586794
1 4571196
1 6681334
1 3257701
1 1481651
1 187032
1 8385605
1 9540833
1 5245605
1 7573537
1 3976559
1 7448247
1 2450832
1 6401310
1 3227095
1 2934676
1 1100417
1 9591809
1 9534933
1 3988019
1 7646976
1 789769
1 3906349
1 5876668
1 3545563
1 7936128
1 5528477
1 7714354
1 6524447
1 9494763
1 1462128
1 5393741
1 2122691
1 5782813
1 144602
1 6048677
1 6672839
1 4620082
1 6954767
1 6610168
1 499285
1 9434450
1 341550
1 2882257
1 4424554
1 7562894
1 3928138
1 9134221
1 9057045
1 203498
1 3048100
1 7124017
1 6599668
1 7272337
1 3563460
1 7653245
1 3583287
1 8270390
1 389167
1 5778883
1 2071966
1 3960630
1 4889184
1 5603228
1 1433943
1 2908302
1 5769574
1 190649
1 392760
1 8179732
1 3840661
1 6247718
1 3763430
1 3392061
1 5704882
1 9932211
1 5898112
1 5996180
1 1644443
1 7388201
1 558153
1 1852195
1 2835809
1 763457
1 5723948
1 856722
1 1868750
1 9946007
1 6365810
1 2806113
1 445003
1 2040889
1 6987896
1 9240677
1 9134883
1 2402009
1 5740444
1 7142623
1 8121713
1 2430793
1 9977353
1 4312791
1 727984
1 8623664
1 5708515
1 7240866
1 2533220
1 9002194
1 8988838
1 8561775
1 6397104
1 637810
1 4553359
1 5241436
1 7797619
1 1277873
1 306920
1 913593
1 9728304
1 1646410
1 8681339
1 1896628
1 5732982
1 6026925
1 3147779
1 9857322
1 9919573
1 5240899
1 4096813
1 293019
1 1338990
1 2514096
1 5931172
1 9937365
1 154655
1 3066318
1 9614874
1 5048951
1 8116111
1 8138703
1 1392610
1 1324460
1 5713623
1 6703722
1 4494590
1 4473773
1 9881616
1 6225337
1 3841136
1 8985706
1 3689019
1 6005913
1 63338
1 395195
1 2083759
1 1833308
1 1043608
1 6450778
1 7448462
1 2077829
1 8991480
1 4678185
1 3035838
1 361958
1 8054635
1 6031429
1 9324132
1 1537831
1 7814140
1 259925
1 9983589
1 454335
1 6478120
1 5765401
1 3735740
1 5674129
1 6093733
1 7565018
1 1525720
1 5651769
1 9955017
1 6256951
1 729556
1 133132
1 6264130
1 5478385
1 4794264
1 3457679
1 9851235
1 2185492
1 357749
1 5497884
1 6132539
1 3052935
1 1577907
1 3331855
1 9686429
1 539055
1 3905957
1 9377118
1 7778880
1 3999267
1 1414408
1 7243204
1 4419394
1 5408297
1 2069243
1 8581729
1 9542290
1 1588528
1 84314
1 5234460
1 8089279
1 9844626
1 510222
1 5068740
1 6064638
1 7906045
1 9718518
1 2033094
1 313793
1 485182
1 571266
1 2783405
1 4520240
1 4503916
1 1183873
1 8731913
1 8503833
1 7016886
1 308333
1 505892
1 1299825
1 6801438
1 9459326
1 1364468
1 5858265
1 6770198
1 7466069
1 2718810
1 772210
1 3346604
1 3663046
1 8452513
1 7942842
1 5618024
1 2520974
1 5812359
1 7756506
1 1716078
1 3552368
1 97680
1 5836255
1 5894708
1 7953375
1 880722
1 3798151
1 5008519
1 5064617
1 3232347
1 4160694
1 6682161
1 7749445
1 436245
1 8589880
1 9094212
1 9797470
1 9928483
1 1445722
1 1580112
1 6718089
1 464431
1 5777366
1 6753945
1 6201894
1 2114930
1 2651387
1 9199839
1 4633892
1 3419782
1 9629537
1 4404844
1 5238249
1 9649836
1 801529
1 9995468
1 1054145
1 4158468
1 3590065
1 8215698
1 2054877
1 6524496
1 5562581
1 8783101
1 3114604
1 7199757
1 8809200
1 5092938
1 6968371
1 3980775
1 2648644
1 473007
1 542342
1 1095360
1 2268838
1 6120464
1 9555800
1 6863528
1 5213576
1 4107644
1 8486793
1 1809771
1 2086299
1 4597700
1 1520170
1 9804722
1 1771611
1 2189283
1 8068854
1 3701268
1 9819557
1 3021516
1 2317154
1 5207750
1 7693453
1 7139576
1 961605
1 8000311
1 3321527
1 4286390
1 213813
1 6597039
1 8508656
1 9699834
1 681662
1 559710
1 7429935
1 5780068
1 429194
1 444143
1 515763
1 6970635
1 588286
1 4531573
1 9529218
1 2203658
1 2192469
1 7350531
1 6849204
1 348411
1 1562729
1 1855510
1 7029199
1 2165626
1 9737293
1 1837031
1 979847
1 793417
1 8060092
1 5944874
1 2508241
1 793413
1 7509072
1 4910500
1 7911824
1 8512175
1 2035932
1 6411666
1 7489260
1 6381443
1 493597
1 9304332
1 806367
1 7524251
1 2834509
1 2407001
1 880897
1 3737029
1 3076485
1 2658371
1 9716130
1 8059508
1 3314154
1 1124501
1 7167623
1 1149717
1 8435394
1 886174
1 8598049
1 3585070
1 6805377
1 5655936
1 1168418
1 5169299
1 1843010
1 6949831
1 5868388
1 4208286
1 1734772
1 6684092
1 6206034
1 762958
1 613362
1 2990582
1 8824210
1 7931985
1 4536375
1 2594065
1 316885
1 9601630
1 147962
1 4116895
1 3562509
1 3254984
1 3339026
1 6476421
1 5576304
1 3289779
1 5632646
1 1428138
1 6389485
1 9162628
1 8621121
1 9794756
1 3234044
1 6706185
1 3166285
1 5132456
1 9761650
1 6330605
1 1907778
1 1279506
1 7812293
1 5806452
1 8256921
1 5262060
1 698525
1 9485234
1 7388239
1 4677132
1 3718585
1 1235685
1 9697400
1 4983829
1 254602
1 5506469
1 3180858
1 2987307
1 9259119
1 419110
1 7793589
1 6691784
1 6088030
1 1836146
1 5301259
1 4877395
1 8870877
1 9029220
1 2866540
1 2493380
1 5183865
1 1402293
1 2062572
1 5861208
1 2045445
1 6665357
1 8584645
1 9511692
1 2725860
1 7632997
1 1499573
1 5080960
1 8665428
1 6310663
1 7030226
1 2816749
1 4142938
1 1022402
1 1242334
1 7756980
1 1224808
1 3072741
1 1884651
1 6907365
1 4550734
1 759796
1 3790997
1 6575799
1 6246265
1 9922056
1 3700556
1 3967397
1 3632955
1 6363827
1 9961163
1 7003228
1 1309588
1 6374676
1 5462755
1 523893
1 7577667
1 1428277
1 256989
1 3363136
1 4670920
1 6583686
1 6595727
1 5574431
1 9651369
1 1188127
1 1725836
1 1086120
1 9688402
1 2345466
1 3223193
1 4909546
1 5511555
1 5740100
1 9928457
1 4275142
1 867593
1 2072212
1 347266
1 2075624
1 6124487
1 4246576
1 5252992
1 7174100
1 9136105
1 6202231
1 1892650
1 885962
1 4671705
1 9715636
1 8411687
1 2186304
1 9012358
1 239793
1 4797959
1 4555722
1 4705742
1 9863038
1 3430432
1 3321997
1 5924024
1 8329358
1 9183775
1 7666919
1 2428253
1 792182
1 5694947
1 6405365
1 624165
1 8944301
1 1800202
1 5501017
1 773855
1 4667280
1 9147553
1 185876
1 6640996
1 2604233
1 4765426
1 448846
1 1026078
1 2263331
1 4433842
1 9359823
1 6202437
1 3257488
1 4752522
1 4312050
1 7356264
1 278834
1 6093492
1 1914291
1 527120
1 207122
1 1947374
1 3797174
1 9032209
1 905878
1 3682241
1 2171546
1 3128505
1 9961329
1 9389586
1 6399016
1 4663735
1 3508864
1 482993
1 5833910
1 2874614
1 9553593
1 2740747
1 3505409
1 2527216
1 9787439
1 1321079
1 3167102
1 2690564
1 3264821
1 2734602
1 1759026
1 1786968
1 2954851
1 3122335
1 6665929
1 4973845
1 3763410
1 6156582
1 5610387
1 3438838
1 2084259
1 9762080
1 335719
1 8245729
1 7464457
1 5419803
1 1123078
1 1482718
1 4197136
1 8282969
1 2719234
1 5884662
1 4341669
1 1547749
1 3739929
1 694275
1 390815
1 5350806
1 7529352
1 8446069
1 6137123
1 3014119
1 541677
1 774172
1 2187925
1 1235881
1 7731585
1 5853538
1 2032519
1 302911
1 3842621
1 1408726
1 5479418
1 2499949
1 1652675
1 9553405
1 4200420
1 9929790
1 3271141
1 1213264
1 2517827
1 970014
1 4486073
1 2452459
1 6166829
1 5282324
1 9153089
1 5747847
1 9561808
1 1363522
1 7895779
1 2986335
1 8752824
1 6262317
1 7955350
1 4876633
1 7020476
1 8079149
1 9695737
1 3791737
1 6125255
1 2300727
1 1233091
1 5360169
1 8207114
1 7617831
1 4440806
1 9679185
1 834580
1 7092470
1 5291789
1 4955882
1 8643755
1 1822289
1 6458424
1 932424
1 6876910
1 5320761
1 5486177
1 7927298
1 2913483
1 5568972
1 6360066
1 8284918
1 3327465
1 1799555
1 8012964
1 3471143
1 8819675
1 40771
1 5602739
1 26222
1 5064093
1 5134686
1 3564397
1 8073303
1 8219916
1 7642803
1 9423355
1 7836585
1 4691730
1 2529935
1 5933974
1 6449109
1 3179032
1 4754343
1 4208423
1 8991118
1 2155377
1 9834510
1 8801798
1 7579351
1 6575353
1 6018933
1 9499137
1 1014288
1 6931079
1 8226645
1 2401071
1 6511054
1 5371529
1 2238130
1 7061424
1 2393859
1 6258841
1 3433097
1 862688
1 1152686
1 2894243
1 5208523
1 5712234
1 9795516
1 5899921
1 3427901
1 1950468
1 3416222
1 3404921
1 4618425
1 1076156
1 2343911
1 9658213
1 4945493
1 6853095
1 8354826
1 7201305
1 1608402
1 7170445
1 1895805
1 5597201
1 8247942
1 9725515
1 6656335
1 5148774
1 47616
1 5702266
1 6555886
1 9902836
1 968523
1 2507335
1 3216049
1 4538568
1 3536227
1 5113268
1 6375466
1 7089505
1 5549342
1 7875455
1 9319383
1 1322350
1 868972
1 2813393
1 2023508
1 9841648
1 4993060
1 5090316
1 9126208
1 1891559
1 173595
1 3945026
1 4241718
1 9915391
1 4923261
1 404323
1 5101163
1 9323084
1 3225505
1 9999064
1 2149577
1 5951988
1 7230572
1 7043104
1 1781393
1 3725175
1 6230137
1 6228814
1 5735154
1 1202325
1 8773763
1 848348
1 847524
1 2713679
1 6933144
1 2442347
1 6264229
1 388516
1 9084621
1 2172668
1 9776611
1 449809
1 3709800
1 4324792
1 5705932
1 2428828
1 3622684
1 9894257
1 5548467
1 6985617
1 8390640
1 7717543
1 3479572
1 9564018
1 3169569
1 191897
1 6977102
1 4603515
1 6956230
1 2547070
1 2278137
1 5183201
1 6579159
1 4697577
1 8150104
1 6112944
1 1861783
1 3679978
1 8245685
1 9807590
1 6910506
1 6579056
1 8399221
1 9545910
1 3654265
1 667151
1 5288840
1 9838765
1 8557554
1 653949
1 1567426
1 5888249
1 8936415
1 8539795
1 5410103
1 7154878
1 696675
1 1115555
1 5944446
1 8840624
1 9098297
1 1939813
1 1601020
1 3599080
1 2026785
1 927946
1 9617831
1 7302003
1 3688435
1 8331416
1 4257563
1 7097180
1 3570442
1 3712923
1 6494287
1 9432951
1 7782771
1 7230586
1 3890003
1 8583585
1 9539613
1 917771
1 4524008
1 6694842
1 2986759
1 2563671
1 6500831
1 8298583
1 9024545
1 2611447
1 1161643
1 4118101
1 8303113
1 4427191
1 4354171
1 9327208
1 979927
1 3031916
1 8298024
1 5313285
1 2431320
1 7098817
1 1542702
1 6330444
1 3102043
1 534758
1 6289709
1 3949363
1 2424769
1 4072115
1 4741375
1 9485657
1 5668589
1 2466475
1 1007376
1 999296
1 9465131
1 9885170
1 9300097
1 8332859
1 446371
1 6547760
1 5212833
1 1402177
1 608965
1 8535430
1 5387674
1 6298964
1 5172692
1 2379462
1 1508261
1 674679
1 7348680
1 2256567
1 9299861
1 6119597
1 8018454
1 6114808
1 2412225
1 1226002
1 2679078
1 5099043
1 1114656
1 1777056
1 5009337
1 904864
1 3523037
1 6076822
1 4346384
1 4504785
1 9284421
1 4665648
1 5827804
1 3540082
1 5253003
1 6285904
1 915851
1 938177
1 8174449
1 9921916
1 6854759
1 8267859
1 2941493
1 6452771
1 640595
1 3891272
1 4297372
1 1084768
1 7259965
1 663226
1 5215678
1 1623241
1 277950
1 8710731
1 1644816
1 2118790
1 7745226
1 7985777
1 3118436
1 7486910
1 6356749
1 5263486
1 2375676
1 9878579
1 7106290
1 3669515
1 7706462
1 7020511
1 7777957
1 4295845
1 7685955
1 5584243
1 1534752
1 1138394
1 8822034
1 869291
1 102556
1 4178037
1 1319927
1 1322889
1 1509640
1 9086416
1 8666890
1 7199576
1 6186646
1 3964757
1 8954043
1 7046185
1 5110570
1 4378797
1 2786251
1 8785505
1 5628982
1 7984733
1 2174828
1 519979
1 2174724
1 7327729
1 2892932
1 7707827
1 8473033
1 2441774
1 7512069
1 4796076
1 1370572
1 6959544
1 4945679
1 9303363
1 9240847
1 2136324
1 7576841
1 3543064
1 6984664
1 8793076
1 5365190
1 91506
1 7074515
1 2626838
1 710929
1 2528148
1 7666592
1 2668724
1 6092909
1 9011972
1 2679281
1 2836682
1 9991551
1 6981117
1 501631
1 9697880
1 6692805
1 15301
1 7576098
1 6200142
1 9207329
1 9577401
1 4365276
1 23895
1 9709020
1 711350
1 7871621
1 3079936
1 6490437
1 6033739
1 1348532
1 716915
1 9031879
1 9345408
1 633593
1 9384397
1 8582608
1 6058033
1 9630018
1 5665453
1 3669281
1 7903773
1 7629490
1 3920716
1 206853
1 8941586
1 94972
1 858906
1 9271975
1 531122
1 2035333
1 5928882
1 7489403
1 7273984
1 8025462
1 7753719
1 3519895
1 6845834
1 2862847
1 3526588
1 453531
1 4848966
1 4560874
1 582096
1 1810138
1 3557702
1 7631033
1 7619511
1 5324246
1 95809
1 8517108
1 7406235
1 8709110
1 4196287
1 2292491
1 1408765
1 8046531
1 414443
1 5596943
1 8629761
1 603580
1 8589752
1 162198
1 4693633
1 4901848
1 8026029
1 5308661
1 7744723
1 1873385
1 1394074
1 7501763
1 2993129
1 5907330
1 7588058
1 6337633
1 8477810
1 1639437
1 3129516
1 3687370
1 6399413
1 2565575
1 4717435
1 2586198
1 4011703
1 7784470
1 3272921
1 2751011
1 1607735
1 2123749
1 1323449
1 1149160
1 4780521
1 1136921
1 234390
1 4399952
1 7709416
1 9864987
1 2915580
1 2160931
1 4209922
1 6226811
1 2152032
1 7486356
1 8893455
1 6900528
1 9801246
1 7135980
1 5572685
1 4536357
1 3309066
1 1626690
1 8517039
1 8727059
1 2720981
1 7516411
1 1833974
1 7458823
1 4833174
1 5684988
1 5058411
1 9492460
1 5791336
1 4229703
1 3899957
1 8963680
1 6833235
1 1281446
1 7741117
1 8757062
1 7302467
1 5801313
1 9988304
1 9989640
1 8827888
1 9480035
1 8476783
1 4180385
1 5296671
1 7544092
1 5568658
1 2796368
1 686558
1 3966913
1 3821579
1 7935793
1 6238777
1 3890395
1 495696
1 4958068
1 990986
1 7888246
1 8037030
1 3806101
1 9408732
1 2276448
1 315320
1 9813226
1 5320475
1 5266365
1 4059272
1 2663049
1 6820270
1 2530400
1 4691562
1 2789374
1 6977696
1 1847551
1 8737090
1 501422
1 8888044
1 7119462
1 5686847
1 5125207
1 6698246
1 2304345
1 9180626
1 6380056
1 1193663
1 9061944
1 8325981
1 4937149
1 2234878
1 1915149
1 7548912
1 7797179
1 9590101
1 6398271
1 5948807
1 655946
1 1086729
1 426184
1 9404152
1 6644017
1 5614443
1 7077019
1 5239898
1 1289112
1 9679716
1 3854068
1 5796797
1 2385815
1 7095692
1 4321125
1 1782546
1 5779
1 3730391
1 4298524
1 2344722
1 8574
1 4452120
1 8353729
1 3769693
1 575071
1 6238924
1 3014651
1 3962338
1 1923812
1 2291585
1 9725893
1 4588647
1 5482186
1 2621178
1 811510
1 5325158
1 5932441
1 9374696
1 376682
1 1536161
1 1409527
1 2434806
1 2634774
1 8552787
1 9678075
1 3091785
1 5199132
1 9508608
1 4135435
1 6305089
1 5098067
1 2117863
1 8096501
1 6198689
1 1347865
1 4312387
1 6247912
1 6859968
1 3145827
1 3831327
1 2645474
1 3791172
1 5628005
1 933987
1 9374070
1 9679226
1 374038
1 4881359
1 4503113
1 9871217
1 9444765
1 7088993
1 1208582
1 8432814
1 1516553
1 5896429
1 9139553
1 3980335
1 9833357
1 4774218
1 8432746
1 3606805
1 2064340
1 6967017
1 290142
1 9929973
1 7119061
1 9409306
1 202447
1 1558214
1 5781729
1 2645938
1 1310701
1 4583801
1 311849
1 6459003
1 9406100
1 5933043
1 1316813
1 6899724
1 4312770
1 6588991
1 1325437
1 6351201
1 1812723
1 7562862
1 5569018
1 6953667
1 3980844
1 6475832
1 1893548
1 4450289
1 2584378
1 9235866
1 5541206
1 2854248
1 3086511
1 2896961
1 9267282
1 2116532
1 8226662
1 6961206
1 8043369
1 6858617
1 691189
1 3763950
1 5326462
1 5654610
1 5121696
1 6297428
1 3568843
1 2810949
1 3227785
1 984953
1 3860126
1 8912336
1 3916333
1 516377
1 3082950
1 4104940
1 5302325
1 170889
1 4902116
1 9272659
1 3847285
1 5937381
1 7101724
1 6170088
1 4144400
1 301830
1 9475420
1 8712210
1 9432183
1 3364030
1 6769822
1 2263394
1 587594
1 9104520
1 3889048
1 6271918
1 2520642
1 3272720
1 8778219
1 4675685
1 3607880
1 6054295
1 8101693
1 1028329
1 3712568
1 1996355
1 5622784
1 6449718
1 6019814
1 6802355
1 1627902
1 5366732
1 5545566
1 3530978
1 301437
1 255524
1 7005691
1 6584683
1 6670587
1 1930506
1 7317408
1 7833474
1 5733006
1 1302096
1 44061
1 8191058
1 2552190
1 4307041
1 8067558
1 5803707
1 546461
1 9539803
1 9815026
1 4060771
1 4649723
1 9761703
1 9056322
1 6681635
1 9815489
1 9486463
1 6396347
1 8168602
1 5469822
1 5693393
1 8312971
1 736115
1 2380520
1 7139552
1 1867043
1 9258328
1 3094659
1 5217678
1 9928862
1 6930987
1 6924193
1 6608224
1 3329097
1 8652396
1 4384915
1 54041
1 3503052
1 2438706
1 1536754
1 1770825
1 5670896
1 4170104
1 493197
1 506056
1 4280071
1 7228810
1 7490811
1 5833604
1 3933480
1 8729020
1 3556189
1 2591273
1 4938568
1 2854342
1 684508
1 1582139
1 5064091
1 1772991
1 5523771
1 7066595
1 299310
1 1803453
1 174636
1 7668574
1 8266214
1 4886915
1 3093165
1 6763558
1 5011705
1 839373
1 7822707
1 2429901
1 1328562
1 5048184
1 3187770
1 973380
1 2299846
1 9803840
1 3707120
1 3592992
1 3894700
1 2180544
1 9942254
1 6521394
1 990420
1 2561772
1 9210681
1 2984594
1 8640924
1 6704735
1 3394002
1 4458303
1 4109985
1 3127187
1 1993653
1 378342
1 6580599
1 5763763
1 2191633
1 9685545
1 8461159
1 8910845
1 3093172
1 181026
1 4435729
1 2535938
1 8935563
1 5942902
1 1622147
1 3511720
1 3696811
1 832718
1 1575131
1 8294611
1 4032320
1 4981305
1 104202
1 6204255
1 2907587
1 3825113
1 6615191
1 3144304
1 7064853
1 7025774
1 1414243
1 3008723
1 730800
1 7433899
1 1285804
1 2565983
1 4848707
1 1298831
1 2572088
1 7944736
1 5372873
1 5722512
1 1775217
1 7878819
1 3813742
1 7694077
1 306330
1 8375498
1 7601008
1 3866940
1 2141150
1 7016225
1 3074526
1 6623721
1 1840195
1 3574159
1 736260
1 9269310
1 4257175
1 6179965
1 5385833
1 924494
1 4710499
1 7971216
1 6852025
1 1333060
1 3689183
1 638504
1 5400436
1 6623892
1 2429661
1 3430066
1 1579892
1 2967571
1 1709077
1 154000
1 4550311
1 328627
1 6512027
1 3401898
1 6160458
1 7663018
1 7451396
1 4979604
1 7365373
1 5942623
1 3454757
1 779688
1 6226741
1 4921475
1 6198341
1 4102034
1 5697721
1 1385325
1 6491083
1 2422541
1 7389983
1 7418760
1 1876435
1 496250
1 3389639
1 9547053
1 8680112
1 5193888
1 1829085
1 1426005
1 9908870
1 5618877
1 8106660
1 7892062
1 9668637
1 2997029
1 2435559
1 9109863
1 1325161
1 2169411
1 3450085
1 6127980
1 5820606
1 6253812
1 2242127
1 3650417
1 7122539
1 5319248
1 2125870
1 3008418
1 3804151
1 8375119
1 1419851
1 4242699
1 7208241
1 8898034
1 8215602
1 1528921
1 3644165
1 1847384
1 2083526
1 824829
1 9292202
1 6877841
1 6665223
1 4716435
1 9485656
1 3040284
1 209357
1 2796761
1 4771213
1 5244467
1 82996
1 2630812
1 6407006
1 9095867
1 5599203
1 5486639
1 1110779
1 9947415
1 2984129
1 2740147
1 1889853
1 4399715
1 6571571
1 4696090
1 1167309
1 8555796
1 6069879
1 5220490
1 8205169
1 7567824
1 5393948
1 6250284
1 5288562
1 2104453
1 5128696
1 9985055
1 4179576
1 1547690
1 2867987
1 885147
1 3237495
1 2989208
1 3515911
1 4708336
1 369164
1 4805779
1 5981956
1 8575654
1 7606357
1 6015706
1 8249432
1 2346091
1 3884817
1 6728662
1 2192103
1 9853655
1 5247907
1 1070430
1 8420864
1 1129911
1 2300177
1 2129427
1 974581
1 4656037
1 6971847
1 3818566
1 8138669
1 2514260
1 366279
1 3063753
1 8679040
1 8866853
1 2840733
1 5947546
1 3167989
1 2978605
1 3647524
1 2755454
1 7359947
1 2511566
1 6240882
1 2641033
1 5466962
1 1752287
1 3019888
1 4424185
1 1617957
1 5059643
1 2767314
1 1187772
1 7287227
1 1548005
1 8564289
1 9006453
1 5339528
1 2969861
1 6905781
1 722788
1 890577
1 4363671
1 8523730
1 9880582
1 3065327
1 9379955
1 8714887
1 328621
1 1350887
1 8692235
1 9780500
1 5860266
1 6967784
1 9895210
1 2370779
1 3312019
1 4104218
1 5926232
1 4070663
1 4636426
1 337108
1 8413416
1 1624431
1 9281600
1 1518561
1 1121587
1 7411964
1 1436155
1 9984568
1 7910125
1 2623555
1 5304941
1 9591776
1 8292370
1 4696894
1 5880298
1 7413260
1 2983595
1 1882113
1 8225055
1 8144388
1 2590846
1 5283894
1 3948393
1 353485
1 3907423
1 6313809
1 2425113
1 7000458
1 5496244
1 7726455
1 9264568
1 7249584
1 373106
1 3023062
1 6597138
1 948300
1 4250590
1 2466371
1 7946809
1 9593565
1 6547415
1 1590108
1 7229264
1 1143138
1 7821552
1 1167012
1 3241492
1 2533394
1 6344732
1 1341153
1 7761924
1 1701882
1 2696437
1 5420057
1 5335672
1 3546518
1 4985359
1 7522229
1 559784
1 6705937
1 5300424
1 4712922
1 7887012
1 8998459
1 72425
1 537062
1 7894184
1 3005860
1 919574
1 5232005
1 1558427
1 7321128
1 6364058
1 5204350
1 4222659
1 6204888
1 6841145
1 7188091
1 4790177
1 646674
1 3525532
1 6748366
1 8550900
1 8287931
1 2882783
1 9937362
1 792364
1 4630667
1 9373539
1 6035063
1 5815099
1 1712279
1 643986
1 934541
1 3126314
1 4078287
1 2885541
1 5427811
1 3610327
1 176223
1 6788214
1 8464903
1 3228590
1 5770066
1 1204234
1 3161624
1 3555827
1 8721485
1 8190139
1 2336635
1 8975029
1 5889209
1 5042102
1 7627228
1 6836875
1 1086115
1 7225294
1 8500443
1 7234657
1 691433
1 2598631
1 5060493
1 5658347
1 7846921
1 7055193
1 6958203
1 4724749
1 7517287
1 2004395
1 4072468
1 8792605
1 2473789
1 8914049
1 1892484
1 7210585
1 2616493
1 3183092
1 4224348
1 6687679
1 1453492
1 6995263
1 9521534
1 5383382
1 7179130
1 617093
1 4717237
1 6010108
1 7532311
1 5138438
1 2136070
1 4710185
1 1415803
1 2296921
1 3595107
1 2930858
1 1759809
1 3632097
1 2365055
1 6268374
1 9632229
1 9029951
1 4770037
1 1970331
1 2501686
1 1800844
1 2931759
1 2164399
1 3488171
1 9643648
1 3604017
1 8988935
1 6895563
1 8647529
1 983592
1 8636081
1 2553007
1 4125167
1 6093322
1 9167298
1 9122381
1 6342596
1 933382
1 9756378
1 4312578
1 2501796
1 6405765
1 1605749
1 4865704
1 6260008
1 2348067
1 1534192
1 5788228
1 8626839
1 3017190
1 5710408
1 1795518
1 25231
1 3490220
1 6488027
1 9167275
1 7512412
1 3886099
1 7472336
1 7108713
1 4557847
1 7510496
1 326621
1 2369269
1 2389566
1 1402542
1 4963019
1 9350166
1 9769198
1 1658228
1 1184119
1 8838262
1 8473333
1 925013
1 713404
1 2428398
1 5653677
1 897054
1 1271491
1 2020270
1 3882981
1 6182958
1 2547080
1 9568872
1 1540839
1 8201203
1 7597452
1 3815647
1 7666170
1 5706083
1 8355259
1 621696
1 707613
1 5388392
1 1170999
1 2285847
1 453575
1 2269446
1 1095806
1 3502959
1 7971451
1 8071215
1 4517172
1 6287849
1 1346111
1 8936571
1 3608130
1 6565920
1 9807852
1 592218
1 4249142
1 1019922
1 2153632
1 8768335
1 5039342
1 2825017
1 7081918
1 9133008
1 2677926
1 3174554
1 3759938
1 7725891
1 7697625
1 8163252
1 1484854
1 2511481
1 6308843
1 8588027
1 8239684
1 7894760
1 4845704
1 4371955
1 476406
1 4391474
1 3083197
1 7103250
1 7181103
1 4337339
1 7531921
1 7846437
1 4823846
1 5789002
1 3964028
1 2161841
1 5293223
1 9960458
1 8441790
1 4931723
1 220407
1 5327959
1 1463934
1 9132038
1 7309649
1 1321731
1 5435281
1 9397931
1 1067624
1 6099226
1 4031420
1 5498084
1 7420775
1 9334926
1 1955848
1 5298069
1 7219664
1 3714343
1 9708101
1 5491622
1 5579878
1 8038826
1 3916751
1 3042951
1 9296399
1 9654244
1 9146533
1 189709
1 1671875
1 4042045
1 5994079
1 118207
1 9615105
1 9836732
1 6309899
1 4399284
1 8305496
1 4357017
1 8227733
1 9171797
1 6185552
1 6996824
1 6464668
1 929684
1 6101125
1 3023877
1 3032674
1 3729446
1 1341992
1 5291477
1 518913
1 7837265
1 4478281
1 2563443
1 7786401
1 7585386
1 2257775
1 9117129
1 7980277
1 1193540
1 8797355
1 9558212
1 5859146
1 5396576
1 1025931
1 4808571
1 8602538
1 5654800
1 4640149
1 4105870
1 6612336
1 1988886
1 9675142
1 3816413
1 2047465
1 3808908
1 6214444
1 5298086
1 7387340
1 9555994
1 2527464
1 4376736
1 5143124
1 6537071
1 9724435
1 9204496
1 9112745
1 4715519
1 8763813
1 1977130
1 7243752
1 6952604
1 7492157
1 3528945
1 5229609
1 8221488
1 4608710
1 7746456
1 6320521
1 4501124
1 9599162
1 7999792
1 9895028
1 2275357
1 6621675
1 8077976
1 2632966
1 8212560
1 2444760
1 9208953
1 9292279
1 4777792
1 1158746
1 4801860
1 2988737
1 3426214
1 8022691
1 3543931
1 4902824
1 9037524
1 3508312
1 1568496
1 7668501
1 5799569
1 5186077
1 7524856
1 9472756
1 5480678
1 9909108
1 7755044
1 5510832
1 799990
1 116771
1 7105579
1 8618956
1 9694322
1 5821046
1 5306163
1 1264351
1 5345470
1 594624
1 8087809
1 9592552
1 2125118
1 2128568
1 3298839
1 7271380
1 2002017
1 4228905
1 7372687
1 5343156
1 8230073
1 5633288
1 1906147
1 5055331
1 6298962
1 9043152
1 5762207
1 1785043
1 3136833
1 2450090
1 2660210
1 5685
1 4463365
1 7449525
1 376347
1 2099742
1 7393268
1 5947968
1 3137939
1 9156501
1 4739383
1 9170982
1 1326941
1 4365317
1 5790581
1 5975461
1 8843427
1 7321960
1 651794
1 450698
1 2266599
1 5374835
1 5750303
1 7654396
1 1183180
1 861103
1 5311409
1 8058199
1 6443502
1 6897581
1 9810262
1 6836217
1 2489792
1 722103
1 6168346
1 1857451
1 6233178
1 3726928
1 8201452
1 1717628
1 723610
1 7619668
1 6782950
1 1454610
1 1915407
1 9212101
1 7406501
1 1864764
1 7220776
1 9319521
1 1393488
1 2970493
1 8010646
1 6301611
1 4827267
1 3221577
1 3996437
1 4196992
1 3039541
1 5701893
1 2800780
1 9289906
1 9702449
1 1423286
1 4301124
1 597829
1 8769460
1 8479701
1 6486309
1 7684423
1 8545950
1 4076227
1 5201880
1 3890403
1 6029739
1 9957612
1 1985036
1 6316763
1 8968285
1 7001022
1 2368738
1 6669587
1 2345129
1 1529035
1 8532140
1 5532171
1 7622920
1 6132336
1 8855974
1 2440890
1 604728
1 4431367
1 885342
1 9671750
1 7000945
1 4017111
1 2364018
1 5969198
1 9752949
1 7195597
1 5765621
1 5384375
1 6744137
1 8365182
1 8107750
1 9015192
1 3476959
1 9514814
1 6758434
1 2420757
1 2785829
1 4500817
1 3463371
1 4301155
1 27050
1 7107521
1 4693911
1 5865811
1 4519762
1 8230396
1 2807753
1 9515151
1 1338409
1 9393979
1 4813925
1 5934373
1 3285389
1 9440393
1 9229078
1 5022105
1 7653573
1 4963770
1 9737353
1 3655102
1 9716140
1 5528102
1 3866010
1 6423235
1 8899035
1 6504453
1 4136620
1 9245055
1 8282377
1 2495071
1 335149
1 5454957
1 6673294
1 2121592
1 5015144
1 3244823
1 6642147
1 6747915
1 3363272
1 7463782
1 7042029
1 3986973
1 4570606
1 3202288
1 2470512
1 6248622
1 1066414
1 6578024
1 5435071
1 9380004
1 6596442
1 1517313
1 4172829
1 1943374
1 6671150
1 1825927
1 152719
1 7421728
1 2508193
1 9688490
1 4244211
1 3877371
1 1511081
1 5650764
1 4504239
1 1131518
1 2321996
1 985947
1 2106199
1 3335331
1 5195866
1 3634991
1 7717789
1 7865100
1 4832808
1 1025306
1 3019292
1 4340246
1 5211245
1 5724473
1 8440027
1 1264363
1 2350950
1 1441699
1 225878
1 6542807
1 9582052
1 2164931
1 7307681
1 7831081
1 4030603
1 9757753
1 5746922
1 537898
1 1792559
1 5374814
1 7166707
1 6175136
1 9375309
1 4478369
1 773752
1 1464890
1 179775
1 4665724
1 2384600
1 9375813
1 2982113
1 3082132
1 9587337
1 9035794
1 3326498
1 8978638
1 3563752
1 3372869
1 1490859
1 6527367
1 8490192
1 2273480
1 8456157
1 6009630
1 9599650
1 5931848
1 6841380
1 4730395
1 1573257
1 2216240
1 4901954
1 8058866
1 7032345
1 2582921
1 2733271
1 8471785
1 3922450
1 1894720
1 3348632
1 9761793
1 662167
1 6068186
1 8413551
1 7490304
1 4536559
1 7173680
1 1184554
1 5186917
1 6158913
1 8111822
1 8486760
1 4599727
1 8682678
1 4345604
1 8992027
1 5938313
1 4114656
1 5851146
1 2334263
1 9642634
1 1536350
1 2284032
1 4633596
1 7727883
1 6551240
1 869533
1 778501
1 2294358
1 4601757
1 3423729
1 1782182
1 2285557
1 2791473
1 9457137
1 4789407
1 7682229
1 7763205
1 2395054
1 691896
1 5934795
1 8274903
1 9225025
1 3450243
1 421753
1 7393992
1 8617923
1 4464805
1 3452777
1 5363080
1 8472854
1 6752020
1 7022904
1 3374478
1 2863877
1 7137898
1 8260464
1 4992988
1 1093629
1 1289984
1 4520912
1 1115685
1 3340377
1 7933693
1 4626184
1 6892036
1 967899
1 7850839
1 1565314
1 5551558
1 5994330
1 3722189
1 5378979
1 234002
1 1254540
1 5429314
1 4047038
1 716147
1 5552775
1 8489974
1 3929740
1 9040008
1 2463470
1 7000026
1 3203465
1 5642505
1 3614926
1 9646851
1 8018506
1 1402882
1 1635337
1 2057028
1 8153821
1 5500579
1 8268650
1 3367274
1 2361337
1 8028193
1 4040955
1 2473441
1 6232251
1 7541949
1 6777105
1 2382727
1 3860822
1 9536074
1 152631
1 3789679
1 7247025
1 7441186
1 1586896
1 9257373
1 5233677
1 8428341
1 9277033
1 6261725
1 5977721
1 3484031
1 5609619
1 5444494
1 5373127
1 1811558
1 8709358
1 7892670
1 8818449
1 6383878
1 27976
1 3810727
1 9819751
1 6553927
1 8288326
1 9357457
1 3805266
1 5775765
1 9118609
1 9021872
1 7809409
1 1585969
1 2326837
1 1804724
1 5167994
1 6740098
1 2007339
1 7439423
1 6574616
1 8094158
1 616798
1 6083502
1 4212293
1 9790576
1 1042899
1 9661248
1 6365512
1 3439920
1 4585670
1 6346064
1 685716
1 4517394
1 3431825
1 1447848
1 471541
1 8026830
1 9671581
1 1451723
1 8842910
1 2747282
1 9574694
1 2782786
1 3083014
1 2237744
1 5741530
1 1043355
1 3075858
1 6006868
1 1584520
1 3952228
1 7061499
1 1236956
1 4995892
1 2090255
1 2777206
1 8790780
1 8348321
1 1668064
1 7296039
1 4037577
1 9811512
1 6448236
1 7241586
1 5002032
1 5408190
1 7673793
1 6184628
1 4111284
1 185730
1 3437225
1 3950858
1 902973
1 9469950
1 1877418
1 9302437
1 5493035
1 424585
1 1462610
1 9567322
1 7144440
1 4652839
1 2521776
1 4594669
1 6656504
1 2693214
1 5506605
1 8049576
1 3052894
1 3317725
1 2980155
1 5053443
1 271083
1 302616
1 6515541
1 1383231
1 7154711
1 192321
1 3679348
1 9657542
1 1820545
1 2339014
1 7225336
1 9680653
1 7379567
1 8482327
1 3049906
1 9310855
1 5087550
1 6958030
1 8077168
1 9275286
1 2548155
1 7167234
1 6895390
1 7933198
1 6203104
1 2700868
1 5151031
1 9765123
1 5168574
1 8158998
1 998185
1 6059259
1 407523
1 4121505
1 5791554
1 9013820
1 8277040
1 475812
1 7189064
1 8403296
1 4339803
1 1572222
1 2596478
1 696762
1 5598050
1 1879256
1 3149924
1 4472995
1 8462984
1 9515878
1 1513711
1 7080581
1 2673710
1 7993645
1 4588786
1 5235891
1 3616916
1 4869981
1 7595479
1 8036572
1 8943853
1 2265527
1 6613670
1 9153476
1 7907640
1 6551005
1 927872
1 7788808
1 2627994
1 2260913
1 6864092
1 6186144
1 1652301
1 25806
1 5273236
1 3381883
1 84054
1 2765108
1 1948311
1 3877961
1 4190816
1 1236884
1 9803006
1 7690217
1 6479457
1 343434
1 8330527
1 2142805
1 8214267
1 7044766
1 1761017
1 3510865
1 2298597
1 6690632
1 1854119
1 7082843
1 5075676
1 7015570
1 1474816
1 8144829
1 3665540
1 9458104
1 5192956
1 9171289
1 9052907
1 7449180
1 3175818
1 9879739
1 5889253
1 8886038
1 1809020
1 8481296
1 3071506
1 1979339
1 2696460
1 6633779
1 1108183
1 7880287
1 6552407
1 7053062
1 2860177
1 8842852
1 4432303
1 7919724
1 9954751
1 8456895
1 2718808
1 4091421
1 7087063
1 4716007
1 8371161
1 9263963
1 9264033
1 4826153
1 8579233
1 9679819
1 5841283
1 8044373
1 19068
1 1043295
1 8746203
1 9333314
1 1978556
1 9575635
1 4620983
1 2205879
1 4836620
1 2946271
1 6771875
1 2620235
1 472240
1 7475404
1 2104378
1 2808448
1 7871851
1 340465
1 1387956
1 2150547
1 1926586
1 8627922
1 3150782
1 3382096
1 7557472
1 7479906
1 7852024
1 3988116
1 5202760
1 7687487
1 2094658
1 1534746
1 8855605
1 1584258
1 3898766
1 9625533
1 2605397
1 1790592
1 1109104
1 780492
1 6700096
1 2491436
1 3424259
1 8029263
1 3053542
1 6382952
1 2114207
1 1939460
1 6470661
1 2538294
1 9413884
1 1514561
1 1156893
1 3817948
1 5390099
1 7971462
1 1853981
1 142195
1 5485301
1 9455108
1 9989499
1 3372128
1 715770
1 4583369
1 3811324
1 1125930
1 7529120
1 516923
1 8751411
1 8274567
1 6428837
1 7181186
1 1452552
1 1647791
1 1276085
1 6094094
1 4068278
1 7618852
1 8715619
1 7956952
1 7286388
1 5830376
1 5576447
1 6985060
1 398617
1 3275798
1 3171312
1 8519206
1 7013396
1 3317609
1 5696146
1 3987430
1 8490750
1 9396206
1 8125072
1 9125811
1 6463607
1 7756060
1 6377969
1 4698257
1 227598
1 1966461
1 372852
1 1570039
1 1150610
1 9110398
1 7540840
1 9849718
1 2801845
1 5039498
1 6522461
1 2135736
1 1168243
1 1267041
1 6406677
1 6765432
1 8555686
1 4212084
1 7261153
1 6837671
1 6259125
1 181226
1 9437451
1 7318896
1 6657234
1 8459941
1 849859
1 8244488
1 9129205
1 4213572
1 7389014
1 6273296
1 8862875
1 233622
1 5071292
1 9939223
1 4499741
1 1966923
1 7327969
1 3051018
1 3351805
1 8327777
1 5973594
1 9400015
1 7822499
1 3925944
1 3468711
1 3351043
1 8961832
1 1354933
1 1081749
1 529166
1 8767182
1 5071803
1 1815759
1 4238083
1 6987618
1 9282235
1 7694897
1 2691544
1 2386380
1 6297236
1 2619346
1 3246309
1 7011387
1 6773805
1 5455883
1 5917891
1 1565607
1 8584795
1 8298416
1 567831
1 1520695
1 6966504
1 2118813
1 7496192
1 44582
1 1449971
1 5378534
1 2969496
1 3434140
1 8956889
1 7962403
1 5549921
1 9013112
1 480727
1 6521501
1 8731201
1 4537475
1 6592343
1 9197028
1 3549555
1 6113965
1 57579
1 573871
1 3696531
1 5259393
1 9622113
1 9417109
1 6804921
1 9934642
1 5649269
1 6672046
1 7159197
1 7658388
1 3040911
1 6190709
1 8039929
1 3165397
1 1073719
1 790084
1 4495572
1 6836059
1 4024898
1 4923565
1 5059629
1 3189476
1 8541178
1 2574618
1 9032021
1 5828537
1 4332978
1 9656098
1 5142797
1 3344329
1 3538380
1 2837559
1 6735770
1 5110515
1 5840414
1 1582769
1 750211
1 6318445
1 2992802
1 4422785
1 5229866
1 567758
1 3311180
1 4133259
1 3442543
1 5103204
1 4907637
1 2488852
1 9590367
1 3451173
1 8286740
1 4428708
1 565435
1 5799284
1 9007227
1 9622500
1 1606469
1 6033500
1 319201
1 6248221
1 1345665
1 3083586
1 9087484
1 8378327
1 7987800
1 5626704
1 5754601
1 246768
1 4649020
1 1382752
1 9782639
1 6851824
1 5521374
1 7012336
1 4752038
1 9135915
1 225672
1 3281819
1 4668619
1 5438718
1 1364544
1 1208684
1 7916991
1 7641748
1 9361608
1 3764810
1 75148
1 9247908
1 2552603
1 8941867
1 7886408
1 8224556
1 5296607
1 108692
1 1739548
1 1342562
1 1963362
1 9088823
1 219976
1 8092671
1 3289429
1 9899883
1 987599
1 4234931
1 8206419
1 4678082
1 4858107
1 7280795
1 6682153
1 2586547
1 8083479
1 1689526
1 8182097
1 4060970
1 7735122
1 5438344
1 1949606
1 7035030
1 3128638
1 2473410
1 5724659
1 678098
1 441553
1 17098
1 9243030
1 1589708
1 3027212
1 275191
1 2084229
1 8340456
1 2804022
1 8736043
1 9271579
1 4013231
1 9584486
1 8386311
1 4357043
1 4760738
1 3527990
1 5261106
1 4865773
1 6286634
1 6678572
1 1287511
1 5802468
1 5459621
1 7950972
1 8016391
1 9481972
1 8878476
1 8258547
1 2349296
1 9168560
1 3385420
1 6663462
1 7594964
1 9072053
1 4165646
1 3854071
1 2462483
1 2973283
1 9777688
1 1794727
1 6394569
1 3119289
1 9647800
1 7402450
1 726037
1 468755
1 2220107
1 3079908
1 1812373
1 4950476
1 1574294
1 2158796
1 3838732
1 4402364
1 9976908
1 8228445
1 786500
1 2446689
1 4576518
1 6768993
1 5096932
1 2814812
1 9648932
1 3558848
1 2844745
1 8157739
1 6170820
1 4344942
1 7131026
1 5006187
1 6772804
1 1562517
1 2275946
1 7822174
1 4895845
1 2773938
1 2484358
1 7681070
1 3206934
1 5309330
1 2579664
1 6656340
1 1873567
1 9664132
1 1399780
1 2432576
1 5926372
1 6110411
1 3030562
1 4892478
1 2388022
1 8620093
1 8038532
1 9291935
1 9275002
1 6334040
1 4014461
1 6978714
1 2158496
1 8328327
1 7952755
1 6063043
1 1548001
1 5514160
1 353687
1 8830771
1 7262135
1 4258176
1 2331116
1 6123882
1 4319447
1 2032971
1 1469497
1 1431358
1 1545256
1 6344564
1 4116160
1 6819470
1 2765881
1 5902980
1 9625888
1 4679015
1 2713078
1 2780964
1 817425
1 5485505
1 8964586
1 570655
1 4619068
1 8894310
1 249723
1 1795352
1 8109825
1 9482800
1 4517176
1 9459097
1 2258366
1 6757458
1 6623820
1 230124
1 95237
1 3830334
1 4680593
1 9686355
1 5804887
1 1022120
1 4031127
1 9600466
1 2618058
1 6469721
1 8577244
1 3143393
1 9990834
1 1609042
1 2707245
1 2573344
1 4335785
1 530789
1 4443830
1 6394232
1 6211075
1 6139758
1 150917
1 2414906
1 6109717
1 7502653
1 4747910
1 8391822
1 9691409
1 9645845
1 213964
1 4468226
1 2649636
1 9986102
1 1703066
1 1893325
1 6432335
1 793179
1 9096523
1 5891122
1 761327
1 810321
1 2713075
1 2455503
1 1872744
1 6750949
1 2313198
1 5118056
1 3261035
1 2691681
1 8298830
1 2289001
1 5349669
1 7219593
1 6254162
1 4940345
1 7435823
1 8915908
1 2424898
1 4220827
1 8468124
1 5877871
1 207060
1 6497080
1 8010015
1 8310087
1 7826574
1 6783374
1 5421271
1 396886
1 3361369
1 9942882
1 52868
1 186713
1 3290538
1 4054819
1 7267063
1 335309
1 1575784
1 8356178
1 8655092
1 3200509
1 6409650
1 5804553
1 6276985
1 8531551
1 8583825
1 2528865
1 3557140
1 1014858
1 7553077
1 4966012
1 3891108
1 1441368
1 3883601
1 1652657
1 9473
1 3962365
1 393601
1 1294126
1 274302
1 129717
1 9853341
1 8950239
1 4692925
1 3835917
1 2289650
1 7391352
1 4174192
1 6743242
1 2262243
1 7534746
1 2569061
1 8853629
1 7599857
1 2642709
1 2375614
1 3571691
1 1859460
1 2183282
1 957788
1 997673
1 2220730
1 302482
1 2259707
1 8536717
1 8354280
1 1598883
1 8495833
1 6008877
1 3100567
1 995214
1 2001773
1 3026515
1 7427878
1 5672879
1 2586641
1 6530759
1 2631576
1 9662131
1 6843689
1 2102500
1 2088019
1 7946245
1 5899570
1 3202639
1 8384417
1 9219794
1 2466767
1 5450716
1 3777609
1 1553390
1 8388809
1 5674892
1 7285784
1 2432351
1 8291825
1 6804379
1 5230161
1 7142553
1 9207139
1 4337928
1 7720744
1 5925475
1 9930792
1 9344354
1 9928460
1 458628
1 3191711
1 2451750
1 1296865
1 5956556
1 7770170
1 6923562
1 8422756
1 9205202
1 8693433
1 3002077
1 228617
1 5403331
1 457475
1 9229208
1 6307168
1 2336848
1 297493
1 2280799
1 9619374
1 3673534
1 4984095
1 4484282
1 1207399
1 426421
1 9785413
1 7433279
1 4070400
1 302594
1 9236475
1 838964
1 7558723
1 1286683
1 8404979
1 9193881
1 2703326
1 7071005
1 5074282
1 2245821
1 7505476
1 8103490
1 5521217
1 3450315
1 5522832
1 5053094
1 7783393
1 7283596
1 5991006
1 168732
1 7497052
1 8193383
1 328878
1 8699675
1 3647968
1 4168335
1 1714942
1 1082346
1 482592
1 4424826
1 9049112
1 6394358
1 9243766
1 2909546
1 5959155
1 5596845
1 3160172
1 8928369
1 5850961
1 3680122
1 2470626
1 9391666
1 8904668
1 7321875
1 2847045
1 3814745
1 2744935
1 8860246
1 9674537
1 8362717
1 9372982
1 1692239
1 9552408
1 3406018
1 5989980
1 7431808
1 5669916
1 334690
1 3109800
1 802919
1 3403674
1 854992
1 2151061
1 7656709
1 5629254
1 8677125
1 3500100
1 3905129
1 5762147
1 5336943
1 5883348
1 8490892
1 8895150
1 7809027
1 4841125
1 8931602
1 4776832
1 6121472
1 5992164
1 8826822
1 7320440
1 9984498
1 9249017
1 9112883
1 2856177
1 9771997
1 1804477
1 2565525
1 6116734
1 8348058
1 5394062
1 3999649
1 8959346
1 5178812
1 7426409
1 5774605
1 7902437
1 6571266
1 3037718
1 6623597
1 8952333
1 8296979
1 2600963
1 4565026
1 7649098
1 1625401
1 5665108
1 4240585
1 7475027
1 6453873
1 8274362
1 3087077
1 8768746
1 5571897
1 7571138
1 6349501
1 2727833
1 8491895
1 1223829
1 5375399
1 9984595
1 4675959
1 3981475
1 7795619
1 259061
1 9605289
1 7670336
1 7292547
1 1896334
1 8422120
1 113119
1 8034442
1 4544116
1 2155104
1 5056632
1 5642640
1 2686441
1 3801863
1 191713
1 938451
1 7602351
1 3676558
1 2421679
1 5658955
1 7615948
1 6985764
1 8040020
1 496003
1 3157892
1 7417871
1 4101268
1 5621184
1 377974
1 4302625
1 9851986
1 3579587
1 4509285
1 3894420
1 3722408
1 8437000
1 3560166
1 8187593
1 1267273
1 2260176
1 7943152
1 6202554
1 3330890
1 4102222
1 2830183
1 6471378
1 723662
1 5245594
1 6040645
1 1820897
1 1095562
1 6254598
1 147231
1 9396155
1 2831206
1 5397855
1 111040
1 2244339
1 5665810
1 4110840
1 3347832
1 4534764
1 4039577
1 1315875
1 11156
1 2940934
1 5970986
1 8948842
1 2036261
1 2942041
1 2510314
1 7273556
1 8596605
1 1414005
1 4736373
1 1417351
1 1506595
1 6943406
1 3657929
1 9981724
1 3108844
1 8662492
1 3530336
1 3794098
1 4773110
1 7930758
1 5317946
1 6045560
1 808369
1 4315829
1 3451815
1 3282931
1 1322417
1 3748368
1 1526750
1 7531641
1 97529
1 7160847
1 1353112
1 4700054
1 8746378
1 6256683
1 2397661
1 3577577
1 626111
1 6775298
1 1702359
1 1026417
1 867430
1 1413309
1 3405755
1 4594032
1 6162678
1 9794966
1 6048146
1 876678
1 5326132
1 2312909
1 1588079
1 9081258
1 6760880
1 6400961
1 8999486
1 6051016
1 4745228
1 7116949
1 5922473
1 9209132
1 6041199
1 5784987
1 1686073
1 8214388
1 9565815
1 6049406
1 3123004
1 8976155
1 1183491
1 9437782
1 3116017
1 6200012
1 1031536
1 9480557
1 3975630
1 3838959
1 859821
1 6670563
1 6815743
1 8992459
1 4170468
1 8731180
1 6218761
1 9748497
1 2456583
1 3140431
1 2179729
1 8948850
1 1600924
1 8782387
1 9829083
1 7598526
1 2573522
1 7705001
1 5890228
1 2502645
1 8533586
1 704406
1 4090090
1 8536158
1 8326496
1 6094779
1 2279735
1 8402462
1 15718
1 5914356
1 6390702
1 1538814
1 6489950
1 1559894
1 7413090
1 4229499
1 6976413
1 4766027
1 6966232
1 6292311
1 4779599
1 785380
1 1141536
1 9492937
1 1637278
1 8040642
1 8483753
1 9310138
1 2123012
1 5093327
1 7921540
1 8230146
1 810421
1 1383930
1 8979374
1 2577060
1 83612
1 2325303
1 864754
1 4802564
1 4284438
1 5559580
1 5937087
1 8123299
1 2216487
1 23556
1 8699139
1 9889921
1 8126787
1 3816346
1 1560289
1 5071624
1 4766367
1 9052071
1 2084905
1 6350955
1 3002834
1 9130327
1 6332318
1 2768123
1 5194713
1 5851449
1 3867179
1 5259494
1 1384217
1 1789965
1 8256014
1 7027208
1 9547595
1 2140181
1 7964702
1 3104555
1 8881402
1 6511745
1 2318573
1 4542882
1 8050095
1 3794121
1 3530697
1 1915797
1 7990050
1 3093787
1 8553953
1 2753246
1 220592
1 8323709
1 9586147
1 4899138
1 2467274
1 7989202
1 63469
1 3602786
1 7213998
1 8979552
1 6689094
1 2578112
1 4187268
1 4270995
1 2700646
1 9131128
1 2317687
1 2422374
1 4718067
1 7805862
1 2249772
1 463192
1 5693987
1 4402646
1 4453164
1 7732257
1 5361537
1 4354166
1 2731022
1 4041208
1 2102376
1 7270353
1 9184144
1 5264245
1 2038298
1 6933609
1 9934361
1 7033356
1 5015398
1 5682115
1 1312020
1 6079796
1 5313026
1 453673
1 9495550
1 2592909
1 2516627
1 6973864
1 8409910
1 2355609
1 7032883
1 7074178
1 7950532
1 4218188
1 5859082
1 6879611
1 4955526
1 6240837
1 4958090
1 3482544
1 7221199
1 6724641
1 5324960
1 8439299
1 5656464
1 5517808
1 5758434
1 2287047
1 4715069
1 2816693
1 1656350
1 8638983
1 1427505
1 6680102
1 8441191
1 1744426
1 6170020
1 4045680
1 4034337
1 7353502
1 7153372
1 2124309
1 466506
1 8430169
1 3668298
1 4807730
1 9929146
1 9776694
1 1168573
1 2200498
1 2821447
1 1801765
1 5575530
1 4839589
1 9424748
1 2584200
1 8514610
1 6690336
1 7084526
1 2397222
1 9011943
1 2654761
1 7189098
1 6389860
1 2434449
1 8194446
1 2896081
1 4062373
1 4946653
1 271766
1 8503101
1 1717980
1 6546795
1 6993534
1 8126862
1 2516269
1 3577500
1 9884047
1 8254520
1 4235219
1 3306677
1 4491911
1 3001439
1 9494440
1 2462242
1 6613462
1 9851859
1 9079691
1 2644276
1 2993071
1 7525478
1 1405352
1 5846231
1 4675047
1 962358
1 9366060
1 8658944
1 9098758
1 4683559
1 4499495
1 6714836
1 4182878
1 9151195
1 1923858
1 3647566
1 6262379
1 7930416
1 2351133
1 2632336
1 9676186
1 6260969
1 6173892
1 5009989
1 9017498
1 1979095
1 675475
1 6996556
1 9522350
1 7211276
1 1463075
1 464267
1 2605382
1 314749
1 1895559
1 1588155
1 5622618
1 3141412
1 8349239
1 271616
1 8434661
1 1643481
1 9951955
1 4205606
1 5295246
1 9572238
1 1745702
1 3443104
1 2851102
1 2869959
1 298584
1 5032011
1 3889005
1 2110242
1 2324685
1 8140215
1 5937074
1 154046
1 8661096
1 9892637
1 8563363
1 541934
1 5283918
1 5372381
1 873408
1 8286790
1 2698467
1 9828063
1 7323713
1 2147184
1 2938399
1 5226049
1 1176549
1 5417054
1 8837975
1 733730
1 2597311
1 1025848
1 4016753
1 8337733
1 950845
1 4297744
1 1375655
1 4218609
1 6651131
1 1322048
1 3494000
1 4783026
1 4367194
1 3518458
1 436618
1 5910919
1 3676697
1 4259615
1 8155178
1 5881494
1 9181441
1 9284816
1 9113529
1 1889464
1 3056307
1 9402780
1 1694303
1 8179791
1 4740112
1 5586204
1 2414894
1 499364
1 5259929
1 7636560
1 2140801
1 8252372
1 1980256
1 434580
1 7865819
1 4531800
1 1920695
1 3210355
1 7226955
1 1762085
1 1597945
1 9384391
1 1086466
1 4405104
1 7177557
1 7039441
1 6339645
1 2660474
1 7244390
1 4356303
1 98990
1 4262813
1 5393545
1 1515278
1 9950717
1 3870140
1 536746
1 8605373
1 3213761
1 4008914
1 531324
1 9761063
1 4882289
1 6291470
1 428401
1 9187697
1 7353977
1 2717554
1 2535797
1 9680970
1 8341213
1 6449073
1 4563393
1 7002109
1 3232448
1 7548557
1 1654891
1 8728288
1 3860902
1 6928465
1 5827726
1 8619338
1 4345488
1 3833762
1 9382012
1 5800937
1 3141906
1 8495299
1 4519516
1 3101990
1 2898804
1 4111087
1 5611201
1 9767331
1 1759296
1 7721132
1 1585495
1 9314700
1 4025129
1 7599143
1 207879
1 2904546
1 449848
1 8561315
1 4314455
1 9437531
1 1085953
1 5387518
1 1915654
1 4690946
1 5085707
1 2860090
1 6321382
1 6067011
1 9688942
1 8665171
1 175105
1 51389
1 9358829
1 432799
1 800428
1 4178759
1 1590011
1 4573588
1 1136193
1 2327574
1 9212951
1 7765752
1 5677694
1 7311129
1 8599741
1 1334323
1 1524214
1 2011094
1 1184244
1 1369631
1 6166725
1 3462492
1 9609585
1 9983109
1 1519021
1 9164593
1 2346251
1 1775794
1 4876332
1 354459
1 8249502
1 1559430
1 4524428
1 7805519
1 7250073
1 7062461
1 5332487
1 6887081
1 8263128
1 1710190
1 8065984
1 2631772
1 8900919
1 636138
1 1579259
1 3719489
1 1654904
1 372921
1 2734301
1 2834704
1 9205111
1 9238967
1 6496986
1 6323574
1 8985419
1 6077683
1 4986346
1 8376380
1 3231489
1 4098789
1 6387010
1 6608471
1 6096236
1 4867349
1 4231257
1 2573648
1 8148680
1 4368425
1 4844797
1 7924106
1 3107636
1 693394
1 8762079
1 2207702
1 633116
1 8337096
1 3428336
1 5299641
1 7031746
1 9898060
1 1521667
1 2637316
1 3804061
1 6242818
1 1047881
1 5915230
1 9422756
1 6198120
1 8300341
1 3880473
1 6148050
1 647308
1 3061746
1 26410
1 5846447
1 9248580
1 7768645
1 6235472
1 6513565
1 2019151
1 8387211
1 3178380
1 213393
1 6781394
1 1130074
1 1224756
1 9555248
1 4975886
1 3756099
1 3045422
1 9293663
1 347920
1 4008802
1 5663672
1 4682993
1 6422025
1 1693261
1 9762286
1 7627678
1 2891307
1 7862450
1 4456634
1 1337446
1 1582343
1 5481762
1 1209204
1 2691923
1 938058
1 6796230
1 7862358
1 1628851
1 4469382
1 8062829
1 9341314
1 2252328
1 7600393
1 4183847
1 223168
1 6438839
1 1687096
1 5718355
1 2985891
1 9065620
1 4079192
1 1723736
1 3729990
1 5327223
1 5036981
1 4491894
1 8535198
1 5856428
1 848729
1 3235423
1 2680944
1 9819403
1 5581770
1 2367123
1 4936031
1 4774192
1 163308
1 6082414
1 2428997
1 8215296
1 2603283
1 680076
1 3887498
1 6290850
1 5422182
1 3935697
1 1580254
1 5355268
1 2592965
1 1098017
1 2586124
1 4359043
1 9960848
1 1447620
1 4208418
1 9762933
1 31469
1 6377587
1 5360017
1 7809468
1 2301637
1 7199038
1 6374068
1 1006659
1 7887072
1 6248911
1 8038498
1 5074043
1 5319671
1 1994473
1 9387191
1 1749927
1 2083320
1 8640437
1 5903435
1 8379800
1 3724667
1 5740200
1 3511175
1 6535095
1 3427843
1 3608663
1 7461996
1 5931370
1 1754452
1 2375396
1 5283929
1 4112672
1 2651894
1 6928372
1 3337682
1 9460117
1 8921295
1 3361912
1 6424716
1 3845961
1 5384272
1 5246347
1 4864858
1 8411595
1 3659842
1 3603195
1 8937637
1 4638144
1 6935157
1 2976698
1 7987877
1 8403300
1 3401251
1 3897741
1 672892
1 5254954
1 166933
1 9292910
1 885973
1 7791313
1 7664669
1 7450860
1 5747400
1 7658719
1 4284207
1 2286515
1 8615221
1 5801881
1 3947596
1 1571785
1 3367627
1 7533531
1 2417955
1 7880306
1 2419725
1 5551703
1 3803224
1 3135198
1 8588143
1 2953906
1 7199880
1 8143320
1 2599370
1 1173224
1 8927685
1 3871727
1 1641660
1 4913539
1 6996627
1 1047605
1 6424959
1 4796667
1 6436823
1 8809706
1 3924119
1 4628819
1 3706480
1 563010
1 7004514
1 4145726
1 7132492
1 7913016
1 1899924
1 6921898
1 5533047
1 9960583
1 9586105
1 2627576
1 7261110
1 1944661
1 5184212
1 6473340
1 6475529
1 3463870
1 1477566
1 8220368
1 7683773
1 8631677
1 6420235
1 6766000
1 2230943
1 247605
1 2012930
1 8203441
1 5761643
1 8444390
1 3927218
1 1565970
1 2323048
1 7147652
1 4129096
1 2284865
1 9597938
1 2965187
1 4820950
1 9755819
1 6874537
1 9239426
1 4706001
1 5426313
1 2199292
1 5032254
1 263949
1 4089894
1 6890944
1 3063106
1 9758439
1 1975889
1 6828394
1 6684189
1 1625439
1 3021450
1 9043519
1 5047923
1 7782261
1 3252345
1 5284410
1 1479754
1 5629272
1 9273608
1 3734014
1 2011433
1 639569
1 6250408
1 4936869
1 1024072
1 5065751
1 7649219
1 8762212
1 3185821
1 931203
1 4896234
1 7342854
1 7634944
1 702872
1 2894295
1 5143178
1 1077932
1 8664196
1 265217
1 2433887
1 6845288
1 6760590
1 1563695
1 2230054
1 4194547
1 653171
1 4041213
1 3954608
1 2272485
1 6575009
1 7533029
1 1601002
1 3572227
1 7807582
1 3488546
1 3867691
1 361220
1 5318483
1 2780789
1 5865325
1 2638067
1 2313235
1 2460856
1 991103
1 1091271
1 2743677
1 2621876
1 1305443
1 4819633
1 3893512
1 6296241
1 4312294
1 4648177
1 2943914
1 4271718
1 4029549
1 4091830
1 4772411
1 5761873
1 2987252
1 8836936
1 8922837
1 4214748
1 1344576
1 2032387
1 9935477
1 4184446
1 8153176
1 2423812
1 5691125
1 601271
1 4094429
1 9082482
1 7642038
1 3471649
1 7795550
1 6042580
1 4489084
1 2077097
1 9411868
1 4414432
1 5981628
1 4468152
1 4170659
1 1733656
1 8394499
1 9880137
1 3769121
1 3683704
1 479279
1 629014
1 7546430
1 2731590
1 4684873
1 1524350
1 4345571
1 5778106
1 6854683
1 2035658
1 3299010
1 915555
1 1684326
1 5495113
1 2425363
1 9519889
1 1505590
1 6959397
1 7219547
1 9262013
1 6339739
1 4868575
1 4095502
1 9778885
1 9415875
1 4062579
1 7713670
1 2897150
1 8558370
1 8862846
1 1340755
1 7723258
1 8111651
1 1963105
1 6472741
1 5292002
1 637209
1 1427440
1 9983332
1 139216
1 8945839
1 4107868
1 4792517
1 6352271
1 5528901
1 2746549
1 8891339
1 9469929
1 1294491
1 4584703
1 310112
1 515527
1 8966401
1 1148149
1 813953
1 5666396
1 1711902
1 9535335
1 4801418
1 2713718
1 2756597
1 3657538
1 4513514
1 1428254
1 5159609
1 7787371
1 7897129
1 2909360
1 94486
1 7511433
1 5511975
1 6631805
1 2893089
1 9894079
1 1334732
1 6093636
1 3311718
1 5676908
1 6737172
1 2056137
1 8012269
1 1678413
1 330473
1 1314903
1 8970340
1 7894845
1 4335998
1 357787
1 8819437
1 4708858
1 9370247
1 8127181
1 4752691
1 5598715
1 4312668
1 4196444
1 7485930
1 8133629
1 8790252
1 900135
1 8089359
1 2709501
1 8808819
1 6477308
1 1086494
1 7797784
1 4941873
1 8493618
1 6694450
1 8522222
1 4637538
1 9052971
1 2995270
1 288381
1 1066931
1 2992544
1 3123478
1 9771402
1 3885609
1 9688065
1 326227
1 3943078
1 4624292
1 9019769
1 9120526
1 7063974
1 7082737
1 8751569
1 4155857
1 3150590
1 3198599
1 1098810
1 2691442
1 2661656
1 4095002
1 361077
1 415108
1 536751
1 7460643
1 9071069
1 8713332
1 2346387
1 195250
1 7200726
1 7387091
1 6319141
1 9880161
1 2325102
1 5435226
1 1986253
1 2549232
1 4586971
1 9839123
1 8193025
1 7582455
1 8782378
1 5964258
1 4171193
1 6318484
1 3119397
1 5428600
1 9060602
1 9740014
1 6397066
1 9276981
1 3860394
1 2766670
1 3982505
1 4510150
1 6698093
1 7375804
1 709522
1 1902074
1 6525302
1 2735638
1 272425
1 8172466
1 6489440
1 4974128
1 5465792
1 5391915
1 2332354
1 2512668
1 8878441
1 563131
1 8983984
1 1324796
1 9911982
1 3058375
1 1165663
1 8169829
1 182493
1 7349194
1 9484585
1 1604511
1 1160026
1 6998156
1 363607
1 1725221
1 4933628
1 9127762
1 1714719
1 9974230
1 2373833
1 8668664
1 3258699
1 725366
1 7607454
1 8701544
1 4984820
1 8213788
1 1166764
1 4222241
1 8323092
1 4713572
1 6022820
1 6587959
1 4453094
1 32336
1 5875602
1 4160566
1 4082276
1 3874403
1 8097611
1 3591775
1 5197395
1 9266718
1 9710226
1 4453855
1 6241912
1 8266824
1 2856413
1 1944656
1 7850970
1 7880109
1 1843346
1 4935780
1 7139899
1 7549094
1 7880849
1 7530324
1 4703288
1 3199895
1 5569216
1 5389193
1 2699928
1 7841805
1 2096860
1 4427779
1 506452
1 8365140
1 9853731
1 8592064
1 2409539
1 3615272
1 7642361
1 3138994
1 6231906
1 3977458
1 8049385
1 5508418
1 2269354
1 9319080
1 9324815
1 1863232
1 3302378
1 3841488
1 1161640
1 3210906
1 8447475
1 6357339
1 8685247
1 570908
1 3636933
1 1747275
1 9287935
1 3264119
1 885406
1 5753191
1 5697283
1 6403621
1 9576897
1 9464133
1 8804145
1 3727210
1 735349
1 7177654
1 6813104
1 3782322
1 4262597
1 7137107
1 6317567
1 6358801
1 3938630
1 2167885
1 6147845
1 2346150
1 3156793
1 1255022
1 146877
1 5189446
1 7276230
1 8993870
1 7185274
1 2690129
1 6950238
1 7904228
1 7391756
1 6198974
1 5782649
1 3254002
1 7317184
1 3517047
1 810922
1 3070763
1 282395
1 1203382
1 8584816
1 8669965
1 6548259
1 7728160
1 1757008
1 2928118
1 6667550
1 1225
1 4044058
1 856236
1 1206216
1 8340518
1 2410410
1 5740827
1 4914696
1 6141043
1 4534632
1 4642481
1 8490642
1 1380783
1 3951571
1 3857566
1 5875518
1 5386731
1 2006809
1 2685320
1 7144082
1 8138646
1 5765020
1 3144210
1 3019773
1 3236818
1 7732091
1 9239368
1 9302674
1 3436661
1 8384391
1 2056110
1 771058
1 689118
1 9979095
1 7835545
1 8800353
1 4514253
1 6712309
1 7286897
1 3012158
1 4282402
1 1715480
1 1137118
1 2968164
1 6957572
1 3513955
1 6304620
1 2685082
1 9392316
1 9875316
1 3719793
1 589005
1 5842998
1 1600556
1 6947329
1 1511176
1 2538400
1 9062755
1 637319
1 969259
1 7766472
1 6276957
1 6197282
1 9823657
1 187607
1 3039587
1 9305120
1 1284672
1 3777102
1 6695367
1 3514060
1 5980102
1 5431976
1 4239246
1 8957691
1 8578570
1 9301946
1 3776738
1 3363625
1 7021071
1 9700768
1 2581332
1 3537018
1 2510525
1 4235948
1 6340049
1 9880390
1 27442
1 2129005
1 5618883
1 7766602
1 5953075
1 8634028
1 7438857
1 1893770
1 2231403
1 1925183
1 3731529
1 4339338
1 8856319
1 2154380
1 8823686
1 1734756
1 4436369
1 7635169
1 5749088
1 3412779
1 5403352
1 6404926
1 6730199
1 4959287
1 8843683
1 2982208
1 8966947
1 9821701
1 3797550
1 569635
1 4487732
1 2790807
1 7439781
1 4428737
1 133900
1 3770182
1 5066806
1 5658887
1 8978214
1 7124044
1 1249523
1 6755208
1 7398628
1 4893540
1 8934359
1 4728825
1 1085171
1 6622906
1 8827682
1 9745292
1 612806
1 4206300
1 915975
1 1269932
1 6372358
1 1030054
1 7393958
1 3096892
1 9390444
1 4374071
1 6177809
1 1502604
1 1327069
1 7286292
1 6228566
1 2587330
1 8869392
1 3278071
1 2250857
1 8645986
1 2160013
1 6035631
1 5583846
1 4774677
1 9557509
1 4054143
1 6276798
1 9453924
1 5133091
1 2805063
1 3432294
1 2868062
1 1947835
1 7349901
1 4958618
1 3622817
1 2508192
1 6604430
1 1405488
1 5280422
1 8144283
1 3029872
1 1986004
1 1410117
1 5378392
1 4484908
1 9609244
1 17805
1 8481775
1 2993088
1 6342390
1 2296483
1 4541862
1 7947730
1 7039168
1 4521832
1 3094734
1 9725863
1 1570514
1 6137396
1 8671783
1 9155790
1 822513
1 9164786
1 2914692
1 4680519
1 568631
1 3796485
1 2468515
1 23330
1 3596715
1 6170648
1 7279115
1 5822764
1 8651017
1 1160674
1 3177554
1 2021288
1 7496291
1 4765995
1 9148603
1 5570410
1 4890324
1 2815982
1 4777250
1 7285869
1 6679878
1 9768162
1 5093699
1 9260284
1 4918206
1 7124581
1 7782161
1 1718875
1 2767190
1 6528346
1 9922527
1 3330731
1 4464908
1 8309225
1 1305017
1 7503818
1 1750632
1 3606637
1 1582484
1 7529784
1 9834600
1 9769330
1 5733323
1 6415438
1 7036437
1 5334355
1 4428271
1 9280000
1 4265619
1 4311700
1 1716383
1 2221676
1 574566
1 2257238
1 8089643
1 8880312
1 7161186
1 6324169
1 5354450
1 7295913
1 8899841
1 1065562
1 3163202
1 323609
1 9439009
1 2988012
1 8875351
1 7324900
1 2559911
1 5589501
1 4284313
1 765474
1 959058
1 7970472
1 3900580
1 6583726
1 5628662
1 7480641
1 9901188
1 1634886
1 7980958
1 2197844
1 9354243
1 2221604
1 9500709
1 8634967
1 8931599
1 6911393
1 5789184
1 1423962
1 5916476
1 570280
1 2004131
1 9108252
1 2501549
1 7348276
1 4832167
1 1948992
1 2433530
1 5036499
1 4522704
1 1812165
1 5425828
1 2872553
1 8461702
1 2280373
1 5522337
1 115295
1 3669245
1 6893035
1 2595453
1 4689471
1 2777760
1 738418
1 7851327
1 731090
1 2198393
1 4912866
1 5803810
1 5493195
1 6670448
1 5272545
1 3356178
1 2727756
1 1277228
1 6366425
1 6254412
1 8391073
1 6318110
1 3540579
1 2660418
1 1900787
1 8712216
1 9791106
1 8711
1 9963848
1 2477205
1 2253121
1 8729771
1 4388557
1 5355242
1 9189722
1 7533397
1 5802066
1 8577421
1 5987107
1 367180
1 1254654
1 2521256
1 4647910
1 3824550
1 787615
1 7996687
1 2387027
1 9167203
1 6012185
1 3799143
1 4805550
1 3465193
1 5431401
1 890178
1 1493509
1 159438
1 7729207
1 9170221
1 378237
1 2364657
1 1671829
1 9958956
1 4936274
1 7149677
1 8227530
1 4856782
1 9276107
1 7527064
1 9931663
1 7174876
1 5248631
1 8943008
1 246418
1 2139864
1 8014344
1 7506162
1 3354709
1 2317553
1 5603942
1 160111
1 7041777
1 9145612
1 9417950
1 8571160
1 5600809
1 7761802
1 3590768
1 1838902
1 5579995
1 3715996
1 6301512
1 7005060
1 6822009
1 408798
1 8883623
1 1369661
1 3218388
1 3422210
1 4025223
1 6041472
1 9541415
1 8979446
1 1210858
1 2363662
1 5868300
1 580209
1 825892
1 462736
1 2426463
1 6460364
1 836349
1 3978751
1 1905361
1 4318637
1 580538
1 857782
1 5196694
1 8256370
1 6746939
1 2228555
1 2009
1 2438318
1 1950570
1 4932570
1 8158589
1 4293308
1 845443
1 6916020
1 1028999
1 5324729
1 5794825
1 1959869
1 9163745
1 2332663
1 2483030
1 9248735
1 8726156
1 1156438
1 4245395
1 8386687
1 4269573
1 6739920
1 6530914
1 8760469
1 4003676
1 951141
1 8215513
1 5641090
1 5769375
1 8399444
1 5551811
1 3068589
1 226424
1 2054410
1 8945233
1 294079
1 8648241
1 4807419
1 7059513
1 3671839
1 121958
1 6979694
1 2587479
1 4013159
1 7233820
1 5659695
1 4403193
1 7405873
1 6097780
1 5026833
1 5797457
1 6343180
1 7556363
1 1961865
1 3574923
1 7074507
1 2150274
1 5015771
1 8842992
1 6927732
1 3891986
1 2154408
1 3406026
1 9267933
1 5235389
1 738436
1 8851151
1 573816
1 1607113
1 8232069
1 5902695
1 5598507
1 8457038
1 4349531
1 4418809
1 8849652
1 5614495
1 5323093
1 3812311
1 1357820
1 3653692
1 594997
1 2945198
1 8503189
1 7149056
1 7206256
1 8574970
1 8490491
1 4399278
1 7387970
1 5475313
1 8640199
1 614649
1 5843337
1 9911932
1 3809015
1 5819302
1 64212
1 7034557
1 8260419
1 6211759
1 8726742
1 455306
1 5918174
1 7705029
1 4925709
1 2193470
1 2285511
1 7050067
1 81494
1 8377931
1 5532243
1 6791106
1 2423527
1 5957610
1 258559
1 4539837
1 3122356
1 2374669
1 5464008
1 2400574
1 4842005
1 709870
1 471232
1 2363813
1 4833532
1 9504994
1 6204268
1 2547395
1 2468417
1 1706848
1 2345516
1 329262
1 6044070
1 8421723
1 9416127
1 7462347
1 5405545
1 8704370
1 7344822
1 9057899
1 2260537
1 1917793
1 8997708
1 8348012
1 2609460
1 2579264
1 6606190
1 9927903
1 3099300
1 9799444
1 3516605
1 5252714
1 3843421
1 8029415
1 1885684
1 7043704
1 7061663
1 2744550
1 1502782
1 7053934
1 7942238
1 711506
1 6632944
1 4629944
1 9052562
1 7788522
1 2328785
1 8598800
1 4195598
1 3039357
1 1631909
1 2569140
1 794558
1 6976186
1 9504840
1 5134801
1 5626543
1 9206541
1 551311
1 7595148
1 3972937
1 9375749
1 1343817
1 1093812
1 4902752
1 9286684
1 4196208
1 7287271
1 1933935
1 7209188
1 3426615
1 3338895
1 1488565
1 5475210
1 6704963
1 2444376
1 522991
1 5258891
1 4486138
1 9550713
1 4649524
1 5147899
1 9857586
1 9860730
1 2093357
1 8215031
1 5460140
1 7466986
1 4055450
1 2454644
1 385938
1 1277400
1 4946557
1 5276190
1 7823369
1 7965514
1 8161192
1 6162278
1 4467
1 5861978
1 4142030
1 6204204
1 9171955
1 9601303
1 8007176
1 9400231
1 4187537
1 1442383
1 7603043
1 1878191
1 8617975
1 9250756
1 4610034
1 2939713
1 4248827
1 1845146
1 5656288
1 6610088
1 8911891
1 6869813
1 1499211
1 2813065
1 3813407
1 4884138
1 5879803
1 8334602
1 5961455
1 4034522
1 8879014
1 2149597
1 2375012
1 2090609
1 6695071
1 9491343
1 9319234
1 9806906
1 8242463
1 5467398
1 6303954
1 6222143
1 3341241
1 3287433
1 4386445
1 4507853
1 9582761
1 2457563
1 1240432
1 5151994
1 5241556
1 4444802
1 847814
1 9758916
1 7225749
1 6931081
1 8026164
1 1191910
1 4257774
1 8415194
1 6130788
1 8041483
1 9271292
1 3999692
1 9347579
1 681924
1 9608166
1 9262527
1 6493688
1 5208030
1 8901400
1 4881312
1 1504108
1 2451137
1 2318582
1 107606
1 9868339
1 6491184
1 7414276
1 5547591
1 149601
1 9485030
1 1000165
1 9641137
1 6456581
1 9901960
1 6358709
1 4719954
1 4081982
1 4073811
1 492934
1 6083977
1 4217384
1 8844878
1 4165744
1 743042
1 3779206
1 1821467
1 2803973
1 1514814
1 5262613
1 4090654
1 629428
1 7634939
1 7841602
1 3085863
1 2689531
1 7075958
1 5382444
1 7457132
1 6105136
1 5613186
1 4367974
1 1571922
1 5257024
1 3035866
1 7157451
1 5168461
1 8211541
1 3936589
1 3522351
1 7694518
1 9539439
1 125094
1 3930070
1 4060614
1 4697245
1 9729044
1 3467086
1 8892845
1 6820933
1 6906567
1 1639390
1 6499885
1 934728
1 2573749
1 2769756
1 6181404
1 13171
1 6098009
1 6878175
1 4893332
1 605347
1 345018
1 2988649
1 922346
1 9038499
1 6057154
1 3733453
1 9326284
1 571174
1 6833971
1 5949082
1 7082763
1 8418864
1 8506805
1 9161403
1 6971334
1 4843389
1 3683016
1 579924
1 1881359
1 2479647
1 5159166
1 6415386
1 7689229
1 1636167
1 6666055
1 8084095
1 7396062
1 6331463
1 1031509
1 5789367
1 2184059
1 2968339
1 887992
1 4928696
1 4482629
1 1441341
1 8142010
1 4182048
1 8987571
1 1391114
1 3891111
1 516459
1 5324498
1 3421760
1 3833854
1 8806872
1 2093642
1 9805510
1 5904241
1 2336307
1 9441799
1 1195835
1 7033443
1 2946933
1 8820509
1 1974746
1 2859767
1 31466
1 9715118
1 6632460
1 2604251
1 809047
1 6334533
1 9993193
1 6643469
1 1824961
1 735969
1 5426324
1 3864621
1 2779797
1 2093399
1 9421257
1 9022898
1 9808715
1 3003464
1 8846153
1 8682633
1 7058140
1 7993826
1 2244254
1 8206436
1 532914
1 8851344
1 7994515
1 9767583
1 8263076
1 2204081
1 8789050
1 838379
1 3417818
1 2697357
1 6947076
1 6275183
1 5737831
1 6171941
1 8854104
1 964188
1 9827695
1 1118569
1 994427
1 598319
1 9918897
1 1210942
1 6139807
1 1862827
1 7342928
1 1946390
1 2242267
1 554159
1 9194432
1 773456
1 8451443
1 4697652
1 793613
1 7147631
1 1665803
1 1079110
1 3319769
1 996073
1 7941620
1 1066395
1 7839336
1 5459763
1 4928582
1 2908525
1 6976641
1 1263616
1 4255722
1 134487
1 5413051
1 8277708
1 4707693
1 7255947
1 4505664
1 2485591
1 6578013
1 2802502
1 661524
1 6361800
1 9274800
1 444480
1 7250434
1 2547059
1 3174879
1 6440293
1 1359049
1 8970011
1 7486759
1 8197861
1 5626064
1 8420773
1 5057293
1 7157722
1 4612424
1 7495574
1 5646133
1 8665807
1 4163039
1 6363488
1 556068
1 9297769
1 2686812
1 9149241
1 4299755
1 9393309
1 8547572
1 2674584
1 5910674
1 4157363
1 4079164
1 5671041
1 1913891
1 5378815
1 5468176
1 1357467
1 988065
1 335246
1 3171079
1 1498349
1 3245362
1 7216385
1 7878146
1 2890032
1 3675192
1 1540260
1 287175
1 1563557
1 9539241
1 7269430
1 3627144
1 8052849
1 1238721
1 7168543
1 9663659
1 424369
1 9351788
1 712996
1 3716657
1 4905981
1 1235089
1 9598027
1 677180
1 8122314
1 7618919
1 265727
1 6728619
1 4097072
1 5247210
1 523484
1 4632586
1 4599622
1 3174795
1 147506
1 7445148
1 8456614
1 9389607
1 6331696
1 6167762
1 8857612
1 8756858
1 1761820
1 3886368
1 6857964
1 3035216
1 5189003
1 9833821
1 7185831
1 7168232
1 730460
1 6339578
1 8638880
1 997045
1 5591906
1 2880399
1 1649648
1 1804540
1 7959174
1 1152490
1 5927404
1 589240
1 502749
1 7712416
1 6535005
1 6659548
1 5516955
1 5252913
1 4010568
1 2496235
1 9244675
1 1621127
1 3457859
1 4918996
1 6352353
1 7845952
1 9983091
1 7408112
1 1284446
1 8768920
1 4422006
1 4212421
1 2021922
1 6263166
1 6648821
1 1968327
1 7670080
1 363326
1 4344898
1 9310623
1 5221195
1 7763171
1 6279838
1 2335795
1 6298089
1 3544301
1 3531686
1 7287839
1 4748062
1 9616824
1 8229436
1 5694030
1 446018
1 5767681
1 5462145
1 4696505
1 6331335
1 7032628
1 5457873
1 9792860
1 2720068
1 5804199
1 177735
1 7285298
1 9005921
1 8552201
1 6220395
1 8234260
1 3870373
1 8430195
1 4811800
1 2739368
1 4942558
1 4570053
1 7802776
1 5321838
1 9419693
1 7285702
1 9527963
1 106344
1 4059655
1 4048190
1 2603174
1 6684313
1 8739369
1 721163
1 8326826
1 5490097
1 3781466
1 3522385
1 7584192
1 4337061
1 3893052
1 745744
1 9276782
1 4800868
1 2334630
1 4927310
1 9767953
1 2195982
1 9736290
1 4294181
1 5515003
1 3690311
1 9419478
1 9527899
1 3609106
1 766049
1 8884204
1 383938
1 2058631
1 4034321
1 9119409
1 4355524
1 9797469
1 9893172
1 90369
1 4614306
1 9770740
1 1893797
1 5323931
1 2458649
1 2095222
1 1935164
1 600476
1 2036957
1 6938494
1 2656821
1 1328922
1 8701011
1 3347259
1 4213596
1 9528409
1 8420445
1 4290647
1 4937644
1 30046
1 1209341
1 1045694
1 4523396
1 3795402
1 7392478
1 7526437
1 7215971
1 3875907
1 2768354
1 7434543
1 205372
1 918958
1 7439064
1 2314526
1 9803191
1 6157425
1 6657811
1 7785931
1 9255765
1 3833848
1 3521195
1 2675200
1 3842635
1 714500
1 3932019
1 3043183
1 2036275
1 5614069
1 5857232
1 2270583
1 3538955
1 6334200
1 269136
1 2299241
1 3396574
1 1037793
1 6156725
1 875600
1 8090703
1 5956164
1 8216309
1 5463932
1 8223620
1 7871274
1 168955
1 5195960
1 6086551
1 6955123
1 533260
1 756072
1 2831291
1 3545546
1 8881897
1 2719909
1 7055263
1 1183334
1 3133993
1 9264576
1 5084085
1 1966097
1 315847
1 2814533
1 3135306
1 7616189
1 5653704
1 8275568
1 2764787
1 9645156
1 5746613
1 3346879
1 463909
1 1086415
1 3999628
1 5774130
1 5146417
1 7113698
1 3606977
1 9488283
1 4885065
1 7455335
1 4039144
1 8494780
1 4482261
1 4197547
1 6951523
1 6989608
1 550942
1 6558425
1 2335509
1 7827584
1 5012381
1 8887210
1 1701653
1 5888533
1 7465433
1 2947459
1 1300432
1 8477662
1 7648198
1 5170205
1 4126142
1 5621787
1 3189103
1 6892592
1 5591774
1 5850328
1 3398231
1 1015766
1 355719
1 998959
1 5450770
1 1890761
1 1819009
1 1426774
1 659640
1 4138679
1 764115
1 3178783
1 2575821
1 1339960
1 494405
1 1378879
1 6081729
1 5612083
1 4012274
1 630178
1 8869746
1 4226974
1 95388
1 2762800
1 9017981
1 4554382
1 6514133
1 6851134
1 8053060
1 1193076
1 2953620
1 733216
1 4284597
1 5841513
1 2965535
1 9840595
1 7374091
1 8172168
1 2630622
1 8706597
1 2038213
1 3833504
1 1638860
1 6406406
1 7289921
1 9553848
1 154400
1 2676953
1 35949
1 6355909
1 7002224
1 3821202
1 80802
1 2455465
1 8834190
1 4364573
1 3902632
1 4542921
1 6145514
1 8993028
1 9966341
1 6562949
1 1437391
1 650654
1 370913
1 2547273
1 1913273
1 9584283
1 135792
1 1816616
1 2983606
1 706649
1 7087378
1 7574793
1 7540143
1 497596
1 6182072
1 965153
1 7188643
1 1224435
1 8579583
1 7347285
1 5919337
1 9397664
1 4410483
1 6992964
1 6327865
1 4552872
1 1271432
1 747317
1 739854
1 6106976
1 8871823
1 4919564
1 9614724
1 2975134
1 9015235
1 8115406
1 4215349
1 8177127
1 870222
1 8364214
1 1774134
1 6538887
1 8880126
1 9665016
1 2772850
1 7284737
1 7114360
1 1878297
1 7758398
1 5317306
1 1785855
1 3617869
1 7311927
1 8256721
1 6247212
1 663298
1 9583883
1 72333
1 4542150
1 8066613
1 5220081
1 973722
1 6280455
1 3173610
1 9382436
1 7546275
1 8173566
1 8392805
1 7149174
1 4675941
1 8340582
1 2584377
1 9211644
1 3590785
1 1993334
1 9219277
1 539353
1 608715
1 8855034
1 9814936
1 7240566
1 8219070
1 4390554
1 8426472
1 7245356
1 9782257
1 1000931
1 335857
1 4293858
1 6228935
1 9077874
1 9251747
1 6744268
1 1735706
1 6273154
1 9322808
1 1508869
1 3832870
1 7501774
1 6161664
1 9526289
1 1542874
1 934364
1 4127506
1 2889631
1 7984696
1 6382064
1 283450
1 8141715
1 4899370
1 5978249
1 5679422
1 8934984
1 8817026
1 8167923
1 3820513
1 3214708
1 9694138
1 3725886
1 2859704
1 5835782
1 2625648
1 4965826
1 4892700
1 8130728
1 3525549
1 5105975
1 500798
1 6842646
1 8611868
1 4764687
1 2610666
1 87842
1 1517154
1 9096703
1 2232276
1 1972985
1 714289
1 5899996
1 2087498
1 1490615
1 6768610
1 483555
1 8442743
1 4542561
1 875172
1 1454156
1 6281205
1 2432899
1 2989848
1 9981228
1 4219722
1 5209355
1 1400552
1 9720883
1 2782341
1 4563324
1 6657383
1 8395408
1 8931994
1 4175162
1 3125996
1 9826533
1 1420121
1 5505281
1 1758650
1 2904386
1 9900228
1 61526
1 352481
1 3161485
1 2856821
1 8926692
1 41802
1 7776051
1 2278943
1 7059967
1 8154744
1 2613091
1 5039687
1 7704224
1 263575
1 237298
1 2188276
1 7134087
1 7946651
1 7400736
1 3196835
1 8344664
1 5089615
1 5811456
1 776139
1 6919017
1 1735694
1 1011974
1 9640691
1 5721577
1 2252155
1 7334831
1 7986937
1 111519
1 2669405
1 4056297
1 1030569
1 4991155
1 4923601
1 1888674
1 4780035
1 7864243
1 815657
1 2335617
1 895104
1 5271134
1 2491046
1 1951814
1 2305148
1 334620
1 4946169
1 5342657
1 2402329
1 4295322
1 3954214
1 7308741
1 9222571
1 2092504
1 6755797
1 1438924
1 6803740
1 9129068
1 4836003
1 2027662
1 2209765
1 3687754
1 8701156
1 121010
1 3661325
1 1343712
1 8096311
1 2693740
1 2819095
1 65276
1 5022774
1 5629347
1 8444037
1 7480397
1 7481408
1 2847997
1 4292098
1 8718665
1 5330276
1 2960546
1 7491230
1 6870571
1 6443663
1 8322051
1 9395395
1 8837006
1 2606321
1 3717257
1 3093136
1 9972596
1 4257635
1 3370399
1 67681
1 6660119
1 5756990
1 1926101
1 322303
1 2845922
1 9585556
1 8052200
1 3675080
1 3552174
1 8906309
1 8943493
1 7763106
1 9518301
1 9732764
1 9611473
1 7257440
1 1337515
1 6151798
1 8362600
1 3573947
1 1531551
1 7527870
1 8424561
1 2406106
1 6913816
1 1222096
1 874260
1 7184333
1 1992270
1 2090389
1 7907936
1 7291051
1 7450884
1 3500520
1 9422438
1 5904426
1 876607
1 8191527
1 2811843
1 5268595
1 3098664
1 8284122
1 8753608
1 3597548
1 9178576
1 8300851
1 6065075
1 7135384
1 4494968
1 8773265
1 7915530
1 319651
1 7847967
1 9002081
1 433757
1 9815425
1 7570333
1 3429280
1 6137775
1 574415
1 8938615
1 7962184
1 6874811
1 8130948
1 341809
1 5689507
1 5314125
1 9134918
1 5836127
1 3658338
1 3181377
1 4325501
1 5971117
1 4595286
1 4563428
1 7197663
1 7747129
1 55006
1 3927148
1 8732805
1 6335006
1 890919
1 1878157
1 7254140
1 5896159
1 9280461
1 4197131
1 6019228
1 8264887
1 6998643
1 2250486
1 3798584
1 6132996
1 1545664
1 5637081
1 1956052
1 703144
1 3210336
1 4644032
1 7315384
1 3463667
1 3890086
1 6191665
1 8517265
1 7325829
1 7498908
1 7418166
1 848129
1 4879701
1 7890561
1 9210557
1 4943347
1 7996722
1 9567691
1 6787370
1 9972455
1 2438899
1 7169765
1 1407359
1 3326311
1 5479377
1 5377677
1 1738409
1 6338416
1 6223967
1 7061167
1 8675297
1 7367189
1 7500919
1 163076
1 9345393
1 2054667
1 6372403
1 9157803
1 599469
1 9932164
1 7868690
1 7791935
1 4350873
1 6597766
1 4040495
1 3458141
1 8354053
1 3733129
1 4315631
1 1406528
1 5738249
1 2320646
1 9169292
1 175042
1 8457266
1 1850328
1 9953473
1 2013519
1 3085136
1 3920032
1 7490478
1 413071
1 1927989
1 9760643
1 9851342
1 878800
1 6549275
1 3925899
1 6714633
1 3081672
1 8173891
1 2955479
1 1517785
1 9101056
1 8442134
1 7890916
1 5042886
1 1319777
1 1527431
1 4102213
1 4149939
1 4794509
1 5583689
1 5247916
1 2532334
1 5801276
1 9418065
1 959318
1 3321323
1 1905558
1 2228907
1 6923434
1 2848501
1 6951667
1 9569542
1 4897018
1 8851582
1 4459529
1 6471269
1 406561
1 6224667
1 1353765
1 8515499
1 5320394
1 4697513
1 5100659
1 3455886
1 6827791
1 795570
1 4245837
1 9163286
1 4090020
1 4474815
1 9652244
1 5662053
1 1802141
1 4662811
1 6877337
1 5579113
1 3791437
1 785517
1 4171837
1 7510169
1 223638
1 334997
1 9335648
1 6147047
1 5328620
1 9570621
1 92829
1 1595063
1 3267195
1 7449357
1 8443752
1 4900164
1 2003979
1 3758557
1 1626298
1 4955179
1 6513849
1 4510646
1 3913425
1 3226823
1 2269566
1 9079352
1 3407710
1 3487879
1 3796368
1 3516025
1 2163875
1 868306
1 2328192
1 5512191
1 1749835
1 1648477
1 2421924
1 4872081
1 3938466
1 8683153
1 8589649
1 275583
1 8024554
1 7360132
1 4661651
1 8550665
1 2757164
1 8104377
1 906524
1 1082351
1 1232468
1 4087887
1 6571607
1 822971
1 5286376
1 8550585
1 7353488
1 5807314
1 7624854
1 1214380
1 8590616
1 7369528
1 8373170
1 9999154
1 4951166
1 759367
1 4386881
1 230450
1 9215314
1 5774429
1 2491708
1 7509731
1 8447013
1 4162557
1 1793399
1 1615182
1 5652646
1 2578326
1 6049642
1 7851413
1 3571843
1 4443310
1 8486065
1 4380203
1 8806024
1 5328500
1 4613661
1 7985654
1 5060876
1 7169371
1 5457515
1 21878
1 9718700
1 5477072
1 6589001
1 8682403
1 2986312
1 9933030
1 6888227
1 617164
1 4803857
1 3336197
1 8317132
1 9744588
1 5754234
1 8492760
1 9928560
1 8035903
1 127623
1 4161577
1 9703395
1 5430344
1 6864699
1 9150736
1 6454972
1 5829763
1 3587107
1 5558837
1 4435850
1 9616333
1 1956989
1 23987
1 5592871
1 9709358
1 8458925
1 2639769
1 4985613
1 652220
1 996037
1 294721
1 1717094
1 5861731
1 4698004
1 7611736
1 1019556
1 7051251
1 6216903
1 1618036
1 132835
1 9420225
1 3755287
1 143944
1 7274891
1 6232512
1 9778549
1 3745710
1 3583077
1 9651135
1 613015
1 5331724
1 8265307
1 1575368
1 1029308
1 25582
1 5927259
1 9586881
1 726529
1 8749077
1 3601506
1 2380655
1 9784046
1 1534523
1 1344775
1 5748692
1 2166797
1 1809358
1 4777995
1 5940433
1 6156135
1 5636085
1 9723286
1 56887
1 1691287
1 6678899
1 3784093
1 8676129
1 4339520
1 4801846
1 6521050
1 6137801
1 4145081
1 1124700
1 7988983
1 7939277
1 6819697
1 9129459
1 4584461
1 205995
1 350777
1 2294496
1 2656341
1 6012660
1 2340220
1 9189219
1 2710357
1 1702868
1 8677920
1 4345800
1 5449111
1 4855999
1 9313925
1 3652424
1 4127515
1 6408394
1 4873630
1 4007179
1 2836526
1 2699203
1 9653899
1 6211957
1 3722686
1 8847884
1 3555589
1 2320550
1 9725016
1 5888313
1 1352303
1 4598116
1 3572197
1 2406355
1 6526229
1 166172
1 2062753
1 1679592
1 514116
1 851453
1 3367603
1 8530645
1 574406
1 2022725
1 4855321
1 5660848
1 509176
1 2859218
1 3226190
1 8019168
1 4318055
1 7078315
1 6200390
1 1472215
1 4218517
1 7595814
1 7095210
1 7950683
1 2696142
1 8250758
1 7602385
1 6896223
1 9321931
1 4769840
1 1822156
1 2268318
1 3545431
1 6635896
1 5258679
1 4823024
1 1251157
1 9196921
1 230949
1 4073124
1 2059786
1 5441860
1 7409384
1 7766050
1 6047684
1 8511121
1 4768074
1 3801416
1 2143598
1 9529294
1 8839876
1 8414484
1 9526559
1 3616167
1 2239958
1 8574704
1 740785
1 7462227
1 297291
1 6158751
1 2717457
1 1328631
1 2171646
1 9488945
1 4688126
1 1040077
1 508355
1 171051
1 4301587
1 8478269
1 8930697
1 9402406
1 7516839
1 6868007
1 1575927
1 5133851
1 7849429
1 7100263
1 5839815
1 1045024
1 806884
1 2831929
1 6683608
1 8326906
1 2457002
1 6062548
1 9385782
1 9135405
1 1751851
1 6792196
1 6723710
1 30631
1 6961452
1 5701348
1 1336025
1 2067848
1 7109416
1 6945897
1 893025
1 1812543
1 9614605
1 7666151
1 9960281
1 2642594
1 1067501
1 9383107
1 724110
1 434936
1 3339386
1 4764864
1 6464551
1 5927947
1 1691738
1 8325654
1 2485732
1 6551144
1 9367893
1 7785284
1 1650491
1 3871198
1 9422295
1 7109629
1 786656
1 7722059
1 3148671
1 1935941
1 1981121
1 4584576
1 8606264
1 8319182
1 3577461
1 7269299
1 6355516
1 6289006
1 7038427
1 1559551
1 4366365
1 1250485
1 1570410
1 2462931
1 5547403
1 4975664
1 3587294
1 9271629
1 5257854
1 6446243
1 5467313
1 5549762
1 7125039
1 914558
1 8005046
1 2054620
1 6007335
1 4726401
1 9388897
1 4295521
1 688649
1 9941221
1 2168538
1 8931383
1 7203232
1 1190011
1 2421029
1 5162707
1 9358080
1 7292822
1 6464716
1 737652
1 7207739
1 2628597
1 1832407
1 2535972
1 3958164
1 3840466
1 4185875
1 6887675
1 8966881
1 4840292
1 4556345
1 8999396
1 4154887
1 1175868
1 3429860
1 4040198
1 2324846
1 3957079
1 8892499
1 2476028
1 8529016
1 3610349
1 8642625
1 6736930
1 9631128
1 5263726
1 3782183
1 5691037
1 3978642
1 5264353
1 2816677
1 9487396
1 9163197
1 6717869
1 4784969
1 3597866
1 3053529
1 7212217
1 8828341
1 9537807
1 4938819
1 4712997
1 2483684
1 5161868
1 8876816
1 4463139
1 6420179
1 3411764
1 9857221
1 6205169
1 883379
1 6633511
1 3585522
1 9180298
1 6566529
1 5730310
1 394183
1 4755452
1 3839602
1 9260585
1 9919066
1 514310
1 1108150
1 425438
1 4846494
1 4784196
1 9160122
1 9462465
1 2250077
1 2800836
1 5993015
1 7944505
1 1030973
1 3927068
1 9168235
1 1272527
1 5097422
1 457326
1 4809091
1 8419643
1 5429258
1 5889832
1 4263515
1 6314412
1 5747304
1 4644355
1 2371026
1 7593362
1 9171380
1 4545215
1 6261290
1 7551094
1 6939580
1 3660483
1 3819678
1 2340028
1 7650439
1 2676689
1 8826493
1 135625
1 121442
1 594741
1 913616
1 2903929
1 7633458
1 2503346
1 9376085
1 8975314
1 3081224
1 299644
1 5119440
1 2025457
1 9881297
1 5208070
1 9529683
1 4194010
1 448235
1 3615574
1 23183
1 6433648
1 921296
1 6572541
1 4467323
1 522937
1 8793977
1 1205046
1 1311272
1 9784012
1 6912546
1 3807132
1 2079698
1 4144163
1 4627410
1 4948103
1 6989329
1 518388
1 1051548
1 8976917
1 6784773
1 718194
1 5970752
1 6092452
1 7048182
1 3301003
1 3461463
1 9035086
1 4232362
1 5812641
1 658061
1 2420210
1 6648005
1 877270
1 5460833
1 2758827
1 1933795
1 9763087
1 1197536
1 7896641
1 757361
1 1745908
1 1439038
1 1913046
1 3322488
1 1507595
1 7510116
1 7240717
1 5271432
1 858510
1 4559238
1 269935
1 6809861
1 4913659
1 1403173
1 3375207
1 8525552
1 2425827
1 7678258
1 6439762
1 4482653
1 9102571
1 9604202
1 5306084
1 312410
1 9400184
1 571742
1 4563905
1 4920104
1 405630
1 3875917
1 3409548
1 8948119
1 4390257
1 464479
1 3323364
1 4223749
1 4898794
1 5158222
1 7884425
1 9259251
1 1992174
1 8079057
1 8315380
1 1489424
1 6342835
1 7997399
1 6406078
1 2126201
1 1176429
1 5235463
1 4104720
1 469026
1 4092106
1 7523624
1 2838039
1 3474912
1 9802025
1 7371288
1 9096641
1 7234868
1 111761
1 5516085
1 39124
1 60676
1 5950190
1 3089192
1 8250568
1 9571810
1 3446890
1 8324135
1 9933541
1 4127414
1 2149044
1 1856575
1 9002933
1 1104975
1 3572963
1 8454274
1 6744794
1 6975729
1 456060
1 8214438
1 7127819
1 8016516
1 4885644
1 5487207
1 2274183
1 1240446
1 8176768
1 4972953
1 6468908
1 5821131
1 9129312
1 5765085
1 9706582
1 7864484
1 6256636
1 6024464
1 9845421
1 5543220
1 1601858
1 9206188
1 3765229
1 9938266
1 6183782
1 943125
1 5493762
1 6090495
1 3595517
1 4682487
1 9464339
1 4939007
1 7904808
1 8356221
1 1720132
1 9854326
1 7145747
1 922860
1 5151421
1 5475750
1 3904012
1 2435245
1 5294836
1 5274956
1 1966024
1 817238
1 80271
1 8462177
1 3322982
1 1547707
1 8979672
1 2676804
1 8048688
1 2013681
1 4272948
1 2582841
1 787614
1 9735625
1 5919206
1 6726616
1 3547474
1 4133076
1 3410816
1 8091991
1 5675415
1 8892217
1 1491698
1 9829002
1 5088376
1 3855524
1 8809016
1 4545662
1 1024837
1 644598
1 5637580
1 9468251
1 8513663
1 6287218
1 5479278
1 2833359
1 1353629
1 8950399
1 4261574
1 9575796
1 8567910
1 1600017
1 9709546
1 3421466
1 8496444
1 8984968
1 2146847
1 9135269
1 4292405
1 2678693
1 437151
1 5000801
1 6299698
1 7293886
1 1407550
1 7602750
1 8340823
1 7428626
1 8941496
1 3859972
1 6573738
1 389076
1 5136248
1 2658945
1 2340519
1 8962823
1 3246426
1 9929692
1 7816765
1 1105687
1 3353776
1 4224199
1 1838050
1 4964429
1 9373174
1 8533119
1 7897578
1 4984637
1 1209436
1 5610229
1 3287975
1 6796998
1 7350124
1 6523561
1 3357609
1 5315983
1 3374347
1 4977373
1 7953830
1 8618455
1 2584168
1 7345230
1 1952415
1 4672399
1 6102185
1 1370509
1 7662232
1 5813123
1 4933467
1 718478
1 8814800
1 5719708
1 2298885
1 5883617
1 1135478
1 310061
1 6452105
1 5069197
1 3177515
1 9617569
1 296054
1 8810942
1 7820677
1 7875797
1 6156011
1 4744341
1 4238713
1 66576
1 7533694
1 924186
1 8902220
1 6363002
1 2200050
1 8138688
1 8115485
1 8844893
1 8281958
1 891753
1 1197300
1 415304
1 7058063
1 4355539
1 2178852
1 9173072
1 735820
1 3214065
1 5611646
1 9713757
1 3441336
1 8845979
1 9223972
1 3704993
1 6221279
1 9528749
1 8981146
1 2018073
1 8254746
1 4820752
1 3978716
1 4823768
1 204035
1 5655439
1 7872803
1 7228394
1 369856
1 6557635
1 2422090
1 613959
1 7506695
1 9945463
1 5130889
1 9690745
1 1848537
1 1270788
1 5534801
1 1385641
1 3809723
1 9557279
1 8327716
1 9641668
1 5458986
1 5875970
1 5496179
1 5779255
1 1883031
1 7732873
1 2042693
1 506466
1 8618989
1 9853142
1 2090515
1 4432988
1 1004540
1 3298399
1 7491650
1 4349509
1 543911
1 6321519
1 8947904
1 3546899
1 2835492
1 1209049
1 1581459
1 7860184
1 5270819
1 9846486
1 7502225
1 8020832
1 9894389
1 5324153
1 1782237
1 1509784
1 123840
1 1176203
1 9575729
1 1084674
1 5962877
1 4656146
1 2127248
1 6431965
1 6891604
1 6628293
1 8532410
1 9459245
1 8568278
1 786028
1 9937653
1 525665
1 4566566
1 5934015
1 3135340
1 5115519
1 1342061
1 7907256
1 2293707
1 3645417
1 5846133
1 6769890
1 9995704
1 3626944
1 8162702
1 1104197
1 4557535
1 3388800
1 8488431
1 481047
1 4452068
1 7449999
1 1976715
1 8506285
1 1594769
1 279937
1 9507225
1 7131223
1 9418145
1 866806
1 5525701
1 769118
1 2579670
1 5782214
1 7847043
1 8022339
1 6769921
1 7038853
1 9442301
1 4746320
1 6695857
1 8711425
1 939368
1 6513087
1 1455926
1 4136509
1 7165107
1 9672440
1 5668164
1 163959
1 4852545
1 6018432
1 3262219
1 7704058
1 5592300
1 4049669
1 4522136
1 7379649
1 6904224
1 3901916
1 7808535
1 3313505
1 4665426
1 3225866
1 2990975
1 7342261
1 1020514
1 5133044
1 4951486
1 7147232
1 3772205
1 3011829
1 2743826
1 6431674
1 8692971
1 7503879
1 892664
1 6938170
1 178475
1 8468055
1 4388734
1 3881580
1 9310533
1 4054299
1 4857048
1 3903038
1 8301080
1 9293143
1 7468232
1 3412659
1 7727953
1 9175229
1 4604410
1 28626
1 4642515
1 7325618
1 6664751
1 7978462
1 4386994
1 9615303
1 646989
1 8780021
1 7081746
1 6435780
1 8926448
1 205855
1 7611789
1 7215018
1 6190663
1 3258803
1 8947450
1 6838692
1 8331164
1 3309724
1 4155485
1 8790468
1 2927438
1 5018902
1 2540251
1 9999764
1 6095285
1 8705964
1 9415576
1 8789070
1 7336623
1 8137160
1 9199165
1 9528199
1 2790929
1 7505381
1 6308380
1 5168812
1 1214706
1 9903410
1 7263183
1 7042437
1 9702993
1 1485093
1 5559254
1 9860872
1 5267495
1 3112231
1 5914342
1 208318
1 4527935
1 2236348
1 4834200
1 9786413
1 1461843
1 6230758
1 7537338
1 3630805
1 217218
1 658466
1 3711332
1 9944886
1 4628647
1 5347732
1 9239553
1 2331034
1 1067065
1 6062380
1 6700573
1 7866320
1 3589560
1 1580766
1 36403
1 2971662
1 4503606
1 9286423
1 963759
1 5397433
1 4478968
1 2465809
1 1634327
1 6781949
1 4813528
1 3481325
1 3182935
1 9507771
1 3379026
1 3904062
1 2479402
1 5920824
1 9061159
1 9848522
1 9714158
1 8584835
1 8257800
1 2418332
1 2904089
1 1915958
1 6315904
1 9618119
1 2454784
1 4850396
1 1800070
1 7294205
1 7303909
1 3610984
1 7999057
1 2496468
1 9720511
1 1808064
1 9406875
1 7662086
1 7440769
1 3702162
1 3883412
1 6715497
1 662977
1 4826527
1 2314170
1 3190362
1 6801581
1 9882870
1 3686022
1 2886564
1 2775436
1 5752424
1 3812645
1 9662126
1 3430277
1 5090990
1 7900921
1 971615
1 7725828
1 5342151
1 2629677
1 1515695
1 8375797
1 417929
1 4128083
1 6040802
1 8851098
1 2179491
1 9669942
1 858609
1 363360
1 1893520
1 7326606
1 2483725
1 4036173
1 2505071
1 2974021
1 9206131
1 3877527
1 4395032
1 2465499
1 1484404
1 4770058
1 5029184
1 1025699
1 637544
1 7879372
1 7100901
1 1332376
1 3263071
1 2223847
1 7947777
1 5515778
1 262610
1 3158020
1 4501970
1 4422980
1 4768637
1 5931703
1 4114519
1 804434
1 3917591
1 6387020
1 9626067
1 3127678
1 6195189
1 4172248
1 1293162
1 4138892
1 9347748
1 2430956
1 3184600
1 3633193
1 6682352
1 6059539
1 3845809
1 4296854
1 2048610
1 3821031
1 68214
1 3654844
1 5492445
1 4058873
1 7439426
1 2423967
1 4595023
1 999823
1 9180287
1 3061525
1 1078588
1 2448351
1 6620232
1 9141829
1 8083621
1 9599689
1 8716324
1 9052790
1 2303158
1 5970327
1 6634258
1 2484598
1 687532
1 9493756
1 1616602
1 5654885
1 4426158
1 4938456
1 9172916
1 9027319
1 7701071
1 1460040
1 5904815
1 8004763
1 6506039
1 8633370
1 2312591
1 6500716
1 4201550
1 6578536
1 6320355
1 8102410
1 9321206
1 4602211
1 5173331
1 9048101
1 3296970
1 6593239
1 8522722
1 8259616
1 1672331
1 9921791
1 5012438
1 9951026
1 5289661
1 8491519
1 1658266
1 8534161
1 7895113
1 9803578
1 8995077
1 656658
1 9035855
1 1822870
1 1445173
1 837662
1 6973534
1 3906974
1 642631
1 8885020
1 3407409
1 6058358
1 6677299
1 349020
1 8298621
1 795434
1 6580325
1 6051676
1 8750359
1 6523512
1 7624809
1 2714737
1 180252
1 4657400
1 2368159
1 1624466
1 7886046
1 7656094
1 7986088
1 4483820
1 4886819
1 6676656
1 4320571
1 8287016
1 9572332
1 8369405
1 3236643
1 7056396
1 7809416
1 5760718
1 8318543
1 6274299
1 7168942
1 9873420
1 1425822
1 5977664
1 9031567
1 1869151
1 3676718
1 5992259
1 1687872
1 2838973
1 2906959
1 4417232
1 4846832
1 1859040
1 4527457
1 4143829
1 4411822
1 9948146
1 7015002
1 1156328
1 6504820
1 3632698
1 9288808
1 6394011
1 2938267
1 306222
1 2913015
1 5926599
1 7217350
1 88206
1 8762719
1 6919311
1 1944004
1 3657724
1 6454193
1 3546347
1 1105359
1 2996474
1 3107463
1 7948805
1 4235053
1 198350
1 1203485
1 3295031
1 8662885
1 1495594
1 8792020
1 3295388
1 1934898
1 4649536
1 5416777
1 5592294
1 3693874
1 1221031
1 8168023
1 6021360
1 2336207
1 3082225
1 3432836
1 9102039
1 6629419
1 8617906
1 6990598
1 4182369
1 8722634
1 6320934
1 3594901
1 2431802
1 6241279
1 9158885
1 7291151
1 8715940
1 9377250
1 4133486
1 6340252
1 673231
1 160907
1 49534
1 4733297
1 5125569
1 4249891
1 7961131
1 3203490
1 4888523
1 5634431
1 469872
1 9337738
1 795624
1 8668882
1 6810158
1 4671836
1 2858174
1 1875031
1 3189473
1 4126388
1 8181186
1 3696531
1 8980095
1 2419410
1 9452143
1 4940626
1 1623574
1 5453030
1 481078
1 4161882
1 7634813
1 8964317
1 5898947
1 6315982
1 2220943
1 7641091
1 5261356
1 3406485
1 317265
1 9908917
1 4441542
1 8308249
1 8986467
1 4394378
1 8346993
1 332567
1 6428105
1 847607
1 7729670
1 4446104
1 1810906
1 3391030
1 6021715
1 1185027
1 8602367
1 5841193
1 8817836
1 8656852
1 7534214
1 3878826
1 7891760
1 8367191
1 9022367
1 8238356
1 5301485
1 5387298
1 2374067
1 4009719
1 5755688
1 1326746
1 9446781
1 3123735
1 6652667
1 5431399
1 9677077
1 6396970
1 9914617
1 7346721
1 4170479
1 5915227
1 9596821
1 8751344
1 6828077
1 2210233
1 2255118
1 2670439
1 9856619
1 5533361
1 9561833
1 7181917
1 8365953
1 7724320
1 5096568
1 5259644
1 9438113
1 7101654
1 3893295
1 7366405
1 6619551
1 8726474
1 9483568
1 9080689
1 5481523
1 5462058
1 8457573
1 6907122
1 7147493
1 8285550
1 2079182
1 341643
1 534675
1 8351857
1 6729355
1 7114133
1 2949809
1 4377045
1 1417292
1 5654677
1 3290771
1 2339380
1 3651682
1 5797432
1 7119369
1 2688962
1 1911837
1 1289107
1 3380535
1 978148
1 620660
1 5692886
1 7778235
1 1209454
1 4952942
1 5451308
1 8866964
1 125434
1 9430539
1 4917341
1 6444537
1 7803808
1 2657007
1 7138629
1 2042403
1 115806
1 8694468
1 4976398
1 9447122
1 1151171
1 5138347
1 7740183
1 9681431
1 4761996
1 4150809
1 142856
1 3098100
1 1637723
1 8165384
1 8473011
1 4479109
1 1985053
1 815997
1 8771754
1 2302483
1 4008831
1 1470687
1 2144436
1 67994
1 9811876
1 4738429
1 3361664
1 8935941
1 4950248
1 1794415
1 5640291
1 6277884
1 8791240
1 5907624
1 7996121
1 9246357
1 6901282
1 2660256
1 3112620
1 6084374
1 827408
1 8399369
1 7796225
1 2256705
1 8135216
1 4762298
1 6921670
1 7171280
1 8489541
1 438979
1 7174440
1 7003635
1 9609369
1 8532418
1 5192473
1 8450051
1 2129175
1 8466614
1 1008772
1 4271736
1 8616678
1 9891596
1 2604577
1 2743326
1 154933
1 4276182
1 9111669
1 9968550
1 1200137
1 8794701
1 7681537
1 2643933
1 9579078
1 657804
1 3976325
1 6799423
1 9458921
1 2674600
1 2030990
1 2253482
1 5020646
1 3160479
1 9892341
1 3100861
1 2492950
1 8359943
1 5246511
1 7389420
1 6315469
1 9640774
1 7505085
1 5058802
1 1067032
1 8006783
1 7820244
1 5784647
1 5770369
1 7716123
1 5015707
1 299607
1 3145158
1 8822069
1 4086474
1 7508771
1 8169596
1 3776400
1 927320
1 7262035
1 8767969
1 9438980
1 4754600
1 8204068
1 8729252
1 9351621
1 7111773
1 6155839
1 3803340
1 4861331
1 4622017
1 6507036
1 6969332
1 5891265
1 3978553
1 783070
1 4181626
1 9462548
1 5751463
1 9961104
1 766713
1 4247174
1 6711448
1 4417222
1 1737499
1 9615981
1 3978601
1 8289606
1 231454
1 888988
1 2315878
1 9010330
1 999165
1 2196194
1 3234267
1 8269703
1 8340886
1 1335108
1 9160573
1 5301752
1 5522727
1 8030945
1 2439833
1 6868267
1 1511690
1 2171196
1 9990867
1 5830227
1 6546426
1 5241770
1 9146536
1 1043435
1 7638303
1 130307
1 4824884
1 661858
1 2802749
1 9485984
1 7663150
1 5142695
1 8406420
1 9066101
1 4655328
1 8624537
1 9470279
1 6854381
1 9774643
1 2280353
1 2302707
1 2252384
1 9137973
1 6761704
1 9667111
1 9542903
1 6266738
1 2550328
1 9352005
1 1255602
1 2794044
1 6475453
1 7036747
1 8239458
1 3035874
1 2709979
1 4359037
1 1313003
1 9612692
1 231795
1 552384
1 2229037
1 1962056
1 2684857
1 1859684
1 985697
1 3922966
1 3675847
1 8710492
1 7017698
1 5491512
1 5026151
1 1783318
1 1845643
1 7142053
1 4283734
1 3700344
1 7393036
1 8251272
1 6849135
1 6397822
1 7633355
1 2757620
1 1630940
1 7971951
1 4545390
1 427487
1 5155753
1 3355400
1 2159356
1 3996865
1 4938495
1 8680408
1 5703152
1 7000571
1 5565499
1 9353664
1 1642943
1 4531176
1 6756213
1 1484446
1 5696572
1 7093066
1 5001048
1 1211087
1 9725671
1 7377411
1 2089435
1 7373767
1 3224223
1 3769314
1 681613
1 9176395
1 7525784
1 3264531
1 9586212
1 2485694
1 7689338
1 5333237
1 5282861
1 1322096
1 2387877
1 3747949
1 6958322
1 9022982
1 380772
1 3687730
1 2025130
1 166660
1 2999157
1 5304913
1 5257817
1 9444248
1 7275972
1 3560706
1 7138139
1 1381834
1 6533786
1 4964292
1 3839668
1 3525032
1 3022097
1 4095158
1 5692688
1 7083505
1 2460850
1 5357698
1 4600966
1 3724910
1 1531871
1 5881330
1 6794311
1 2269440
1 8137331
1 5820519
1 470645
1 9801286
1 9994391
1 7284391
1 3296157
1 2841994
1 2897814
1 4863618
1 9664085
1 2339958
1 2870956
1 8018632
1 5382049
1 694546
1 3079036
1 7111107
1 5851080
1 22852
1 4803149
1 2866547
1 1955146
1 706302
1 3787863
1 1814582
1 9182430
1 7568921
1 8225115
1 8496001
1 3351537
1 5354548
1 7616554
1 1910461
1 7033190
1 4850686
1 4111358
1 2718342
1 69010
1 9509136
1 9541089
1 4604437
1 6926883
1 4052458
1 7452796
1 852674
1 2341711
1 4640672
1 8767524
1 2995163
1 8615484
1 7965224
1 9422866
1 6075050
1 9977484
1 6293206
1 5468194
1 9629152
1 3696912
1 9731265
1 7200656
1 1801633
1 4003910
1 5700443
1 7657809
1 5129313
1 6778385
1 9593033
1 6474030
1 4905244
1 103557
1 930701
1 8372672
1 1147684
1 3826682
1 4518971
1 287072
1 501021
1 477481
1 9958959
1 5648987
1 6505535
1 6564669
1 6684269
1 5417012
1 1601813
1 8261978
1 8719623
1 8747406
1 9822952
1 1517622
1 3290981
1 3093389
1 4504406
1 6356812
1 9272367
1 9670919
1 7816740
1 2631343
1 5151758
1 5935480
1 5136248
1 7055683
1 9613508
1 5666125
1 2998803
1 4240573
1 1210369
1 4511188
1 375197
1 1536692
1 5082089
1 9165449
1 2197000
1 4025971
1 9735952
1 5449959
1 2955186
1 6713928
1 7238115
1 9543702
1 2117131
1 7892933
1 6203524
1 6119765
1 1288971
1 7546377
1 4645340
1 8383777
1 5100574
1 8035230
1 8917371
1 3534468
1 4560552
1 5493163
1 4532520
1 1706378
1 4283819
1 2151808
1 8714402
1 2827944
1 8570086
1 2454959
1 3537657
1 5474054
1 2932227
1 9206969
1 6209926
1 2160745
1 8547793
1 4039551
1 9926967
1 5801761
1 8658187
1 8911889
1 1677998
1 2910537
1 3688559
1 3773632
1 4497958
1 1246725
1 6631637
1 6414579
1 1597356
1 5105337
1 1961831
1 1484196
1 7744480
1 9282650
1 6113739
1 5490726
1 8572574
1 2772577
1 6467020
1 4168822
1 7002995
1 4623311
1 9618350
1 4205059
1 6064610
1 3773298
1 4925338
1 1464730
1 8471320
1 8401663
1 4690633
1 1024259
1 1270797
1 7463811
1 8617070
1 8994912
1 9716698
1 8039526
1 2836395
1 3652599
1 2922621
1 4734050
1 3905538
1 7927015
1 4159246
1 9569757
1 3864331
1 1286661
1 8027880
1 8784027
1 5304374
1 4613076
1 7496482
1 2012810
1 2076554
1 59311
1 4847434
1 1221545
1 5267433
1 3100241
1 2797526
1 1003142
1 5406416
1 6613556
1 5228444
1 8038914
1 7310796
1 3549437
1 8131500
1 8847779
1 8811182
1 3924922
1 6727579
1 6436460
1 4718812
1 2900650
1 5555168
1 1044203
1 5053360
1 7226612
1 2968174
1 3747185
1 2683276
1 5426728
1 2060337
1 4042900
1 1109435
1 2780784
1 3546963
1 8997881
1 2006378
1 8545660
1 4010911
1 801515
1 1572587
1 8886912
1 4531587
1 4943700
1 3192415
1 3069650
1 5998334
1 2179139
1 8514829
1 6308608
1 6610341
1 9550576
1 7249321
1 609450
1 125403
1 2634420
1 3151631
1 6139497
1 3267844
1 615333
1 9872484
1 9053015
1 2276930
1 7388932
1 3834173
1 2464958
1 4128333
1 6759763
1 4028467
1 7752954
1 7989483
1 6825182
1 240457
1 1066424
1 7352434
1 4198371
1 9715108
1 2031688
1 7464922
1 6923405
1 5928428
1 4381435
1 7258769
1 9816504
1 7243195
1 9253154
1 8512018
1 747367
1 2212733
1 6673814
1 7983911
1 8817619
1 7125492
1 832619
1 1981168
1 3158398
1 6836868
1 3800321
1 4515138
1 9794680
1 6238852
1 9723705
1 4309211
1 8395939
1 9642340
1 3570765
1 3943966
1 8909325
1 7073496
1 7235919
1 3851761
1 2777416
1 9484369
1 9354005
1 7908309
1 7755145
1 2409910
1 8999600
1 7450177
1 8560490
1 9105146
1 2546
1 9419281
1 531721
1 9484981
1 1931777
1 8046696
1 3237197
1 4925853
1 4465656
1 1443149
1 2233735
1 5589113
1 8783054
1 6562679
1 939861
1 1314700
1 4480717
1 236849
1 423538
1 1594159
1 1953257
1 4003734
1 7917763
1 4788917
1 3885771
1 1728245
1 5875344
1 7406162
1 842251
1 843027
1 2763858
1 6986622
1 6611592
1 80901
1 3772779
1 5078121
1 2662444
1 9027757
1 4947425
1 427993
1 6346140
1 7667973
1 5117929
1 7321436
1 8593653
1 3278489
1 9665750
1 9656417
1 8374645
1 4632791
1 7592584
1 4733167
1 8842784
1 9238027
1 2600130
1 4772406
1 1172214
1 8883610
1 3681275
1 8130636
1 8847930
1 7632887
1 6658571
1 9479383
1 1114275
1 1350575
1 1004337
1 2273284
1 6429552
1 5264652
1 6684454
1 8175212
1 2460954
1 283652
1 9910691
1 5832182
1 9273224
1 6965331
1 4396520
1 4646458
1 3797209
1 7892312
1 8714391
1 7395028
1 3656839
1 3232791
1 130744
1 5756719
1 2480630
1 3920179
1 3482753
1 1835445
1 5252316
1 8987616
1 4010971
1 4053835
1 5852094
1 3862914
1 6862412
1 6828588
1 2532919
1 1676588
1 7057507
1 787696
1 6288143
1 6365664
1 7551809
1 5676512
1 8005687
1 8826525
1 5952145
1 1347711
1 8488899
1 2328686
1 5197733
1 3665090
1 7388248
1 4718383
1 4130488
1 9130040
1 6205159
1 2792759
1 847045
1 7692477
1 529627
1 2233943
1 1733614
1 6655594
1 37913
1 9450734
1 4351121
1 380779
1 2009658
1 7474082
1 2041553
1 4637391
1 3302754
1 2450322
1 2891025
1 6969331
1 7040887
1 1101224
1 232657
1 7865331
1 6661790
1 4764910
1 1330811
1 8804601
1 5786211
1 1423315
1 1636620
1 2751486
1 8489562
1 520329
1 2757992
1 964159
1 2170559
1 2693512
1 4163730
1 3843725
1 5604933
1 8803076
1 4719026
1 6947237
1 7447375
1 5853464
1 1851342
1 7072792
1 1513029
1 7974757
1 1765239
1 4952724
1 6046241
1 2140410
1 9530702
1 7075962
1 4391987
1 6321195
1 9188039
1 998227
1 2380903
1 3167481
1 2348549
1 567767
1 5493920
1 2734259
1 210641
1 6236684
1 982919
1 1879605
1 3488045
1 3386596
1 6556024
1 5706623
1 6928839
1 2256032
1 7253565
1 5241819
1 5327465
1 2160071
1 5682366
1 3576115
1 2161968
1 137464
1 1542258
1 889385
1 3312680
1 2207210
1 1185712
1 9412925
1 7816598
1 2435163
1 354548
1 1288855
1 7638213
1 8670422
1 763459
1 8519020
1 5039383
1 6350840
1 1234465
1 8325172
1 1521839
1 7018274
1 7392795
1 4517645
1 7431403
1 486565
1 5535930
1 4600310
1 2152991
1 2754743
1 4297448
1 2768061
1 8176825
1 3128049
1 9755596
1 8429236
1 9638663
1 5365091
1 5569736
1 8325382
1 8016658
1 2164737
1 2689647
1 110059
1 9849213
1 6809638
1 9092570
1 7222127
1 1821160
1 6013390
1 4247226
1 5244697
1 9729885
1 7781197
1 2144151
1 5741033
1 2003484
1 2285920
1 9129769
1 480208
1 2352172
1 5899982
1 6717489
1 5194676
1 9334843
1 5084406
1 4917164
1 8887937
1 3533876
1 5430821
1 5138695
1 8599902
1 1875560
1 7999496
1 1205852
1 1871709
1 9206003
1 4278404
1 7935175
1 3859308
1 5724985
1 6310917
1 5080341
1 9733277
1 9818668
1 5088152
1 9384313
1 4062409
1 1224511
1 1869595
1 551394
1 2655230
1 2974289
1 4620509
1 5814835
1 7673208
1 5869520
1 3261226
1 1840247
1 7009972
1 1726818
1 804866
1 4148912
1 9200195
1 5172936
1 954535
1 1258234
1 6278673
1 2510100
1 7752846
1 7267545
1 5427820
1 4501068
1 2829029
1 3775162
1 1307647
1 3003925
1 6045426
1 869628
1 3434392
1 1413759
1 7882965
1 8072856
1 5833812
1 7932825
1 9865905
1 3473364
1 8827124
1 2127828
1 9526534
1 6026524
1 7141532
1 7498925
1 1759950
1 8284699
1 6088978
1 2145767
1 6430868
1 1955284
1 1565958
1 1842106
1 9061017
1 2019983
1 7449911
1 4065158
1 5241211
1 3837466
1 553348
1 7672735
1 3481824
1 6721381
1 1576133
1 7206595
1 9208975
1 5492895
1 3142896
1 9195970
1 7746523
1 8659392
1 6958058
1 546453
1 945163
1 5993218
1 9399840
1 6307720
1 8740683
1 1698755
1 1710709
1 4452439
1 8779077
1 6015645
1 1382844
1 1054912
1 6542841
1 330240
1 7777669
1 982681
1 7343308
1 2208421
1 1567937
1 4556044
1 3555921
1 7816060
1 6042250
1 4194661
1 8510138
1 8260921
1 5340773
1 9001111
1 9141295
1 5367536
1 5812251
1 153480
1 2929033
1 2718067
1 7780116
1 3667031
1 1846294
1 2882013
1 215296
1 3515557
1 1336252
1 7179715
1 1158154
1 3579473
1 6669701
1 2974713
1 349142
1 1497498
1 9167228
1 4162694
1 9256158
1 7673488
1 2424678
1 3975873
1 7216759
1 7421426
1 8745885
1 8515354
1 9149920
1 5447218
1 4803860
1 1867680
1 8412660
1 778087
1 2094132
1 4411752
1 4044935
1 5823926
1 7904836
1 8023112
1 810404
1 8166564
1 2888563
1 7827028
1 6584396
1 1646513
1 6026144
1 1114619
1 9709502
1 8984737
1 3229102
1 4807383
1 541241
1 2645627
1 554840
1 2257112
1 18082
1 3349218
1 7439045
1 714744
1 9355193
1 4045853
1 7570281
1 1667725
1 2076831
1 6796281
1 50820
1 1710781
1 9665925
1 8185119
1 120312
1 8313125
1 6229996
1 7262681
1 2338138
1 5642785
1 8279205
1 315934
1 5299897
1 2109961
1 661835
1 1041749
1 3887523
1 4995618
1 9833552
1 2247400
1 358801
1 6903829
1 6599166
1 9793739
1 419096
1 7804893
1 7403696
1 3540342
1 3917998
1 5874781
1 1355368
1 9956850
1 5505845
1 9699869
1 8764013
1 4427237
1 4628714
1 9239444
1 6349059
1 6024348
1 5620069
1 138982
1 4639340
1 5911828
1 1818245
1 9300146
1 4751696
1 5642818
1 1322780
1 3617427
1 2621384
1 2635012
1 8307346
1 3338191
1 1807980
1 4262118
1 7604876
1 5886247
1 3317379
1 3596377
1 2040847
1 8008930
1 1701177
1 4717529
1 9626875
1 5461984
1 637319
1 9156266
1 7397881
1 5346281
1 6140849
1 7324571
1 9101529
1 6889572
1 1211564
1 1212465
1 9763612
1 5724733
1 8192966
1 6299415
1 9030389
1 2242472
1 4874729
1 7668522
1 8731382
1 1927066
1 8593891
1 5504014
1 389545
1 8949719
1 7715063
1 7034560
1 505470
1 3943208
1 1601121
1 6068969
1 9232800
1 7917301
1 3507649
1 2585433
1 1779738
1 9494209
1 3024147
1 1853198
1 2121147
1 9518345
1 8850707
1 212440
1 407846
1 5008909
1 7622105
1 1649624
1 2369554
1 2370071
1 5136125
1 9367186
1 7661804
1 3603125
1 8198437
1 1602084
1 1104404
1 3906794
1 4569959
1 5256110
1 4940653
1 648885
1 390619
1 5305500
1 9023807
1 9482661
1 6406075
1 3532640
1 8556802
1 3127276
1 4901456
1 5382118
1 5760680
1 4728120
1 6566028
1 6339066
1 4020843
1 7362489
1 6567823
1 8098380
1 6583660
1 2809264
1 2428431
1 4028557
1 2802459
1 2969603
1 5582975
1 111631
1 4710700
1 2948639
1 8295930
1 5204069
1 1261664
1 5281708
1 8669162
1 3849484
1 9276584
1 956612
1 6916785
1 2689344
1 5270093
1 8048798
1 7803585
1 4712979
1 2752892
1 6433702
1 6366043
1 9351510
1 1005925
1 6079313
1 7501392
1 5573066
1 5664599
1 39338
1 7961759
1 7620318
1 1642246
1 2398196
1 6925452
1 7731320
1 4492070
1 1108606
1 9148856
1 4733399
1 9291921
1 544558
1 4476242
1 9349316
1 5154686
1 1975782
1 134135
1 622649
1 8208998
1 9448252
1 7306851
1 115435
1 7025272
1 9556580
1 7845545
1 4788599
1 215658
1 369546
1 4689870
1 5830916
1 5434251
1 9089013
1 7593824
1 5749917
1 5439283
1 6154077
1 7291560
1 3041309
1 8213390
1 1615422
1 7940960
1 7365444
1 1896998
1 3871914
1 2644081
1 948901
1 9925455
1 3622200
1 9826440
1 9314768
1 5681488
1 2260180
1 9874196
1 8690694
1 3481296
1 9378880
1 1062830
1 2399850
1 9086037
1 746643
1 1545744
1 2193279
1 9026005
1 3416970
1 4942494
1 7030799
1 7384133
1 6953936
1 4447029
1 3054963
1 5610838
1 9787111
1 1335361
1 6845766
1 9760243
1 4060383
1 6061378
1 6383752
1 270097
1 4797507
1 5026752
1 3230157
1 7517521
1 7486301
1 1113618
1 2071574
1 8001349
1 8010989
1 7179143
1 9012423
1 6537443
1 7092087
1 5035373
1 5811667
1 4352126
1 5508805
1 5207592
1 5269815
1 7752606
1 8875171
1 2122450
1 8585935
1 4186555
1 9670894
1 4190819
1 1603516
1 9466702
1 8611114
1 1579141
1 8988004
1 8622399
1 7425229
1 5762544
1 1172373
1 2564189
1 5708403
1 13453
1 2230154
1 4098193
1 7682423
1 7289776
1 3223060
1 7558430
1 5922460
1 4161844
1 7221466
1 121725
1 1603674
1 7620016
1 2097254
1 8606399
1 9664409
1 9005074
1 8514781
1 6895104
1 6918379
1 5632797
1 6536302
1 9134705
1 6552436
1 1400820
1 7815314
1 3505321
1 2881144
1 3396961
1 4951432
1 1491285
1 3567891
1 8634322
1 1124351
1 6279278
1 1209587
1 6526283
1 400013
1 2551283
1 9089024
1 8996439
1 4680326
1 3555665
1 1198411
1 6977818
1 5551316
1 4808983
1 2910770
1 768691
1 2043192
1 6932350
1 3380716
1 44648
1 8245108
1 9506591
1 1770589
1 8771313
1 3740426
1 2488769
1 5377547
1 6785997
1 178886
1 2445975
1 9736499
1 2377015
1 6134400
1 5764671
1 2189703
1 2787856
1 1971822
1 4579695
1 5474419
1 1782964
1 1797670
1 5645806
1 9704753
1 7376713
1 6290489
1 3373971
1 6469343
1 3691788
1 288795
1 5728437
1 7739032
1 9654896
1 7769746
1 3492985
1 4625544
1 6123581
1 5406194
1 4376371
1 5944312
1 6325000
1 3351642
1 4701208
1 8943033
1 3931096
1 8152617
1 857684
1 874140
1 1956081
1 9697729
1 4460319
1 8798528
1 900993
1 4618890
1 5718895
1 55501
1 8038024
1 6050550
1 40042
1 4806492
1 6583091
1 7713051
1 9564570
1 7705072
1 2587905
1 2984979
1 3349755
1 329138
1 986079
1 3273727
1 3895969
1 8250948
1 4927608
1 1819971
1 2708377
1 3424729
1 3724697
1 1810709
1 8719536
1 828722
1 3441413
1 8812423
1 1655044
1 793092
1 2358382
1 6233991
1 5105161
1 2227344
1 9702916
1 2886207
1 8310441
1 7814899
1 2155611
1 9855342
1 3710689
1 3169034
1 1377579
1 3084157
1 4728428
1 8921035
1 4614781
1 8360535
1 8406127
1 378264
1 9699814
1 4875086
1 8212987
1 2547029
1 6442891
1 280355
1 5802035
1 4712759
1 4031540
1 5277466
1 9360543
1 7702410
1 6511477
1 7193864
1 3530846
1 57098
1 4966760
1 1542057
1 2865646
1 5888362
1 8470941
1 2054933
1 3739903
1 334591
1 1939163
1 3252792
1 8890023
1 9496784
1 3347304
1 4707220
1 8805279
1 5885622
1 3378751
1 4989312
1 7356646
1 9217238
1 4311136
1 3133617
1 8609351
1 6454496
1 4460192
1 800678
1 2613029
1 9492425
1 4211388
1 6683867
1 9885933
1 3254385
1 4842149
1 3258921
1 49530
1 3651603
1 6902303
1 5201975
1 1763703
1 7703775
1 9724503
1 8502801
1 7506561
1 2981768
1 5220580
1 2052358
1 7118473
1 4970841
1 7028393
1 8864714
1 6881529
1 8551475
1 488980
1 120927
1 8867319
1 8093014
1 3669767
1 5457359
1 9694933
1 251155
1 7593136
1 6726620
1 4923699
1 2161259
1 3499856
1 4040304
1 5278000
1 5994225
1 3915095
1 9575412
1 31981
1 211169
1 353105
1 8263019
1 1262354
1 9616873
1 5764771
1 7363832
1 4163580
1 6985697
1 2668657
1 5474319
1 7262571
1 7062669
1 4769674
1 7357197
1 5376629
1 4587288
1 9624443
1 1901339
1 8266348
1 7802453
1 3516321
1 7813238
1 3378422
1 2340196
1 2817981
1 5104311
1 1650740
1 4248741
1 4558073
1 3093017
1 6788430
1 2531812
1 2144573
1 7239204
1 650104
1 4658933
1 7058995
1 4204598
1 9871650
1 5434610
1 2064733
1 5636746
1 2796762
1 2297419
1 4743679
1 3698265
1 3939315
1 4712031
1 2721691
1 4232085
1 3252153
1 4946195
1 3528960
1 8123578
1 5108474
1 4584382
1 1540701
1 8319945
1 8206365
1 7301232
1 2549963
1 4451948
1 245532
1 5155276
1 972690
1 494754
1 6618493
1 3809996
1 8013591
1 9633223
1 4892906
1 8068394
1 4146338
1 9235183
1 103818
1 4294529
1 3096141
1 840315
1 1634739
1 8083015
1 6326061
1 879938
1 6894955
1 7170801
1 1008810
1 982159
1 8332808
1 8913863
1 2562781
1 8428280
1 9642523
1 9761897
1 8120112
1 7135229
1 7518270
1 7220457
1 368127
1 2031018
1 2002840
1 3875112
1 1594715
1 4195508
1 7388227
1 6192701
1 240551
1 1227053
1 7571002
1 5699359
1 7624076
1 4905090
1 2928882
1 7494482
1 1446168
1 8903831
1 598272
1 4845018
1 3476112
1 6350166
1 983294
1 7663979
1 9364258
1 4005500
1 9807311
1 8935217
1 5248332
1 8306265
1 4124034
1 4960275
1 7438611
1 2952280
1 7921416
1 4008457
1 4731252
1 9517315
1 709616
1 2932853
1 8039068
1 1296651
1 221502
1 2030311
1 9884792
1 5647266
1 6242215
1 3130116
1 3661984
1 5931306
1 8264571
1 9666841
1 6145417
1 9881968
1 1846269
1 5114722
1 6734329
1 9617722
1 59195
1 7272230
1 386294
1 7556592
1 8845180
1 7628405
1 241868
1 4612990
1 4289519
1 8029580
1 6932169
1 8517699
1 7869921
1 6009218
1 110931
1 7375213
1 9820902
1 8959563
1 2427932
1 9157866
1 5266997
1 1083110
1 9247456
1 3404449
1 1434812
1 409186
1 2777847
1 3402533
1 8068519
1 6614713
1 1338209
1 3674392
1 4782126
1 6043266
1 4227593
1 6590396
1 6696385
1 6729440
1 3825662
1 1970576
1 9447009
1 4197074
1 9232562
1 6497939
1 2686876
1 8853177
1 7936365
1 4508390
1 3752105
1 5715627
1 5671839
1 5860588
1 1734141
1 8698231
1 4571254
1 8735497
1 9601273
1 5709446
1 6820992
1 4179035
1 4940731
1 6289276
1 9432839
1 6674056
1 8247431
1 8014784
1 3412030
1 7432891
1 7433580
1 2989740
1 9751088
1 1744044
1 9921460
1 2061561
1 5519166
1 4780589
1 7675969
1 7509944
1 5408511
1 7225232
1 1098224
1 4065829
1 9298964
1 1747919
1 6340623
1 3304885
1 8382898
1 5085026
1 1853668
1 2003380
1 2459602
1 6109884
1 8550117
1 4223287
1 8950335
1 3181093
1 6468525
1 56036
1 9035598
1 1257294
1 2070738
1 4336152
1 7728636
1 9529767
1 6368221
1 7190692
1 5028669
1 4884153
1 4806741
1 1713559
1 9292092
1 6894463
1 9201426
1 7247377
1 41127
1 9167555
1 4832338
1 5152161
1 7094045
1 1798913
1 5063739
1 9390199
1 421302
1 9664153
1 37153
1 998275
1 406703
1 1130881
1 2846913
1 2592947
1 2826640
1 4792363
1 5479053
1 7128689
1 3396432
1 6710215
1 9887378
1 2626413
1 2150428
1 1873553
1 7098081
1 143002
1 8498606
1 1975594
1 4332562
1 3307950
1 9426759
1 4267434
1 5717312
1 2586277
1 7906418
1 4234070
1 9639842
1 839063
1 320034
1 4520539
1 4192776
1 2324771
1 6332072
1 5262672
1 7332091
1 1224860
1 5528174
1 6621009
1 1453222
1 3938913
1 2266045
1 2103596
1 3420931
1 6675392
1 7827253
1 2437619
1 4518871
1 8603635
1 5664251
1 9164985
1 3034419
1 8779819
1 6007629
1 3787248
1 1319686
1 9933731
1 5539768
1 4440830
1 2096043
1 5785614
1 8939694
1 1028564
1 7932705
1 4729931
1 1316904
1 4514270
1 7833564
1 6004691
1 5964719
1 1547759
1 7079869
1 8242828
1 1046684
1 5796418
1 3935029
1 7375826
1 7771521
1 6025182
1 6776194
1 8362555
1 433632
1 2589178
1 2865934
1 7151038
1 9016549
1 9421177
1 7917766
1 3261483
1 4793612
1 8014767
1 2757815
1 1006103
1 9139046
1 4589587
1 4278477
1 6900159
1 7615149
1 2682180
1 5886267
1 6452255
1 3777833
1 4929155
1 9445470
1 426436
1 6618483
1 338317
1 1684032
1 866835
1 3618176
1 9483544
1 494649
1 9322755
1 2945736
1 2432053
1 4374426
1 9828578
1 9882339
1 6709868
1 4923082
1 1417793
1 6605442
1 6788077
1 4577170
1 8641693
1 2210618
1 9395385
1 1130609
1 194055
1 9561399
1 6549159
1 9394854
1 8903573
1 4819087
1 7525573
1 5511769
1 72278
1 880942
1 273274
1 7513872
1 9863052
1 3502674
1 9043477
1 140333
1 6550945
1 7678231
1 3932034
1 5402238
1 204747
1 2027915
1 292549
1 2109263
1 7444763
1 9094444
1 2194105
1 8835695
1 7932643
1 8148668
1 2087845
1 3171958
1 9295470
1 4647049
1 205517
1 1773103
1 1840150
1 3204927
1 7614391
1 5753945
1 2377651
1 6579552
1 9919581
1 151357
1 497722
1 7706417
1 8075781
1 3731005
1 9469451
1 3909113
1 675433
1 1711035
1 747882
1 1822508
1 4709535
1 5814132
1 3252559
1 9634175
1 8119485
1 7670966
1 2159358
1 3188828
1 9612975
1 4201054
1 794133
1 2106216
1 2495479
1 1036222
1 3172545
1 1063218
1 7792924
1 3029548
1 1093498
1 659955
1 77879
1 8012835
1 1214552
1 9317348
1 4341947
1 3697548
1 205120
1 2574972
1 7552430
1 8645474
1 5985069
1 5337452
1 9778469
1 5237597
1 7388034
1 7020423
1 2349789
1 1661660
1 9899183
1 909359
1 321973
1 3067831
1 3125147
1 8882775
1 5816352
1 1939747
1 6426795
1 372941
1 5344077
1 7264237
1 5722676
1 128687
1 7809096
1 1745096
1 3397708
1 7099721
1 7545041
1 2101932
1 874197
1 6013536
1 9385302
1 1695197
1 8596986
1 8260598
1 1551737
1 3705675
1 986088
1 433608
1 3546477
1 8535333
1 1241512
1 3065512
1 3184889
1 7952420
1 3054700
1 1587733
1 2463433
1 6212694
1 4101101
1 1976210
1 6359327
1 3860286
1 9093509
1 4521846
1 5576862
1 8655153
1 9842669
1 4211495
1 1211371
1 261967
1 7522159
1 9443341
1 8825471
1 6429597
1 8608423
1 6969537
1 8924718
1 2286852
1 4579278
1 2767653
1 1694356
1 2697762
1 4378946
1 5373233
1 8264226
1 9441784
1 6622384
1 6425389
1 8113103
1 321592
1 8129125
1 5570339
1 341085
1 3708
1 5323932
1 958388
1 969252
1 8849860
1 3176266
1 8078192
1 1147494
1 1138672
1 211998
1 8012137
1 6152478
1 4490527
1 5946320
1 4456707
1 1940824
1 1453981
1 4940634
1 7149887
1 1990309
1 2825012
1 3416517
1 9816637
1 1083897
1 6742662
1 650236
1 5238142
1 4499904
1 3627255
1 8790001
1 9412898
1 4797664
1 7447668
1 6053881
1 1269135
1 6962732
1 6633228
1 7597557
1 6823033
1 5036051
1 5892515
1 5860654
1 9200593
1 316584
1 2180123
1 9296040
1 5297950
1 784412
1 2916818
1 8588386
1 5112509
1 2812724
1 4789146
1 8894641
1 8374637
1 7617881
1 8775117
1 1214786
1 5334135
1 6678457
1 5706074
1 3094441
1 8060710
1 502667
1 3560017
1 3777914
1 8162359
1 1079677
1 6991193
1 4182786
1 202744
1 6650749
1 8479907
1 6637462
1 655946
1 8373288
1 8921408
1 4721488
1 1989532
1 7239040
1 6586667
1 362394
1 3487225
1 2280616
1 1758092
1 5712240
1 7407576
1 5891430
1 4098839
1 9262551
1 2831700
1 4454800
1 3040957
1 352225
1 8630260
1 891798
1 7817167
1 6753899
1 2460402
1 9771680
1 2882409
1 7933819
1 1597261
1 4074939
1 6608367
1 6329520
1 5206796
1 4934844
1 1166317
1 9614657
1 7670421
1 7932496
1 1365213
1 1998545
1 7385810
1 9545080
1 8396080
1 2707297
1 9843462
1 7435754
1 4749862
1 4453764
1 9728739
1 7696801
1 1981603
1 8638730
1 8066787
1 93799
1 3561532
1 7451988
1 8186888
1 7572618
1 5433234
1 5908292
1 7064990
1 8973246
1 8245227
1 3385188
1 3503790
1 1623333
1 236088
1 9304378
1 4912582
1 9187934
1 2221593
1 7452729
1 42843
1 2997364
1 551302
1 2450972
1 6315605
1 9154612
1 1049636
1 4589609
1 3950849
1 4029649
1 4366274
1 3297722
1 1649123
1 8965921
1 1927341
1 8849781
1 8006240
1 2834005
1 569788
1 1159757
1 1331327
1 2101505
1 4639456
1 2286535
1 5994146
1 8500933
1 6021602
1 1359510
1 8855074
1 9109310
1 6831076
1 4552650
1 4973549
1 8849779
1 8038746
1 7806670
1 6198104
1 8850118
1 2057058
1 7555441
1 6185907
1 5664066
1 6797101
1 9198371
1 8094338
1 3873465
1 7478460
1 5996434
1 887214
1 5597970
1 2662412
1 8514239
1 1453581
1 898170
1 6157396
1 821518
1 2052479
1 8964647
1 8889718
1 767883
1 1615682
1 2368780
1 2206332
1 7620478
1 2291616
1 6362003
1 1795871
1 2075066
1 2559425
1 2176084
1 2894835
1 8710719
1 3983064
1 3490637
1 1572439
1 4332496
1 6981938
1 4597148
1 1711150
1 5242754
1 6497941
1 5873830
1 8841990
1 7622206
1 4461306
1 8716951
1 1069609
1 9191039
1 2102146
1 7612159
1 227152
1 8442621
1 7157118
1 328453
1 6182091
1 2125445
1 1763213
1 4209209
1 9095397
1 3566121
1 2624500
1 2130740
1 9339344
1 2697478
1 7622998
1 7932437
1 9999338
1 4567344
1 3189554
1 3763538
1 4998875
1 39900
1 4226082
1 3679044
1 3037376
1 6881142
1 135182
1 6752699
1 8189299
1 5742139
1 9534150
1 7652218
1 8317080
1 4325065
1 68015
1 3103890
1 5168648
1 1916686
1 3810790
1 9964755
1 6886676
1 4983644
1 142541
1 3848175
1 6250299
1 5200202
1 2956047
1 2821783
1 7111298
1 3130152
1 159800
1 5832499
1 8976797
1 797335
1 9241127
1 2413781
1 7650763
1 7506964
1 9256960
1 1541195
1 8952432
1 4854660
1 6056759
1 4236093
1 7383262
1 1425859
1 4228116
1 8320157
1 7493268
1 7140801
1 5828883
1 1099856
1 9334151
1 2731567
1 6385556
1 7688416
1 2002991
1 4889196
1 8049172
1 4345028
1 9290135
1 2655761
1 2801208
1 9324836
1 8773957
1 9832280
1 7965621
1 6868602
1 1629590
1 7106472
1 5250384
1 3287816
1 9442187
1 2511110
1 7038632
1 4456392
1 8059294
1 134287
1 8150189
1 3190561
1 2582895
1 6347086
1 8473899
1 2735907
1 2629277
1 4934905
1 5622620
1 4700729
1 1601430
1 242122
1 3413882
1 731216
1 474979
1 5592633
1 4171993
1 5811644
1 1194984
1 6428585
1 5213900
1 2679381
1 5437048
1 5331579
1 5814251
1 9649761
1 1384336
1 7850798
1 9576758
1 4217772
1 9730795
1 9984479
1 9671362
1 1222705
1 8593356
1 9396393
1 3052117
1 3665791
1 759983
1 6560115
1 7828208
1 5224122
1 2841628
1 9230686
1 5705902
1 3344008
1 6627708
1 256310
1 4111467
1 7960669
1 9200936
1 386223
1 7207314
1 8581442
1 6099923
1 899664
1 3716092
1 4800034
1 2690041
1 5958562
1 4991585
1 5015275
1 1159691
1 9248863
1 4458159
1 4161942
1 6469677
1 5167724
1 1404448
1 1444063
1 9634650
1 1847476
1 8717613
1 6796771
1 4510150
1 7605222
1 3506459
1 4738180
1 3826193
1 3398970
1 601036
1 8346593
1 5239035
1 6186090
1 6035381
1 3295256
1 4700228
1 7991392
1 8684725
1 3677672
1 743035
1 5310302
1 7845040
1 4287739
1 8941929
1 5432067
1 1096927
1 7775054
1 1025658
1 4002606
1 7737436
1 6632907
1 7020789
1 1542989
1 5930874
1 104269
1 978881
1 2359804
1 2770440
1 5808967
1 7882652
1 1935715
1 8647022
1 1987379
1 9013968
1 950045
1 2357739
1 8398511
1 9291013
1 256486
1 2468480
1 2727623
1 9195999
1 9612156
1 1933412
1 9636895
1 4669967
1 4038376
1 2275867
1 881002
1 8495848
1 5251863
1 6360922
1 4194412
1 4230303
1 2265308
1 9569171
1 8223039
1 7672482
1 6161781
1 8351699
1 6831515
1 8820110
1 5775450
1 4545882
1 6815307
1 9728213
1 4823197
1 8140748
1 9797458
1 9273132
1 8768302
1 298232
1 127602
1 8552494
1 1619298
1 4397501
1 2287774
1 6623185
1 5587617
1 7214049
1 1473870
1 3872663
1 5795214
1 1091965
1 5512905
1 8912179
1 9885335
1 7419590
1 8300911
1 1277266
1 9371311
1 5135137
1 73340
1 2838013
1 5919394
1 9598369
1 4245425
1 9675840
1 2889000
1 8969519
1 828368
1 1578049
1 9756285
1 2242184
1 265893
1 89650
1 7638555
1 9266990
1 7397234
1 1022153
1 5659047
1 3620093
1 5415328
1 1062057
1 2604434
1 2509727
1 127019
1 9750240
1 4344686
1 8022297
1 5407228
1 5094048
1 8398205
1 248739
1 7372598
1 8462424
1 2970358
1 9105322
1 9849738
1 9303166
1 3491687
1 917097
1 7961099
1 7629460
1 3984346
1 5767654
1 7675072
1 3865181
1 9684756
1 1965998
1 2518974
1 7931120
1 5850272
1 3038049
1 1666473
1 565756
1 2968131
1 8362968
1 3483055
1 2130258
1 750621
1 9867416
1 5315658
1 4529156
1 1608645
1 7213080
1 1623236
1 8265476
1 5645077
1 9740627
1 1303540
1 546279
1 9280093
1 4731916
1 4638949
1 5367825
1 1550016
1 1109493
1 2847788
1 227700
1 7085705
1 2150069
1 7700921
1 2225294
1 9628021
1 5056419
1 8104805
1 3947636
1 2758375
1 5870276
1 4107394
1 3660971
1 9369104
1 2199518
1 9032665
1 2317616
1 7932101
1 1807673
1 265002
1 3896101
1 1595227
1 4400793
1 6108292
1 9556820
1 8600897
1 4500357
1 8495066
1 7399255
1 2050949
1 9097377
1 5413239
1 2019862
1 8857962
1 4213455
1 1554979
1 511852
1 6132985
1 7267093
1 655905
1 5958944
1 1452499
1 4797893
1 6664391
1 8132692
1 7653664
1 9269872
1 6034265
1 3897826
1 8720231
1 7978011
1 1886925
1 3881211
1 356000
1 4417048
1 3019376
1 8472090
1 7984753
1 9714359
1 4165195
1 8887161
1 1687354
1 3125557
1 8789881
1 5029432
1 332848
1 9041002
1 6739245
1 342561
1 4571113
1 2633646
1 8033194
1 4053535
1 8755059
1 3180792
1 7533157
1 1193042
1 5119783
1 8456281
1 7188826
1 7637767
1 4005679
1 4347284
1 4204742
1 8144374
1 617515
1 363306
1 5324488
1 7652347
1 9925641
1 4556265
1 6576952
1 4973137
1 4983347
1 3162053
1 8186443
1 9105746
1 3351394
1 4538046
1 2210347
1 5836845
1 966112
1 1467776
1 8280244
1 6805097
1 3480854
1 226880
1 6751362
1 2087481
1 3648320
1 3838645
1 8081411
1 3450168
1 3702802
1 9351007
1 4832971
1 3412559
1 5799795
1 9184989
1 1327443
1 2079493
1 5309964
1 7066647
1 4484598
1 939982
1 1233009
1 7715081
1 9737777
1 2676244
1 93086
1 428972
1 7465453
1 8126793
1 6381721
1 7126212
1 3591188
1 1205977
1 6124441
1 8027138
1 8478996
1 9190681
1 1650090
1 9378359
1 838424
1 7120243
1 2646927
1 6318361
1 2166610
1 5744708
1 8276763
1 7129121
1 4406614
1 4389668
1 4273493
1 7778248
1 6933590
1 4791923
1 4595751
1 5660339
1 1264529
1 4293601
1 1929221
1 6180780
1 1254019
1 665769
1 5940944
1 3903493
1 67877
1 7831573
1 6005343
1 4054163
1 8962258
1 8604747
1 1966102
1 4856311
1 998382
1 4929722
1 2132158
1 4658943
1 4466049
1 7044897
1 6233951
1 3162869
1 9025948
1 8547472
1 6876969
1 7333899
1 783454
1 2905866
1 9838668
1 8136992
1 2265545
1 4168563
1 2462
1 4260737
1 486442
1 4538456
1 4030330
1 3156882
1 7133350
1 2865202
1 4781571
1 748827
1 1650913
1 6050673
1 8112371
1 4503141
1 2802315
1 2687707
1 4152681
1 857807
1 1320646
1 7453051
1 7930934
1 7372748
1 7357787
1 4565688
1 6865093
1 340435
1 6160609
1 26318
1 1053087
1 8678520
1 8270053
1 5312093
1 4819998
1 3599050
1 8115104
1 7320559
1 8086200
1 1944645
1 7480575
1 5209195
1 6971771
1 3921293
1 3881293
1 5667267
1 6380444
1 6184160
1 9413898
1 7707141
1 8531512
1 1312249
1 1369535
1 2811823
1 2049865
1 1030806
1 9225424
1 8361521
1 768742
1 3333623
1 3393902
1 6814846
1 8604304
1 9819780
1 5206575
1 8967535
1 5296603
1 9862446
1 7989499
1 3838092
1 5262694
1 4494947
1 4965225
1 2850589
1 286250
1 314098
1 733078
1 2837796
1 9059674
1 5320904
1 9493737
1 8106612
1 4627029
1 5609930
1 5818521
1 8052057
1 3084304
1 8201458
1 9544270
1 3479836
1 8581304
1 4385106
1 5869453
1 7478641
1 7106450
1 869479
1 6169305
1 3869264
1 4514750
1 3222312
1 4903393
1 9266270
1 3918381
1 8181111
1 5837757
1 9544876
1 7890562
1 3529523
1 7758846
1 6525738
1 4918859
1 6770918
1 8042837
1 4525519
1 8320174
1 9505615
1 7815463
1 7356884
1 2827961
1 9109051
1 2409628
1 4836483
1 6957388
1 5666295
1 5454580
1 929066
1 3485720
1 6508440
1 7839285
1 9848551
1 4837024
1 1946703
1 6957396
1 1972514
1 2049171
1 1523018
1 4545838
1 8381268
1 5360434
1 8496358
1 6232909
1 4423426
1 2081956
1 1499937
1 402686
1 5488717
1 708938
1 3709650
1 4401058
1 2545608
1 7482710
1 3559987
1 2809351
1 5060807
1 2524622
1 2167112
1 799870
1 1117785
1 3564111
1 11096
1 9880477
1 1152355
1 1734275
1 8047448
1 2052001
1 9272982
1 3226444
1 8993264
1 9459867
1 2459198
1 3516973
1 4978353
1 1359308
1 551029
1 7670195
1 5252271
1 6218138
1 5741808
1 9016114
1 7071456
1 7525107
1 7859920
1 1425640
1 7619056
1 2075609
1 3678070
1 8871514
1 9956074
1 7763259
1 4566279
1 7816864
1 784542
1 6379915
1 1717438
1 5647232
1 4544973
1 7696537
1 9873285
1 3044746
1 9631058
1 7505007
1 543559
1 4760981
1 573411
1 6500476
1 958973
1 5469968
1 4635881
1 230495
1 5446799
1 8791604
1 1534297
1 8729472
1 3729472
1 4555686
1 5706095
1 9324309
1 4057388
1 8025985
1 647911
1 9237238
1 321131
1 8732238
1 3068136
1 5874058
1 3481892
1 2040933
1 6627488
1 8159612
1 2020127
1 2284671
1 7873678
1 876725
1 2100281
1 348258
1 6495448
1 4640100
1 2113764
1 1168382
1 2377597
1 3661189
1 5603848
1 7953224
1 8699383
1 225829
1 7514243
1 3642214
1 8355163
1 2754819
1 2257768
1 3361020
1 505708
1 2695119
1 3646715
1 8085082
1 4406360
1 4588792
1 6191890
1 8604047
1 72965
1 9305305
1 981428
1 6597904
1 3284395
1 4424166
1 4430514
1 3119955
1 499914
1 2014434
1 8959217
1 8114584
1 5045357
1 3394319
1 5362591
1 4833521
1 5110634
1 3354668
1 2103377
1 3320164
1 8614872
1 4165510
1 6633566
1 3787138
1 5698306
1 9327443
1 5587846
1 7888477
1 6674491
1 7941699
1 831318
1 1516088
1 7095010
1 8137563
1 343832
1 5383779
1 7783911
1 4083813
1 6868093
1 1077086
1 3805439
1 2552512
1 582977
1 3702162
1 5323123
1 9395477
1 5881197
1 9878210
1 2834652
1 9658375
1 2472061
1 4101678
1 8535613
1 5133662
1 2260766
1 800527
1 9703804
1 7356834
1 4299780
1 9054114
1 7229879
1 8264384
1 3941476
1 6812626
1 7289318
1 4198946
1 2618325
1 9000216
1 1546071
1 428992
1 1961524
1 1994210
1 780455
1 7996496
1 4360424
1 3402371
1 5674469
1 8430482
1 8008917
1 526593
1 1623578
1 4174139
1 8797457
1 9288536
1 9452024
1 5358789
1 5904006
1 6260005
1 5028506
1 3203708
1 8762368
1 7299232
1 3703164
1 3185196
1 2969902
1 3120667
1 6423202
1 4553773
1 6743675
1 2826123
1 6260575
1 2610966
1 7671384
1 1955029
1 9979581
1 5886424
1 5361232
1 2166369
1 5745735
1 61410
1 9718802
1 6730691
1 3056565
1 2999473
1 8919962
1 948298
1 8171192
1 3830451
1 7692496
1 5578476
1 5254898
1 4514954
1 4100872
1 8651869
1 5158621
1 3778763
1 5440470
1 3604674
1 2639730
1 5833966
1 9452699
1 4012865
1 5546070
1 1140051
1 7963814
1 8207174
1 5179275
1 1618490
1 2094481
1 64023
1 7446199
1 7673806
1 810959
1 7771823
1 8599839
1 5539552
1 5282971
1 1584796
1 2774622
1 8919020
1 533302
1 6937742
1 2149006
1 3609907
1 6729921
1 4979151
1 2361198
1 6210012
1 8110170
1 1792254
1 9749355
1 7312286
1 7197320
1 2979426
1 8071600
1 5517664
1 8719425
1 5559777
1 373145
1 4870124
1 4111384
1 6365245
1 6492613
1 7898410
1 4339708
1 5659826
1 9951175
1 2360521
1 9868468
1 3614080
1 7879186
1 8555191
1 9298626
1 3272319
1 8090246
1 3448243
1 2900099
1 8209747
1 2529171
1 6087861
1 8697372
1 9223602
1 9555148
1 7114769
1 7885891
1 6166258
1 6397994
1 6438494
1 9697369
1 5832604
1 6017023
1 3959291
1 9707130
1 1989584
1 6702911
1 207187
1 8437660
1 7645768
1 7400300
1 8390056
1 2859402
1 1487115
1 2406037
1 5055565
1 8917250
1 2359371
1 8151879
1 5293049
1 9429048
1 328934
1 8250055
1 6652364
1 7959277
1 7030616
1 5237661
1 8268857
1 7733281
1 2892450
1 2905246
1 1056952
1 3793020
1 4600803
1 7959414
1 3029409
1 9559804
1 1120954
1 9168454
1 8223018
1 3483839
1 7000418
1 2826555
1 9397532
1 7017919
1 8053536
1 6121297
1 409426
1 1886742
1 9744066
1 4027188
1 6976152
1 6126774
1 9909799
1 2928420
1 888449
1 406293
1 2626180
1 9533082
1 6463485
1 5088904
1 7756029
1 7587818
1 4213816
1 2551757
1 1931348
1 2814470
1 3879223
1 418589
1 1515693
1 2537106
1 1442870
1 2267036
1 4983934
1 4419736
1 3710412
1 5585766
1 8323439
1 8021644
1 7160632
1 8034755
1 7729611
1 6331402
1 9465874
1 7385004
1 3207629
1 6385007
1 310225
1 9302357
1 1359766
1 6524150
1 2189508
1 3767432
1 76903
1 7000153
1 7268595
1 3649066
1 7584604
1 3314250
1 5649378
1 4664845
1 5583337
1 3479280
1 9278779
1 7846783
1 3542315
1 650911
1 755318
1 3530292
1 7761161
1 1810589
1 5140739
1 882147
1 208551
1 4677554
1 2218252
1 3229867
1 3409306
1 5046770
1 2735030
1 7208200
1 6132597
1 7269008
1 2037429
1 5066668
1 5331591
1 9424121
1 9920905
1 6785034
1 6326590
1 3544543
1 1538914
1 2030138
1 8145529
1 6303619
1 7550404
1 4446049
1 4866937
1 1257875
1 1479463
1 891578
1 5144190
1 7516396
1 2908301
1 9432910
1 5953692
1 4173109
1 8324028
1 5892255
1 9353150
1 1007686
1 9726575
1 3907840
1 8106012
1 1433942
1 8415620
1 397272
1 4301732
1 3611094
1 7146610
1 9932099
1 716479
1 3108184
1 7487854
1 8584731
1 6238205
1 1490797
1 4886867
1 2001732
1 3388009
1 308336
1 5241688
1 7716654
1 8275667
1 4969386
1 9546690
1 6378389
1 2773935
1 6141151
1 2201863
1 6377296
1 9177455
1 607215
1 9936317
1 5469453
1 1216874
1 7412825
1 3749518
1 8274385
1 693260
1 8087318
1 8404282
1 8533635
1 8678121
1 9062944
1 6680194
1 1952740
1 4501306
1 2159520
1 1045513
1 7671123
1 2022505
1 507771
1 2504161
1 200152
1 3962964
1 856612
1 1323757
1 4784878
1 8406344
1 3394794
1 9194162
1 4413227
1 6015464
1 6107330
1 312241
1 6496517
1 1358422
1 761123
1 5070792
1 3096128
1 4201318
1 7055608
1 3083392
1 5416296
1 1890873
1 1777685
1 3892073
1 1948637
1 7570087
1 773560
1 5707107
1 9965053
1 6115271
1 1919394
1 4527065
1 7930455
1 7076877
1 3012828
1 2213594
1 6696784
1 5113849
1 107266
1 7518981
1 2985423
1 6704761
1 4559645
1 3563659
1 8839888
1 3976620
1 7753770
1 405209
1 9445724
1 4902882
1 5676288
1 4997218
1 3056985
1 6188894
1 4052563
1 301966
1 8437687
1 4959595
1 4831539
1 3409005
1 9646560
1 9636457
1 1775286
1 7433727
1 4451742
1 318655
1 7126208
1 3993454
1 7879598
1 2254502
1 5781243
1 297641
1 4407669
1 3730108
1 8521760
1 9930014
1 9630035
1 8753500
1 4051329
1 5498467
1 976905
1 6362532
1 9049439
1 14074
1 6238092
1 4440875
1 7177238
1 8429795
1 5276551
1 7758457
1 5959157
1 4368870
1 6583990
1 7168043
1 7132774
1 8000032
1 4414793
1 6090929
1 9852268
1 8861506
1 481519
1 9076802
1 141032
1 5988831
1 7347519
1 5754236
1 442353
1 1811471
1 6766138
1 4040412
1 7116289
1 4666236
1 727024
1 6852376
1 2040251
1 5318326
1 4452952
1 2066170
1 5363164
1 2768464
1 9249218
1 3652122
1 4222786
1 515422
1 8348733
1 5494619
1 9962418
1 6738950
1 9262190
1 7933147
1 9290876
1 2203949
1 7843847
1 2180530
1 4969988
1 5393463
1 3012454
1 8187234
1 7238112
1 4793373
1 9963778
1 6882956
1 6023933
1 2974989
1 7947052
1 3319784
1 6753474
1 3976021
1 5183758
1 7179869
1 2402871
1 7641568
1 6652950
1 4597803
1 6710196
1 6025808
1 4335665
1 6341624
1 9107917
1 3072410
1 9819765
1 5272844
1 6098517
1 5956275
1 1173739
1 8935082
1 1138692
1 3873567
1 2806019
1 9769633
1 4605258
1 1562594
1 6159136
1 5008488
1 9454111
1 3182131
1 7200620
1 2924631
1 8611641
1 4848785
1 5938184
1 2692831
1 2075890
1 3671027
1 3840047
1 4605840
1 634635
1 6803044
1 944797
1 2652557
1 4984979
1 802863
1 890839
1 5422869
1 4481323
1 533738
1 4232083
1 3137170
1 9134975
1 4981138
1 6861404
1 9051547
1 6336072
1 4657570
1 9418434
1 7891999
1 7757007
1 9165470
1 8228018
1 1216746
1 3443717
1 2234052
1 5426314
1 6174778
1 1332601
1 3656048
1 8032394
1 5222995
1 8115804
1 3400097
1 5274295
1 2379163
1 8932810
1 4542583
1 3920034
1 3995144
1 868618
1 2979505
1 7818135
1 3602760
1 6996141
1 9927080
1 7534300
1 9601289
1 361524
1 8819738
1 5167410
1 1594670
1 2656076
1 2507723
1 2464920
1 2534055
1 702859
1 6536819
1 1480500
1 5493802
1 5467592
1 6987154
1 1267172
1 6894335
1 5821423
1 3718961
1 3958336
1 2554702
1 1094852
1 9913786
1 5396954
1 8441450
1 5568645
1 5478344
1 8373775
1 5305129
1 6383119
1 9289092
1 1331203
1 5044783
1 9268956
1 6551400
1 6120587
1 5415162
1 2885325
1 785610
1 3949133
1 7253726
1 8626684
1 4890656
1 5546662
1 1598097
1 5538670
1 7096141
1 176638
1 1348705
1 2593632
1 845230
1 5668790
1 8524475
1 9612743
1 4905460
1 3568749
1 6202297
1 7481331
1 4969018
1 9665988
1 3397217
1 5521625
1 9090256
1 2706741
1 5685817
1 4005724
1 5197664
1 9866983
1 8535927
1 2953068
1 5761919
1 2237739
1 8922137
1 4260905
1 9508033
1 6239892
1 8369643
1 3591736
1 3937540
1 2745898
1 898780
1 3494821
1 5712126
1 1676221
1 1148326
1 9620438
1 7611659
1 1145567
1 8082939
1 9483778
1 5177579
1 5312122
1 3752579
1 364918
1 8472418
1 7751634
1 2690271
1 7137575
1 1351329
1 642613
1 9260719
1 8518153
1 6874590
1 3490532
1 4335866
1 5649513
1 8654495
1 5560964
1 7982583
1 6088812
1 7097624
1 2882893
1 198455
1 7142607
1 6217478
1 422681
1 9602683
1 2761189
1 1645355
1 814267
1 6208179
1 3361170
1 1320872
1 9780954
1 9945413
1 6826777
1 7986182
1 6114008
1 9099390
1 8875947
1 3177431
1 2861218
1 8918701
1 3960546
1 6950375
1 9848818
1 3168367
1 1094383
1 6243516
1 6384452
1 931732
1 2893568
1 5620688
1 455589
1 114965
1 7763827
1 5168450
1 7704967
1 2963784
1 5861310
1 9977906
1 1199147
1 2217789
1 2433299
1 5903560
1 5177950
1 7474435
1 4123901
1 5495450
1 827969
1 427915
1 2926555
1 1733726
1 4511825
1 5171561
1 9058038
1 1305470
1 4685650
1 8757554
1 2645253
1 3561532
1 291030
1 3177144
1 6071561
1 6599176
1 8930702
1 5094547
1 3048405
1 7673428
1 4523456
1 2759600
1 1886837
1 861478
1 5895737
1 2596987
1 1103738
1 7606574
1 1429770
1 7403517
1 1353930
1 92792
1 8540917
1 3252886
1 3715685
1 1990611
1 1700180
1 5094467
1 4330004
1 5102086
1 1009254
1 1341116
1 4325872
1 7503250
1 4293112
1 633973
1 4209238
1 2332553
1 1106069
1 1063464
1 8829832
1 7112775
1 4645187
1 3139467
1 5759792
1 6604176
1 9258585
1 5372172
1 8631230
1 492341
1 2550248
1 4968231
1 3681079
1 1623911
1 8451447
1 4345587
1 9387668
1 1674001
1 903467
1 1293023
1 2255022
1 2927750
1 2296074
1 7439147
1 9713743
1 1031832
1 6983948
1 1241979
1 4956340
1 2013489
1 1997468
1 3244773
1 1044804
1 1798101
1 1120590
1 5983309
1 2077777
1 1439802
1 553325
1 7760222
1 5679836
1 2509645
1 1471857
1 3873569
1 6140931
1 2275608
1 5025856
1 6798589
1 9953286
1 834265
1 4501599
1 7845392
1 2736293
1 5020852
1 7760503
1 9603774
1 7919879
1 4164949
1 6369251
1 7429170
1 5911448
1 597341
1 95552
1 5258455
1 9914129
1 2943954
1 7245559
1 4425873
1 663254
1 2350013
1 8510767
1 7789149
1 6718354
1 149873
1 4648467
1 8763793
1 7137444
1 4341867
1 4150199
1 1951200
1 4862188
1 5580944
1 3372179
1 7427662
1 9429001
1 5897978
1 6192402
1 2687668
1 3871039
1 5092299
1 276824
1 4374993
1 8758743
1 8136942
1 8205939
1 147753
1 7265567
1 9312482
1 5931180
1 3834417
1 3012594
1 7197
1 2561946
1 803534
1 1638418
1 898413
1 4279634
1 8265246
1 3548634
1 1376861
1 1541548
1 7181521
1 7128900
1 4347102
1 1503950
1 3703074
1 1436003
1 434374
1 4917528
1 4916896
1 8524675
1 8880667
1 5391124
1 5366692
1 1889617
1 6796880
1 5602733
1 6548238
1 502917
1 5856322
1 6111749
1 9165022
1 8147140
1 8560397
1 9887749
1 8428308
1 7067618
1 6781660
1 2894318
1 9952936
1 7870311
1 6932910
1 1894120
1 8724531
1 2272466
1 7525980
1 9163247
1 818852
1 5147073
1 1335691
1 2910915
1 5049318
1 1550413
1 4423991
1 8505170
1 9534940
1 880567
1 6209494
1 6267452
1 7645786
1 2156284
1 8720309
1 5827254
1 2706485
1 2520122
1 3096824
1 9055087
1 5518959
1 816313
1 3466269
1 3906384
1 2157331
1 5389880
1 5568766
1 6747023
1 8089612
1 7442948
1 6675392
1 5624764
1 3136611
1 4286312
1 1084657
1 3892132
1 8210295
1 660797
1 6453232
1 9011529
1 3592873
1 6932584
1 5800538
1 5661566
1 311309
1 5664532
1 1930603
1 329171
1 3041691
1 7810631
1 662600
1 1661464
1 6698418
1 3728007
1 4143496
1 9396408
1 1435120
1 4835095
1 6852578
1 9258859
1 3633310
1 3770377
1 7750726
1 9312186
1 7756350
1 5884949
1 4376146
1 5355024
1 5164063
1 7192821
1 1115598
1 8963805
1 3316424
1 459471
1 4567226
1 4166420
1 9748112
1 3489019
1 6358600
1 5884955
1 9470101
1 358803
1 7484468
1 8745816
1 1704208
1 4066859
1 196562
1 4339025
1 4850969
1 6785382
1 9179820
1 823561
1 9255387
1 7926589
1 2752105
1 18232
1 9140750
1 4536080
1 3538888
1 5231084
1 7974300
1 9123163
1 918135
1 433748
1 9077146
1 3667541
1 3238341
1 212675
1 414975
1 1307044
1 4192796
1 5759770
1 6935288
1 2981220
1 8247039
1 9430260
1 1818666
1 8489112
1 362791
1 6721767
1 9174386
1 3495223
1 6812681
1 3554426
1 1273906
1 7425515
1 1906526
1 1257465
1 6625931
1 8320581
1 8848724
1 3927785
1 3922359
1 6931533
1 592202
1 7410708
1 1334721
1 1473769
1 8717015
1 2687305
1 7500956
1 6451465
1 2556034
1 8548518
1 6065004
1 8984195
1 8374825
1 4066658
1 4526240
1 9769545
1 9266563
1 534976
1 6655244
1 3551543
1 5906152
1 9952322
1 3054100
1 1932443
1 8579954
1 5573641
1 9727048
1 2417070
1 5990012
1 5388309
1 5599109
1 4950714
1 7680608
1 1810615
1 2345960
1 9909974
1 540459
1 8417146
1 5207777
1 5924437
1 9642508
1 9953824
1 4990265
1 2004754
1 1582437
1 5300120
1 2772956
1 1214936
1 649809
1 7923430
1 1044527
1 9938439
1 4765812
1 731385
1 8025232
1 1902800
1 5358209
1 808628
1 4341929
1 5621880
1 7818696
1 4737485
1 4868200
1 8677090
1 558915
1 8162784
1 3998138
1 4993106
1 2713003
1 4339366
1 4824026
1 3065440
1 5174533
1 788647
1 9884930
1 2857360
1 5483247
1 1700931
1 4084792
1 8182036
1 7394769
1 3030546
1 1238337
1 1468109
1 6081885
1 8882590
1 1266753
1 8855170
1 7813577
1 7298287
1 4479193
1 5293767
1 1228881
1 7244533
1 8022899
1 8705428
1 3211161
1 7182547
1 7737384
1 9041330
1 885222
1 8182505
1 3653293
1 8965166
1 4827971
1 4496068
1 6267745
1 5542067
1 6560324
1 1350105
1 1439343
1 4328233
1 3394534
1 294438
1 5037465
1 2209531
1 9762239
1 1768066
1 2246963
1 774543
1 146159
1 1384756
1 7409395
1 8831579
1 6838913
1 1042012
1 6791609
1 2288494
1 9231322
1 2464574
1 9646554
1 5059372
1 6424531
1 3457758
1 5308793
1 6653291
1 4973367
1 2081725
1 4239140
1 118263
1 3334579
1 9020840
1 6137883
1 419595
1 1001317
1 4907255
1 6789225
1 816118
1 7647544
1 333605
1 8682285
1 9864366
1 5490192
1 8202881
1 5612440
1 7961600
1 42089
1 1890536
1 108675
1 2675482
1 8923490
1 693212
1 4091248
1 9421153
1 7196788
1 298942
1 2276372
1 7392018
1 4391548
1 5107318
1 4117716
1 3012859
1 8410445
1 5866322
1 2874850
1 1969955
1 42705
1 9206299
1 1860037
1 144080
1 3394357
1 814678
1 1378164
1 5111562
1 474895
1 385800
1 3585258
1 3720713
1 2979016
1 4514181
1 1595626
1 8233595
1 8316407
1 8635330
1 2873209
1 1068089
1 6967802
1 2612256
1 659604
1 6030718
1 6192435
1 9890324
1 1010801
1 4485958
1 8138240
1 4828019
1 5790460
1 5950033
1 1501984
1 5682506
1 1615086
1 6173803
1 2523629
1 8209744
1 1532801
1 9982219
1 8875917
1 1185146
1 190244
1 5047712
1 6375005
1 8229845
1 8349943
1 8677468
1 5934301
1 7810921
1 4306303
1 5784601
1 2732400
1 9505791
1 2759518
1 6312915
1 4000720
1 7699455
1 3580513
1 4454573
1 1662779
1 6592631
1 2909737
1 1980985
1 4087974
1 106047
1 4162407
1 5719729
1 9186147
1 6741328
1 2718383
1 2002454
1 1177141
1 1766944
1 9140693
1 573060
1 3248759
1 6462904
1 5601923
1 6804167
1 8507282
1 8391906
1 4534036
1 5433871
1 6438569
1 377312
1 1679502
1 5239268
1 5204332
1 2613364
1 9957075
1 202166
1 6722295
1 71175
1 3555475
1 1569234
1 4144659
1 2684681
1 3906505
1 5289313
1 6890292
1 2905563
1 5467070
1 9600321
1 7117022
1 9871878
1 9939869
1 166792
1 3281860
1 5070297
1 6495387
1 8761666
1 6569358
1 1718964
1 5986732
1 3170346
1 3128109
1 9234046
1 259506
1 6213120
1 2529788
1 5739477
1 4904969
1 4257399
1 5099638
1 921441
1 2208938
1 9965683
1 5610004
1 5045261
1 5985125
1 9625547
1 1386907
1 1356907
1 3233041
1 4877188
1 4028202
1 3305431
1 2264571
1 9231188
1 5023307
1 7660257
1 5474515
1 3347290
1 1688449
1 1494493
1 1359568
1 4594977
1 4004223
1 3090029
1 5878515
1 7292572
1 6676445
1 4943688
1 9645481
1 3280325
1 8611198
1 9078683
1 4587185
1 1509950
1 7026735
1 8909220
1 9122193
1 8263748
1 1425373
1 311900
1 3890074
1 6125228
1 8406853
1 3934304
1 5612460
1 4705825
1 3258975
1 2141531
1 2174840
1 9754746
1 8428078
1 3976434
1 8464125
1 1869664
1 5559678
1 7342149
1 5874554
1 9836964
1 9331524
1 9701190
1 5119787
1 8817138
1 6320552
1 2118600
1 7453835
1 7374775
1 7263761
1 3067608
1 1935956
1 1893287
1 2837793
1 5015690
1 7480199
1 9595680
1 7354323
1 6218455
1 6198413
1 1660957
1 7577926
1 4773930
1 8301121
1 6892049
1 983050
1 5563932
1 8682093
1 7838087
1 8734594
1 9262559
1 8044811
1 6212171
1 8635261
1 1702268
1 9997799
1 628568
1 2341544
1 6747804
1 3513441
1 5090481
1 1882473
1 6198575
1 1637842
1 4079799
1 7464094
1 3631870
1 736942
1 3592799
1 536565
1 2186646
1 9082788
1 356510
1 7302372
1 3300003
1 5836373
1 7531570
1 3181297
1 3969049
1 9873874
1 6885729
1 2948942
1 9267006
1 6809098
1 5478440
1 4569399
1 2158418
1 8505421
1 9292493
1 7579976
1 8559483
1 6102406
1 765258
1 2756901
1 3395888
1 6430111
1 1713753
1 7528540
1 3525209
1 4775024
1 3127511
1 8237033
1 8797792
1 4998390
1 672077
1 7803247
1 8316098
1 4038491
1 6064920
1 2289837
1 846801
1 5226551
1 1692307
1 752392
1 8679249
1 5793487
1 3322240
1 4276017
1 7271605
1 2795490
1 1306413
1 3940439
1 5717958
1 8176444
1 8277222
1 1498225
1 969212
1 6069561
1 1789342
1 4772755
1 5089652
1 6179449
1 6973351
1 209480
1 6173946
1 6724756
1 1727678
1 9378916
1 4579719
1 3160458
1 3442785
1 21021
1 386233
1 4212862
1 5885425
1 5207161
1 3789349
1 7626136
1 6110952
1 4063391
1 4545626
1 136340
1 6088933
1 8180670
1 8699257
1 1947003
1 2897448
1 2498933
1 4046218
1 6493807
1 6192252
1 1966712
1 2095085
1 4773165
1 6064635
1 1723606
1 2092429
1 651972
1 4128878
1 4659133
1 918546
1 4489920
1 4839044
1 3410384
1 4597776
1 2341535
1 9122324
1 8688503
1 5275859
1 4017757
1 1917773
1 4691804
1 3509051
1 9878625
1 731306
1 7666919
1 2735755
1 7862708
1 8219509
1 5734837
1 8256042
1 9880598
1 7975107
1 244895
1 8954397
1 15610
1 3489902
1 1363563
1 8103415
1 8594905
1 606692
1 1670775
1 6583798
1 1994020
1 2971692
1 590636
1 739803
1 9819944
1 3600758
1 9531687
1 3013596
1 6026920
1 6903980
1 3335318
1 8232129
1 8278780
1 4042078
1 2419404
1 5670409
1 703790
1 7233928
1 9946727
1 5803937
1 1765049
1 9918542
1 4066501
1 4259736
1 200649
1 5019969
1 4042705
1 8838367
1 2047704
1 9887795
1 7986849
1 5548769
1 243011
1 7784494
1 1844967
1 1637917
1 990357
1 2469971
1 8709217
1 7694733
1 3901393
1 464041
1 3453344
1 1362629
1 4846630
1 8552508
1 3952013
1 5576352
1 159712
1 511726
1 26336
1 9398252
1 6562773
1 5696478
1 5594907
1 3009583
1 1926532
1 823655
1 3716699
1 3438730
1 4336247
1 6854927
1 3246345
1 4543893
1 8042323
1 7704543
1 4419756
1 6091459
1 2803057
1 9437090
1 6397734
1 9390141
1 2963455
1 2876120
1 2451834
1 485491
1 317837
1 6569665
1 9252622
1 6168907
1 9763228
1 5869832
1 4396515
1 6526180
1 2309087
1 3132904
1 4561678
1 3752583
1 4033749
1 9431984
1 1556266
1 8348106
1 5379995
1 5906557
1 5462397
1 5270069
1 1728944
1 827215
1 6038248
1 5557008
1 4821893
1 8602070
1 9822394
1 8381031
1 8606390
1 1255390
1 8388491
1 3620524
1 1630180
1 2196170
1 1870116
1 9285047
1 624270
1 8460044
1 6777288
1 853261
1 760033
1 9924735
1 7808831
1 1680251
1 2107238
1 263403
1 6402184
1 4163725
1 3761273
1 7921065
1 4950335
1 8940296
1 6327331
1 2237925
1 2060752
1 4438955
1 3429668
1 7131533
1 5755100
1 2446158
1 1056370
1 6494253
1 7889381
1 2398089
1 7340867
1 3397723
1 7946197
1 1489173
1 9119647
1 8395561
1 8896879
1 5981640
1 2720026
1 4775054
1 4059616
1 2528441
1 8610002
1 2155921
1 8301270
1 4692389
1 1558251
1 846041
1 2873401
1 8516791
1 3792470
1 7052424
1 8188277
1 7366948
1 3961417
1 8042194
1 5764319
1 3362456
1 9387611
1 2133609
1 3409789
1 7970812
1 6418476
1 9661954
1 2429399
1 9860416
1 4127596
1 1768738
1 7202492
1 5680417
1 5222068
1 2690112
1 4259739
1 881960
1 5318917
1 2717709
1 7869665
1 7294071
1 9453796
1 6994639
1 494521
1 3311895
1 3652230
1 4930764
1 3426288
1 3431399
1 2724155
1 7438686
1 6580099
1 5309618
1 3670875
1 6194751
1 1725673
1 4650474
1 359907
1 3612088
1 1536616
1 19507
1 7315315
1 27296
1 8264362
1 2619874
1 82216
1 9295924
1 7890446
1 4122778
1 6129403
1 7083906
1 5820566
1 2068131
1 7876504
1 3128650
1 6117817
1 1751223
1 8987756
1 1056503
1 5413643
1 5078575
1 4758203
1 5954172
1 9151145
1 7258690
1 8608018
1 4502585
1 723853
1 3071254
1 5545029
1 357937
1 1232184
1 8661023
1 3868935
1 2888136
1 2581787
1 7899596
1 7618751
1 4999573
1 3882417
1 8773730
1 7874558
1 9787985
1 6898497
1 9422598
1 9707519
1 8841414
1 7582791
1 8538056
1 1378384
1 1062904
1 2688468
1 5176806
1 5583897
1 1779595
1 8153875
1 1575787
1 1726871
1 5152136
1 2405120
1 5975218
1 1586238
1 5501891
1 1515211
1 579731
1 9226163
1 503627
1 3784687
1 9482803
1 5438374
1 2654422
1 4504873
1 6760334
1 2821642
1 3672911
1 3256522
1 1801555
1 566748
1 7658946
1 9289207
1 2245490
1 4837559
1 8499483
1 5109171
1 2806174
1 1271675
1 2010534
1 3520270
1 198572
1 9373528
1 7483204
1 9709685
1 9759896
1 6841737
1 6317638
1 3907572
1 3521277
1 9487011
1 651817
1 7650086
1 4628212
1 663088
1 9782701
1 6010739
1 5190970
1 3289620
1 170924
1 2304730
1 4486508
1 3475198
1 3476649
1 3475671
1 9961521
1 5160091
1 5558011
1 448748
1 4662958
1 1727260
1 4822718
1 9906464
1 7552249
1 3242265
1 8304109
1 4328881
1 8982253
1 3931234
1 7071574
1 8778803
1 2946065
1 3768033
1 1692748
1 7950709
1 263458
1 3569243
1 8929463
1 1560476
1 9975055
1 9055426
1 5441146
1 7867360
1 3608395
1 9990951
1 9957899
1 3602995
1 5778767
1 6886562
1 2087538
1 2531690
1 4645520
1 8524574
1 1800600
1 9469124
1 7290899
1 4230924
1 4829153
1 538865
1 119768
1 817769
1 2208502
1 5444824
1 5100296
1 627195
1 9258209
1 4941334
1 4991915
1 433888
1 1600356
1 7812717
1 2985994
1 1669973
1 3942675
1 2233661
1 7185477
1 972870
1 5666617
1 9569805
1 7723310
1 4030555
1 7085848
1 3681366
1 1802374
1 6838271
1 301826
1 6354563
1 2282295
1 3663508
1 4234428
1 7137341
1 90347
1 9568448
1 8026662
1 1748549
1 3865589
1 8392171
1 2012268
1 8894962
1 1423240
1 9141723
1 3041883
1 7885353
1 2070007
1 4767857
1 3239491
1 8152884
1 7356094
1 3851074
1 7256407
1 1833120
1 8967285
1 4063374
1 3705525
1 4618122
1 4921620
1 3474643
1 5673500
1 7571896
1 5128337
1 974043
1 2764079
1 95904
1 9198014
1 109726
1 9038158
1 6175791
1 7526262
1 9072250
1 2131291
1 3734146
1 196511
1 466932
1 9234959
1 7071288
1 6112206
1 7723602
1 852154
1 9968825
1 8778245
1 2252854
1 5280340
1 5453519
1 4562326
1 566772
1 8158315
1 4950792
1 6959657
1 4423020
1 3377199
1 6355990
1 7014080
1 6480912
1 887458
1 1213853
1 3818066
1 9983700
1 1709991
1 9222484
1 3074031
1 9589098
1 3893992
1 2662214
1 1789107
1 7908271
1 9086867
1 741978
1 6839834
1 8040537
1 1000679
1 9041158
1 2105712
1 7420822
1 7545727
1 9099121
1 6971338
1 9037829
1 1121168
1 9397732
1 7616305
1 8359214
1 6738377
1 8371835
1 4006978
1 3071141
1 6353085
1 9900341
1 176062
1 2319048
1 9807780
1 4265659
1 7598461
1 6595777
1 7599248
1 5707271
1 6947625
1 25411
1 9205503
1 8613171
1 7096580
1 4464425
1 1923194
1 5749196
1 9001794
1 4267989
1 770997
1 5345288
1 1347961
1 437705
1 6460744
1 7378279
1 1705993
1 6398049
1 2053183
1 4767460
1 6731767
1 1739272
1 8962681
1 7654513
1 8858314
1 1787350
1 3565761
1 8587315
1 1438787
1 6007097
1 6031680
1 5782501
1 3002878
1 1732316
1 4638156
1 7293259
1 4758075
1 8012552
1 5697451
1 6936707
1 9693880
1 6463649
1 7308468
1 9473254
1 7499684
1 4995609
1 855295
1 9323299
1 587057
1 5417839
1 9381058
1 1244680
1 6982948
1 8390221
1 2476537
1 1254963
1 706575
1 5824454
1 9809363
1 3373413
1 4987322
1 9878537
1 1062834
1 2433116
1 1511464
1 5800999
1 5870593
1 1633010
1 665200
1 7945407
1 7168582
1 572496
1 2053898
1 4860031
1 2296829
1 6252932
1 1247887
1 287399
1 8489012
1 8308559
1 1957522
1 4637703
1 5779895
1 2745460
1 6239982
1 5497720
1 9101399
1 5194257
1 7112076
1 5894088
1 9478275
1 8622984
1 5561211
1 374770
1 691094
1 4157115
1 5794150
1 7026879
1 6545630
1 8661592
1 2354145
1 6759788
1 3728517
1 9387430
1 3640944
1 5972493
1 9472027
1 3742349
1 3954241
1 3882987
1 3764911
1 9607847
1 4736498
1 1740467
1 102716
1 5925854
1 4210212
1 3133576
1 4546107
1 1114054
1 1050988
1 8688811
1 9243623
1 6270134
1 8504892
1 5802441
1 782306
1 6518526
1 7830315
1 9179104
1 6727163
1 8200220
1 3763296
1 1957926
1 2802053
1 1131351
1 6111307
1 978378
1 1317992
1 6825523
1 6745881
1 3128945
1 9845695
1 5891191
1 6769124
1 5585474
1 9428589
1 8509773
1 5566082
1 7570152
1 4195751
1 2714686
1 8161090
1 5852304
1 3648684
1 4215850
1 8545212
1 8618617
1 3349517
1 9026778
1 9205889
1 4241594
1 6973856
1 8319217
1 8866822
1 5567616
1 4402544
1 1671485
1 8576405
1 7443443
1 7746269
1 9206912
1 2807662
1 7789787
1 4912726
1 6174752
1 2229662
1 6635728
1 9627279
1 1948033
1 3345778
1 5096176
1 4265160
1 8391497
1 7693219
1 8109138
1 7952129
1 2365229
1 5242864
1 4830733
1 4746110
1 3752436
1 4113966
1 1338888
1 7467800
1 811435
1 9677199
1 3274405
1 3515483
1 5370771
1 4153656
1 4567318
1 7053050
1 4154712
1 2844871
1 2130490
1 9246831
1 4639651
1 759838
1 7107884
1 9484767
1 6022959
1 4552910
1 7516119
1 6511506
1 9745045
1 3699469
1 3753980
1 9169290
1 641037
1 6272612
1 1646059
1 6459070
1 6979615
1 5011057
1 504748
1 6874976
1 1770963
1 1649208
1 3999182
1 4705123
1 8212378
1 2356634
1 4126781
1 2027179
1 6572845
1 2882463
1 640569
1 8286794
1 8951349
1 3091614
1 7623172
1 8564174
1 4620711
1 1835584
1 8709304
1 445740
1 4746429
1 7713824
1 5319897
1 4167562
1 2887698
1 6386905
1 9018052
1 9397825
1 5092909
1 7680677
1 4896027
1 4660253
1 2397697
1 16760
1 6819782
1 7398559
1 6546214
1 9271804
1 1537220
1 2566987
1 7311030
1 8736541
1 6790648
1 5921018
1 9358940
1 3081102
1 8595699
1 8979559
1 7454032
1 4531494
1 1710565
1 6992780
1 8446360
1 1443456
1 3261029
1 4743416
1 5563737
1 409788
1 192249
1 9142639
1 7888529
1 9186337
1 6749075
1 1951283
1 72684
1 1355843
1 9945464
1 7253626
1 654572
1 2622118
1 3208176
1 3295962
1 596454
1 3436415
1 9741680
1 5398275
1 6864567
1 4475840
1 4244899
1 7057180
1 5669488
1 3844000
1 6610840
1 389269
1 9556021
1 6314461
1 9274804
1 3276699
1 8769156
1 4537458
1 9349809
1 3538060
1 3240927
1 1350684
1 5233206
1 3156490
1 6197492
1 2941338
1 9887585
1 4491723
1 204611
1 3520151
1 5383722
1 3354700
1 2249871
1 8771739
1 2687037
1 7082481
1 2472833
1 1093237
1 3487450
1 2447621
1 1252777
1 351812
1 5900979
1 2786823
1 6061609
1 92946
1 7201632
1 4831825
1 2190010
1 5044168
1 2403395
1 8429873
1 3879026
1 2131328
1 7114242
1 6117954
1 9675086
1 8933231
1 8362711
1 3859613
1 9198616
1 8200774
1 1732844
1 1077974
1 8099162
1 7955629
1 6760807
1 6320806
1 4836268
1 7853422
1 5646060
1 9402134
1 7739574
1 9353237
1 1137384
1 8225740
1 726098
1 5451079
1 4844540
1 17644
1 103042
1 5010033
1 8331061
1 8803733
1 7847237
1 3986078
1 9849509
1 8251477
1 8563619
1 839642
1 8416940
1 4742718
1 8791251
1 4873864
1 1756972
1 2892846
1 6670349
1 1547033
1 7278217
1 4474128
1 8706651
1 1904575
1 5831346
1 6595045
1 6311913
1 8928340
1 7754378
1 3957456
1 9601269
1 9147202
1 837695
1 275307
1 5513563
1 6082704
1 3055891
1 460267
1 7141402
1 8087993
1 2636326
1 7787816
1 2574251
1 6454105
1 904336
1 4038684
1 7326853
1 7127852
1 6969658
1 9639010
1 5774734
1 442229
1 9360627
1 5697237
1 468946
1 5793096
1 2161496
1 6366309
1 9360871
1 86041
1 6474289
1 973854
1 5787790
1 5113865
1 7364320
1 6271636
1 1911480
1 4335699
1 6135847
1 9841493
1 6601445
1 3113570
1 3859173
1 77195
1 227643
1 2468923
1 9790874
1 675428
1 8422048
1 7623319
1 4580396
1 8229265
1 22866
1 9536421
1 587733
1 7090878
1 9443809
1 1266175
1 2555928
1 5687461
1 1524067
1 5027012
1 8263246
1 9760461
1 2981460
1 4690001
1 9599222
1 2183884
1 4625133
1 5448540
1 7232724
1 791762
1 2862208
1 3196843
1 6935404
1 1726511
1 7990553
1 1968255
1 2264862
1 3123058
1 5492492
1 4164104
1 3103524
1 3128565
1 6730766
1 4317739
1 7441162
1 7893310
1 9476267
1 4835954
1 9006938
1 4029964
1 4005163
1 4931156
1 6051280
1 4450881
1 2223192
1 1292969
1 100557
1 1442215
1 1899762
1 1379308
1 5984922
1 1201068
1 3753954
1 2295041
1 4975268
1 8183735
1 2933604
1 8439468
1 7507381
1 2168629
1 3502459
1 7385678
1 2703177
1 5575178
1 8049135
1 2079592
1 8942094
1 7775148
1 7094856
1 8832732
1 1239262
1 9534558
1 7865161
1 6758765
1 9103141
1 9344731
1 6394046
1 8244785
1 3658067
1 414051
1 8436575
1 1897875
1 5897009
1 1689769
1 2115894
1 4827381
1 5409805
1 8167398
1 7113849
1 8950742
1 5325237
1 4372082
1 196727
1 3107215
1 8622961
1 6146371
1 5786479
1 2667595
1 6088147
1 4445561
1 3915889
1 5466288
1 847458
1 3486835
1 4530204
1 8921340
1 9593075
1 8102330
1 8126171
1 1909575
1 2149017
1 2476633
1 7760249
1 3851218
1 6739899
1 4037252
1 5180019
1 3331676
1 803874
1 7230416
1 3918669
1 3196012
1 2582705
1 9217406
1 777743
1 9302263
1 1469247
1 3990572
1 9338216
1 8254102
1 5011995
1 3139888
1 8464588
1 7314761
1 3166517
1 2891128
1 6713867
1 4706701
1 6874838
1 6360330
1 3787321
1 4604626
1 7059329
1 4574722
1 5196809
1 1970527
1 8842642
1 7108958
1 6046516
1 181273
1 8005050
1 4941257
1 5613043
1 6815595
1 1109931
1 5128528
1 1675702
1 6286421
1 1712742
1 528829
1 863801
1 9687421
1 5629112
1 5234168
1 4051918
1 9894241
1 350483
1 7893082
1 2670634
1 2245112
1 7692364
1 8518066
1 875411
1 1577412
1 2296766
1 3124514
1 7294220
1 1172447
1 1999173
1 5144357
1 2001487
1 1448694
1 1468716
1 2322152
1 3912006
1 1055057
1 4710558
1 7450189
1 7946968
1 1580150
1 2472102
1 9466526
1 4831040
1 9151822
1 5893662
1 370829
1 2376333
1 3812369
1 1638972
1 8877652
1 7396821
1 8638796
1 4332045
1 3288755
1 1833002
1 925967
1 2749401
1 4864462
1 1484621
1 7055450
1 3870619
1 8102972
1 1506585
1 5514091
1 9263048
1 3020187
1 1745997
1 6112688
1 6589422
1 8685612
1 7941699
1 7521100
1 4357638
1 8194920
1 609666
1 7269878
1 1355007
1 4277200
1 5526572
1 8185242
1 9303276
1 393107
1 7193252
1 901383
1 5715835
1 3066651
1 3091125
1 135378
1 7625610
1 9741238
1 1321532
1 3359072
1 8371423
1 6131302
1 4877841
1 8767954
1 9229353
1 8103717
1 8144918
1 5591747
1 1730196
1 1411700
1 6007322
1 2639970
1 3620310
1 9462673
1 2061623
1 705642
1 2225290
1 4842996
1 4754763
1 1705831
1 9281862
1 1038071
1 9421766
1 8416388
1 2301497
1 4215607
1 4855283
1 598029
1 8921470
1 1056789
1 8970686
1 2406311
1 1005488
1 1625716
1 9026765
1 6115761
1 4738876
1 2545068
1 5218894
1 7346623
1 3696624
1 3086981
1 5102001
1 6653062
1 8273567
1 8887529
1 1006244
1 1609034
1 7241089
1 5611926
1 5689166
1 4663225
1 1042080
1 2188735
1 1421086
1 2124940
1 1627367
1 8466133
1 2844467
1 1539080
1 5609494
1 1406035
1 7537831
1 5362925
1 7005154
1 298912
1 8254003
1 9184503
1 5402624
1 71651
1 4621332
1 4538619
1 1985752
1 884596
1 961581
1 9106600
1 420810
1 1525238
1 8098172
1 2123392
1 302817
1 4406999
1 7449585
1 3422067
1 9741070
1 7686747
1 8936718
1 4968200
1 8878145
1 8708685
1 5978455
1 8190032
1 7552902
1 3318244
1 3428596
1 7853877
1 5028695
1 8933237
1 8025954
1 9175121
1 6735771
1 4458736
1 4629454
1 1536995
1 3851312
1 9865516
1 387058
1 4353837
1 9583904
1 9855804
1 2437789
1 162042
1 9006540
1 6448957
1 6899207
1 4544610
1 1568535
1 2472514
1 1573857
1 2771053
1 3538134
1 471249
1 1325285
1 4107076
1 4067731
1 8061610
1 7911485
1 8897828
1 8806291
1 1711018
1 9592324
1 5729666
1 8240594
1 6982128
1 6974821
1 2152077
1 2443518
1 3949089
1 1653551
1 3734079
1 7849128
1 7009324
1 2022322
1 7976861
1 5516031
1 1358355
1 5363976
1 7747066
1 3966249
1 7477181
1 2199012
1 6304433
1 7031345
1 8953391
1 9597219
1 4167747
1 7172063
1 3052626
1 2537041
1 665678
1 1638358
1 2400755
1 2582941
1 5712533
1 13195
1 2228232
1 6756045
1 9160202
1 3933276
1 2210985
1 5354182
1 9344642
1 1056823
1 9387789
1 1620469
1 5819906
1 3170508
1 6445340
1 8354448
1 594687
1 1271529
1 8255766
1 6919610
1 1704771
1 4344246
1 600392
1 9044995
1 290665
1 4090878
1 415576
1 8927899
1 9173129
1 858398
1 1493025
1 1217893
1 973005
1 7541037
1 1656801
1 3750044
1 7825896
1 4762494
1 8709332
1 2870541
1 4508517
1 6960758
1 7817295
1 6730401
1 1872003
1 494067
1 7830416
1 4830637
1 4304856
1 2576592
1 7537601
1 1419325
1 9448148
1 8474290
1 613173
1 7029371
1 3899392
1 1614795
1 6247356
1 5512972
1 7904890
1 4847225
1 4310599
1 4160682
1 4288336
1 2708727
1 2216342
1 9290418
1 4835233
1 517208
1 1842438
1 9422885
1 9781292
1 3681018
1 1450768
1 7328191
1 9566921
1 6113306
1 6468055
1 4381226
1 9307645
1 8899492
1 9412402
1 391772
1 6193385
1 9613973
1 233057
1 4694282
1 4954540
1 8773089
1 9930997
1 147874
1 7818576
1 7099483
1 8832564
1 653893
1 7590766
1 7521674
1 3183172
1 8938202
1 1986410
1 4048014
1 8060508
1 6565200
1 9828690
1 9488219
1 8591968
1 9168758
1 7951570
1 8180434
1 4445078
1 7431314
1 3011566
1 2211684
1 5552760
1 4815003
1 5860213
1 8472770
1 9761558
1 3394206
1 2945127
1 1910893
1 9196432
1 8455435
1 6518091
1 5657758
1 7311435
1 8634326
1 8646869
1 1882598
1 3536317
1 2994590
1 5990783
1 4524283
1 3953150
1 1430753
1 682423
1 7016897
1 9585786
1 8868701
1 315763
1 4849403
1 9190618
1 8724424
1 5329449
1 2189888
1 4732781
1 2701556
1 7621383
1 526478
1 3700253
1 6712248
1 503375
1 810170
1 1653809
1 5670858
1 4917061
1 9740003
1 5978719
1 8826438
1 7784791
1 656135
1 8618333
1 9406151
1 519533
1 3519831
1 677838
1 8640233
1 666255
1 6954186
1 6742992
1 1898934
1 3512901
1 4914697
1 7089344
1 7250434
1 4625687
1 1070821
1 7342845
1 3588226
1 9172575
1 9149592
1 6036837
1 8205902
1 6413573
1 4841671
1 5540509
1 7903216
1 6737987
1 8374981
1 3827560
1 8102058
1 1654348
1 174342
1 18014
1 4545707
1 3792568
1 5245054
1 3842534
1 7124687
1 4827559
1 8504208
1 9967401
1 9754621
1 377777
1 2315140
1 4636141
1 9627833
1 9185174
1 1388316
1 4958277
1 3148098
1 5708638
1 4126286
1 9195538
1 1170985
1 6184310
1 9070071
1 7659857
1 1243933
1 2795680
1 5558631
1 334694
1 3184911
1 3524579
1 9874528
1 7136035
1 5736385
1 3237507
1 2257826
1 7612637
1 8477424
1 9540759
1 5173219
1 3126618
1 7737417
1 5019255
1 4750433
1 8714022
1 449512
1 4384090
1 3266878
1 3326421
1 5681557
1 9670254
1 8057511
1 8378279
1 6090017
1 7151024
1 4830622
1 2985050
1 5647554
1 4713238
1 7753303
1 1425147
1 2572612
1 8915845
1 66771
1 7065040
1 8472195
1 9358912
1 6962619
1 9251858
1 4575614
1 8096167
1 2222410
1 1933749
1 7579184
1 6504856
1 3806829
1 920964
1 7068224
1 8177907
1 8650747
1 541886
1 3188653
1 8169090
1 5750257
1 1408716
1 511961
1 1721860
1 2564651
1 4717365
1 766800
1 9810135
1 3781868
1 9169460
1 2158594
1 9155974
1 3703437
1 497246
1 8820808
1 3377769
1 5090013
1 8926114
1 8146251
1 7707725
1 7554483
1 99117
1 6179602
1 8705176
1 941100
1 8731309
1 4399107
1 4210503
1 653338
1 9580896
1 748650
1 8935818
1 4978746
1 6403876
1 8230083
1 9947179
1 1678967
1 2927628
1 9119180
1 7062750
1 7495637
1 1197890
1 1913050
1 9206823
1 3802901
1 6409318
1 2766118
1 9921021
1 2974971
1 6225921
1 2236777
1 9630901
1 3068317
1 7148575
1 195421
1 9951403
1 575633
1 5941876
1 1306940
1 2114772
1 1403269
1 7893656
1 5753519
1 978025
1 9873945
1 5129280
1 5250780
1 3027025
1 9201914
1 5725990
1 4768056
1 7118780
1 9430206
1 2971705
1 2939695
1 8887319
1 6236259
1 3312142
1 292641
1 9353444
1 984938
1 3077021
1 4948288
1 9061602
1 3510395
1 3745057
1 8138913
1 5888742
1 611916
1 1445926
1 6104532
1 6679764
1 2909114
1 5535904
1 1195985
1 5509435
1 5997485
1 1350648
1 4949694
1 532949
1 1168445
1 4660066
1 7125770
1 776878
1 8890580
1 611515
1 2979656
1 6799016
1 3236331
1 6795156
1 401489
1 4066636
1 465799
1 6500536
1 158332
1 9923934
1 6571044
1 9300898
1 6964287
1 4051402
1 853526
1 2616127
1 9803335
1 723232
1 6233745
1 2301943
1 5666972
1 9084115
1 4296031
1 8360843
1 1690998
1 4581984
1 6537851
1 9338320
1 3732060
1 8457113
1 1251756
1 3350084
1 4201842
1 8409665
1 5514681
1 1108706
1 2078336
1 6288251
1 5361127
1 3800330
1 6330205
1 4726714
1 5849454
1 6691230
1 8901218
1 6140025
1 2425468
1 6209198
1 6898506
1 8568730
1 7154828
1 5769561
1 310962
1 3395124
1 5252578
1 552997
1 3040184
1 6363029
1 3935170
1 558237
1 2927828
1 5190132
1 3409260
1 1873617
1 4752158
1 6340142
1 2031483
1 3530070
1 6987637
1 9882746
1 6156175
1 3397938
1 1296523
1 6105413
1 2959439
1 9344289
1 1915860
1 2135184
1 5606549
1 396449
1 8342158
1 3656592
1 3680189
1 2306643
1 7891003
1 3027259
1 4694228
1 93541
1 7442909
1 9298237
1 6018968
1 820019
1 2863721
1 8607073
1 8490614
1 7971674
1 4140001
1 2800946
1 878287
1 288795
1 5391869
1 1319715
1 1314748
1 2129662
1 8843566
1 4831776
1 2439536
1 7950916
1 9588851
1 113619
1 7766780
1 4705356
1 131602
1 7427075
1 5169271
1 772170
1 9394049
1 3222494
1 3411891
1 3570713
1 2545341
1 4361142
1 6947285
1 2885329
1 4358008
1 6906367
1 8002543
1 1230546
1 4772061
1 7515147
1 4131176
1 5489878
1 9282823
1 8765905
1 7499744
1 7557592
1 9257322
1 4144640
1 2943104
1 2849808
1 9924132
1 1874134
1 5009766
1 4710997
1 3900893
1 4388857
1 2925504
1 2814824
1 7534478
1 307602
1 8418249
1 729324
1 5617138
1 4132381
1 6632368
1 6208608
1 7658033
1 4916649
1 6068090
1 3585462
1 2565140
1 4559348
1 3225360
1 653032
1 4788481
1 891698
1 4184433
1 8725526
1 8950040
1 9873535
1 9525713
1 1041837
1 2043191
1 5681651
1 9211282
1 9148401
1 6144147
1 5161332
1 2703423
1 6179488
1 2026955
1 1943975
1 5421728
1 2154465
1 7047921
1 3206972
1 9303844
1 1652655
1 1443502
1 1664552
1 2523802
1 866855
1 6619704
1 1111825
1 5760971
1 9993929
1 9175928
1 6533488
1 7291421
1 6365113
1 9721391
1 3419486
1 2638757
1 5130942
1 9523504
1 9014258
1 7795500
1 4086967
1 8490355
1 7137380
1 1888443
1 5329109
1 9836671
1 6512930
1 2934406
1 2671751
1 86501
1 4306792
1 8633820
1 2222888
1 7879842
1 1060868
1 7728827
1 1283994
1 9789457
1 2139419
1 2702357
1 6853804
1 1888975
1 7642643
1 9767029
1 5614920
1 4883191
1 9505431
1 7498785
1 9320911
1 5539762
1 9205450
1 9997475
1 374869
1 4427151
1 5676795
1 2241401
1 8235377
1 4824689
1 3500443
1 8031912
1 9780287
1 3668156
1 8448831
1 3671307
1 3783947
1 4487005
1 8989623
1 3656868
1 8693951
1 3163302
1 3286760
1 4164202
1 4100388
1 5017378
1 3621479
1 3700187
1 640588
1 5439953
1 1012745
1 3983430
1 6530192
1 8961775
1 5102221
1 6093535
1 9043149
1 8989794
1 6449868
1 2438085
1 8240191
1 7072873
1 80548
1 9277769
1 7067085
1 5516346
1 4794821
1 7493576
1 2512584
1 1712846
1 1568488
1 6969900
1 9779063
1 3955306
1 4847450
1 2493735
1 7717128
1 4447571
1 285801
1 1765191
1 351934
1 1093216
1 4079080
1 7998003
1 45713
1 3869974
1 8511132
1 3007564
1 5418213
1 1269557
1 692204
1 6736906
1 3690548
1 5078409
1 7428863
1 9855803
1 8812542
1 370422
1 4008524
1 6705291
1 1606786
1 7101202
1 264022
1 6658089
1 1555169
1 2158252
1 6806912
1 9694183
1 7128336
1 1568859
1 8153191
1 2730121
1 6302050
1 3989553
1 8176784
1 2413801
1 4453673
1 128176
1 4508076
1 3107935
1 6999097
1 1575009
1 9986838
1 6241058
1 6547923
1 7244385
1 4822628
1 2936444
1 7251972
1 9286750
1 7838769
1 207568
1 3820709
1 5780188
1 6024601
1 66543
1 1723522
1 7371427
1 2725440
1 3072330
1 8212565
1 9241812
1 550960
1 2333730
1 8352943
1 8414365
1 1894422
1 2162615
1 9412478
1 717801
1 6748277
1 3482863
1 4647947
1 2000544
1 1286494
1 6179139
1 3621585
1 6886160
1 6182462
1 1999022
1 9651833
1 5765518
1 6313092
1 6756460
1 8493689
1 7787384
1 6560070
1 4118548
1 8688976
1 5396397
1 4916555
1 9847606
1 5800155
1 1620149
1 4929113
1 6478336
1 3513177
1 1022787
1 8888108
1 9107812
1 7029620
1 7456339
1 9021089
1 5350032
1 4923898
1 1927370
1 5469326
1 8063560
1 7945341
1 4779130
1 2678891
1 49605
1 8594465
1 1176149
1 7067223
1 785209
1 7321053
1 2691076
1 9491269
1 301835
1 7058331
1 8460949
1 7404437
1 7728144
1 3531712
1 9892743
1 8893563
1 6742578
1 5872633
1 7596496
1 8212507
1 9774648
1 5275594
1 4340344
1 1988981
1 472300
1 7791110
1 1015922
1 335217
1 9026971
1 8991043
1 7974472
1 9727158
1 2181368
1 681552
1 3355786
1 8018655
1 2614417
1 2762695
1 6458749
1 9135404
1 1811135
1 2744395
1 3053525
1 6996396
1 635018
1 3174620
1 3184372
1 8233899
1 6876207
1 7248567
1 1882374
1 1449426
1 7109182
1 6240800
1 6770856
1 7173066
1 3628223
1 8722486
1 325271
1 3601901
1 3202384
1 4683952
1 1706317
1 6925219
1 9641539
1 7433205
1 4529958
1 4073134
1 8133270
1 8636019
1 1141558
1 4441476
1 9545711
1 8926575
1 8199949
1 9977230
1 1058603
1 4558652
1 3992366
1 8404114
1 6652995
1 8836161
1 2762441
1 8457134
1 600257
1 4776951
1 1606816
1 5571692
1 2729265
1 3081501
1 2998783
1 5275715
1 2575761
1 5505013
1 1067479
1 7879105
1 1633513
1 7447253
1 8903257
1 2664960
1 3092818
1 9323257
1 2590326
1 2780406
1 8690949
1 916479
1 7380060
1 9631237
1 8282287
1 4842180
1 735815
1 8127546
1 5783009
1 2263128
1 8411682
1 3089558
1 8687656
1 1615410
1 2115541
1 515110
1 8397202
1 1063670
1 9317650
1 8337462
1 3646790
1 4979433
1 9625817
1 8725438
1 955009
1 1061180
1 4850613
1 3369759
1 7455556
1 4866109
1 2132000
1 6113820
1 1445795
1 8583614
1 4101957
1 2414311
1 6068815
1 9612670
1 3978814
1 620073
1 1965812
1 7229257
1 8169037
1 3282080
1 6108808
1 2046212
1 484834
1 1075390
1 2682255
1 2115796
1 2418177
1 453199
1 2121219
1 2746203
1 8345820
1 8713330
1 6362156
1 4496350
1 5013623
1 6895141
1 1953549
1 4717695
1 4261534
1 4915793
1 6519483
1 6667459
1 1108431
1 4928769
1 4682011
1 7257507
1 9285999
1 6588357
1 2303999
1 5955652
1 6053561
1 8131046
1 4775885
1 4147355
1 4412346
1 2362816
1 4947757
1 2950653
1 3992739
1 3889456
1 844531
1 3836588
1 4630136
1 9977058
1 6268938
1 5678982
1 3531715
1 3744343
1 5632052
1 3758206
1 9816496
1 9922270
1 7856370
1 3621122
1 6060583
1 2621805
1 3328974
1 7438198
1 1492039
1 9900148
1 4110111
1 9050479
1 3057120
1 5848439
1 1385022
1 1777594
1 830962
1 7184094
1 222050
1 7744411
1 67515
1 6849281
1 9921152
1 3327153
1 463571
1 3079156
1 5058479
1 8824714
1 4820283
1 8802941
1 3438462
1 3276237
1 8055180
1 2274021
1 2287880
1 1446177
1 6052650
1 8141189
1 2023572
1 8005277
1 3509510
1 7393891
1 5540777
1 2498406
1 4118253
1 3695607
1 4693254
1 1952686
1 9978165
1 8759168
1 7600551
1 3643942
1 6882843
1 8157852
1 6459452
1 6133443
1 8973278
1 292234
1 5825927
1 7447677
1 9527687
1 337765
1 3765885
1 6976847
1 2510273
1 2733506
1 7128366
1 1284197
1 8496415
1 6617269
1 5026171
1 3755980
1 7066627
1 5231296
1 6359906
1 3454894
1 9160143
1 2896135
1 9763764
1 5588494
1 9519370
1 4255224
1 138144
1 6460858
1 4504737
1 3225379
1 2066
1 8508317
1 4661657
1 2849543
1 7584454
1 6526332
1 5355444
1 3646872
1 7322725
1 930680
1 1172219
1 2853723
1 2213389
1 3672595
1 2260026
1 5559426
1 3876074
1 3772228
1 5580119
1 3523984
1 3898617
1 4820256
1 4984991
1 8534602
1 4677203
1 3053407
1 7531729
1 5758539
1 4370726
1 5160776
1 8512226
1 4584789
1 8450669
1 2071291
1 3390913
1 8044969
1 8947483
1 3109601
1 232857
1 8046515
1 7983268
1 5873587
1 3310110
1 2583605
1 7649334
1 1615648
1 6243069
1 4939227
1 7545869
1 8070580
1 574337
1 2852060
1 314256
1 5306647
1 4392176
1 8694483
1 4910276
1 8701825
1 9066595
1 8284075
1 7235442
1 5844615
1 1225967
1 8658126
1 3110071
1 5577978
1 6376425
1 7513159
1 671215
1 3107716
1 7252928
1 8497646
1 5703530
1 7233877
1 5305323
1 5424207
1 1667449
1 9879903
1 848322
1 7520228
1 7084841
1 6236487
1 5302298
1 3165692
1 9893615
1 6696075
1 5773874
1 6908368
1 5581464
1 4404495
1 2162893
1 264022
1 346399
1 6101986
1 2197686
1 6556371
1 961519
1 3286102
1 1443973
1 977158
1 9178717
1 7717446
1 3911142
1 7526322
1 5081125
1 6484937
1 7296907
1 8384157
1 1852481
1 2180450
1 5759700
1 8697121
1 2161106
1 5755838
1 4095936
1 1551125
1 9285758
1 7534977
1 5050733
1 8839974
1 78731
1 1192615
1 3869745
1 744864
1 6936112
1 664479
1 7987592
1 2024642
1 797319
1 8358054
1 4694736
1 6679350
1 3371272
1 7129267
1 451452
1 3246848
1 4547971
1 4690117
1 9289213
1 5155142
1 1213552
1 3856130
1 6178528
1 133819
1 9265754
1 9386320
1 331580
1 6918423
1 5274051
1 5415452
1 3376377
1 6646548
1 7883160
1 4521258
1 1182573
1 2013263
1 4149080
1 4422070
1 696327
1 6061629
1 4100779
1 5061020
1 5120424
1 2462685
1 6147628
1 8520938
1 1557228
1 6970296
1 9361606
1 7074343
1 2383546
1 5471062
1 441793
1 8920374
1 7504585
1 585410
1 2036290
1 2350321
1 9580192
1 2991875
1 9624621
1 8186873
1 2265748
1 7659948
1 8817151
1 9987923
1 1347381
1 8366899
1 3379355
1 4536154
1 4459427
1 4247190
1 6463895
1 6444898
1 7153341
1 4868509
1 2026108
1 4915741
1 680727
1 6654659
1 4976498
1 658539
1 7694657
1 2798899
1 3397739
1 9087323
1 7660436
1 8140831
1 8333356
1 7458452
1 3365336
1 9969769
1 622081
1 820151
1 6415373
1 3117125
1 3762293
1 1730799
1 2496744
1 2985025
1 7550561
1 3937200
1 6385370
1 9215444
1 114165
1 1966120
1 7084653
1 5978948
1 1076134
1 554128
1 2460043
1 1766694
1 3025718
1 8050146
1 7186178
1 1607451
1 2851473
1 9172178
1 1710586
1 6599385
1 3972925
1 5129775
1 6949460
1 3491078
1 1872317
1 9786324
1 9732627
1 64411
1 4340513
1 3381285
1 8350967
1 1030324
1 6727439
1 7140597
1 4281834
1 2622705
1 793067
1 1066460
1 8592492
1 1749465
1 3173191
1 8719323
1 8499631
1 1823184
1 6770458
1 6899671
1 3991279
1 9908539
1 6821928
1 7316736
1 8455727
1 8294292
1 9014181
1 5783662
1 5999019
1 6595572
1 4168927
1 327995
1 2815615
1 9020732
1 9529843
1 7992336
1 8864002
1 3014983
1 6267087
1 8519759
1 462738
1 2111520
1 4413081
1 7886601
1 390398
1 3306882
1 6987888
1 5216238
1 8460509
1 1980770
1 1643761
1 1204373
1 9209869
1 8500147
1 6018645
1 5117919
1 746201
1 2186522
1 4749200
1 3198064
1 975524
1 7578961
1 720788
1 4754745
1 1170939
1 9972897
1 1077296
1 3291649
1 3820125
1 4125567
1 5405837
1 1931917
1 8889082
1 9912842
1 8635086
1 1952533
1 798019
1 9588567
1 3963265
1 1723406
1 9271239
1 22651
1 9016501
1 986175
1 4366744
1 9122989
1 7724323
1 1000601
1 2760289
1 6028449
1 1433012
1 9221280
1 9558750
1 1213052
1 3630119
1 2580695
1 9023840
1 9357653
1 3245952
1 9680399
1 3229531
1 1806759
1 171335
1 9529500
1 5075175
1 7279358
1 8397182
1 6409350
1 5540957
1 7886724
1 9026423
1 8271062
1 6334582
1 7021291
1 1141887
1 8063851
1 5979261
1 7784791
1 3103298
1 1451298
1 5328379
1 3736618
1 9955467
1 4853922
1 9951319
1 3660582
1 5826630
1 366831
1 5278376
1 6947972
1 72021
1 1032808
1 2625451
1 2883640
1 4712237
1 6405951
1 5766809
1 2586068
1 8228504
1 9120032
1 2676499
1 2517849
1 2172165
1 2137533
1 7856863
1 2495226
1 6605006
1 8690765
1 9593362
1 1104937
1 1006554
1 4677701
1 2783828
1 9410207
1 7771036
1 5323373
1 8131858
1 802085
1 143456
1 2886817
1 8900872
1 1637131
1 8397178
1 5101895
1 7194071
1 4072521
1 278867
1 9157119
1 3301211
1 6184457
1 9042288
1 8662069
1 9446445
1 9290414
1 1697399
1 3784847
1 1519000
1 8170743
1 6426677
1 465454
1 1549069
1 3183286
1 2564019
1 4320081
1 7648779
1 9390531
1 4155373
1 2634373
1 6388171
1 601254
1 8124018
1 9512597
1 6622763
1 7964416
1 5848798
1 2357757
1 1812225
1 4556937
1 9236038
1 9381257
1 9511998
1 4558322
1 6272509
1 383001
1 5013797
1 4240178
1 2515500
1 1180081
1 6533093
1 5747825
1 5493329
1 2572318
1 5220087
1 1318053
1 448678
1 6308432
1 3485002
1 691067
1 6521143
1 1728818
1 3440809
1 5379799
1 5542294
1 3409328
1 6895685
1 2149788
1 9598293
1 3874995
1 656276
1 4042198
1 5555329
1 6945104
1 2755509
1 271980
1 2089768
1 8676741
1 9006064
1 1328886
1 3992124
1 9906151
1 1047867
1 7902707
1 6633973
1 6335798
1 5262518
1 6592791
1 9459227
1 1147546
1 2068451
1 4986396
1 2693537
1 4900921
1 1539376
1 3037929
1 2057120
1 7375552
1 6138343
1 913236
1 5905332
1 4236581
1 2297313
1 8869469
1 5215681
1 5889729
1 4526997
1 7736799
1 4819999
1 2206960
1 7737423
1 2109927
1 1754559
1 6107083
1 6539230
1 6413444
1 5184256
1 6509249
1 982768
1 5730150
1 824801
1 3664534
1 2960481
1 1261939
1 1281589
1 1866743
1 8966333
1 520860
1 8562845
1 7640500
1 5580625
1 620682
1 6092197
1 1688003
1 8957355
1 8246503
1 2200521
1 3215566
1 143722
1 5058727
1 6950396
1 7188645
1 5533018
1 7074236
1 7450966
1 5323107
1 8486122
1 1386003
1 6929292
1 279230
1 1356337
1 6507363
1 705059
1 931126
1 6018306
1 7441599
1 1186874
1 2738479
1 6129119
1 8288677
1 9375730
1 6306258
1 9198170
1 1404745
1 5061902
1 8490152
1 5839734
1 9301674
1 6254716
1 1888297
1 1849259
1 4244890
1 6152845
1 59104
1 9290622
1 6048727
1 6643502
1 9723570
1 5408936
1 8479566
1 3356747
1 6821895
1 3358957
1 6463811
1 9260962
1 1722557
1 6257919
1 7398346
1 1788570
1 4761880
1 6477874
1 9482578
1 1704558
1 3682746
1 5967270
1 4516833
1 559620
1 1489644
1 6205910
1 4541207
1 6326239
1 401659
1 6888984
1 6079471
1 2883884
1 7377313
1 8009419
1 3341715
1 6029425
1 9919439
1 5058581
1 1917490
1 8669568
1 5860070
1 8296391
1 9582148
1 623648
1 5126341
1 7012552
1 5916321
1 5734682
1 9952292
1 7282037
1 5832238
1 194406
1 5868583
1 7797969
1 4845038
1 4074310
1 3020087
1 6800093
1 2360741
1 187605
1 1315191
1 5312030
1 6265206
1 6859101
1 9645967
1 5499117
1 9824815
1 9530404
1 1638742
1 2285461
1 9888682
1 8724308
1 3578724
1 3419132
1 4814249
1 8688734
1 6219412
1 394458
1 7875010
1 823966
1 6690516
1 5678712
1 6823532
1 7371520
1 6453159
1 1453971
1 7166909
1 6605491
1 5910607
1 3714556
1 6609182
1 9476855
1 132155
1 2319424
1 6719673
1 5556282
1 7671474
1 5806793
1 4571925
1 9462669
1 8696518
1 547660
1 8119411
1 5135286
1 6165424
1 4955943
1 2410808
1 9728747
1 2136826
1 4256735
1 5764772
1 3622518
1 2348466
1 8784822
1 2618220
1 3778190
1 1385144
1 2159387
1 4329579
1 801903
1 1726044
1 269858
1 6405946
1 7456214
1 3158893
1 8166371
1 5390549
1 9992678
1 4014693
1 5256625
1 1059268
1 6043230
1 8593868
1 3598392
1 8098103
1 5906539
1 3554012
1 4608310
1 8303986
1 6331202
1 2356592
1 1439814
1 8925812
1 5205587
1 4903570
1 8842066
1 6656766
1 9277093
1 6399587
1 5109324
1 7801447
1 8052103
1 1600176
1 1781583
1 4916354
1 6597265
1 5403665
1 3320157
1 6787930
1 2104647
1 8185497
1 7716987
1 7979032
1 6339624
1 3432559
1 7296146
1 4677240
1 4371246
1 6938174
1 981478
1 7981611
1 8306895
1 1234129
1 5935580
1 8913096
1 7445363
1 4383227
1 5216858
1 8058527
1 4462929
1 9643489
1 3020773
1 7175917
1 7196543
1 3372487
1 8555430
1 8311350
1 9466956
1 3906250
1 4022569
1 7495753
1 8998776
1 9487443
1 5158773
1 2027801
1 6404336
1 7286629
1 9112498
1 5181172
1 8740565
1 4291587
1 7423482
1 1767190
1 2346102
1 9463140
1 2964481
1 3410569
1 611868
1 4079816
1 1581355
1 8579878
1 2698970
1 9788266
1 5025285
1 970494
1 1083666
1 5563113
1 5352158
1 8874892
1 4699264
1 7511390
1 2327729
1 7138268
1 5002200
1 5562458
1 8970548
1 1865857
1 3711995
1 3713123
1 5016204
1 5214714
1 2095312
1 6564640
1 9486899
1 312338
1 5879650
1 3062472
1 1842501
1 9595563
1 1077273
1 6320691
1 593
1 6961224
1 2855201
1 1469416
1 1065292
1 8825183
1 5541956
1 7775943
1 1797040
1 6229337
1 274241
1 4913951
1 7656584
1 7678513
1 5159181
1 5258920
1 2671889
1 1747701
1 9430237
1 9231510
1 9983446
1 3838308
1 1704644
1 7662681
1 3535352
1 1199027
1 5989240
1 4228778
1 5390602
1 2810591
1 4786846
1 210521
1 6423915
1 2916774
1 3527599
1 6351094
1 4771431
1 4730894
1 7585035
1 2482371
1 2428371
1 6570229
1 4069839
1 7926366
1 4782248
1 6973473
1 1112969
1 8459341
1 4345222
1 4971459
1 4984547
1 3169326
1 5457401
1 6004247
1 8669831
1 6220666
1 8772799
1 3315621
1 1234241
1 9256457
1 9102209
1 5755696
1 9890228
1 6867129
1 276911
1 641490
1 4318644
1 3518464
1 7959919
1 9893428
1 1858681
1 7629985
1 3828303
1 6513536
1 7186456
1 8148126
1 1816432
1 1365254
1 3891735
1 5611563
1 7492435
1 8734124
1 6391924
1 990442
1 7300273
1 7060587
1 2542016
1 7255465
1 3968615
1 3200522
1 4725705
1 2983831
1 6901497
1 4422100
1 6378737
1 622461
1 578925
1 6308830
1 7041603
1 4186001
1 8355578
1 5946219
1 8158457
1 4629497
1 6905613
1 3378707
1 3241369
1 4143269
1 6113878
1 3700695
1 8083246
1 5766871
1 7191194
1 3753378
1 1136230
1 5595040
1 6447739
1 9619413
1 9470091
1 9630052
1 3095185
1 3985489
1 5053179
1 678889
1 9721959
1 4927352
1 3469
1 6289583
1 1548460
1 2041712
1 6780322
1 6008997
1 3676576
1 4351154
1 4700984
1 8662422
1 809393
1 8786372
1 9703024
1 5214034
1 4603635
1 919725
1 403203
1 3654082
1 3115788
1 1742321
1 1393531
1 8138046
1 3367949
1 5398099
1 5943483
1 222080
1 235238
1 4645102
1 7405687
1 1922625
1 7053398
1 1136692
1 6197992
1 999170
1 2432466
1 8417733
1 1336220
1 3541117
1 9820327
1 8169492
1 7088727
1 4149905
1 5255575
1 3174352
1 5342897
1 4207167
1 9003148
1 3526950
1 2607644
1 2998530
1 5934394
1 5533034
1 3503273
1 663505
1 3590671
1 2106371
1 5170966
1 2236883
1 9400383
1 8315667
1 8797395
1 2025177
1 2522820
1 2769872
1 6699564
1 741311
1 2235110
1 746412
1 7103982
1 3515285
1 3418774
1 2165659
1 5344845
1 9924210
1 9356753
1 2472537
1 6763379
1 4893184
1 1986138
1 6340843
1 19025
1 9058610
1 1430133
1 9577585
1 2663928
1 3854926
1 7463650
1 6363302
1 2079132
1 7234140
1 5999964
1 1380775
1 7453574
1 2739400
1 3211137
1 1604117
1 7134265
1 5475948
1 6962327
1 1530065
1 7025570
1 6025044
1 142912
1 3459392
1 5266752
1 9758380
1 6986519
1 2475682
1 3877219
1 1562442
1 8660732
1 5036559
1 9892897
1 5601860
1 6083168
1 3607650
1 3998298
1 8167487
1 814023
1 9904400
1 8368060
1 6541554
1 4905561
1 9365911
1 6420506
1 3619152
1 4976721
1 372086
1 5963112
1 6848178
1 182737
1 5294902
1 5993065
1 6906647
1 9103747
1 7755161
1 7148977
1 7992600
1 4280127
1 4834223
1 4358020
1 2461475
1 3909154
1 4410842
1 1277798
1 5047367
1 7903149
1 8707364
1 8116308
1 6699909
1 8562098
1 625230
1 4143943
1 260935
1 7166526
1 8275931
1 5836821
1 342890
1 4519024
1 7784527
1 4716354
1 5218407
1 3412
1 2256961
1 1381311
1 5812344
1 6070652
1 7119256
1 932562
1 3499480
1 4639704
1 7107562
1 4924761
1 7399037
1 4940858
1 6855725
1 6105547
1 3354890
1 5314487
1 4670353
1 7320251
1 5093713
1 1035904
1 6490268
1 8956038
1 2768055
1 4839794
1 89346
1 8823858
1 7458384
1 2451412
1 8956294
1 6649510
1 6169310
1 6234073
1 2625833
1 6693202
1 8496916
1 1722788
1 69679
1 4776682
1 7653576
1 6819263
1 8138903
1 7582142
1 5782901
1 2489360
1 8313382
1 2315405
1 8781943
1 3849176
1 6314781
1 4444897
1 8899504
1 2556796
1 3046659
1 5524585
1 9056509
1 420677
1 7110723
1 9083186
1 9860661
1 1431440
1 7058776
1 7529034
1 3681350
1 5119948
1 1471744
1 2247324
1 2646473
1 3857426
1 2632004
1 4846380
1 1902400
1 4947749
1 8987670
1 9408902
1 4383534
1 7668809
1 6947711
1 2387916
1 4690024
1 6632295
1 2124297
1 2026179
1 2787295
1 8221385
1 3474896
1 6131296
1 5297853
1 226856
1 715541
1 5032970
1 886885
1 3647114
1 8085561
1 7844193
1 2655126
1 3260099
1 2002179
1 3502892
1 5927025
1 9004161
1 1499938
1 653896
1 459969
1 8441423
1 9099050
1 1746042
1 495280
1 8543998
1 3850759
1 3584541
1 4246136
1 6680894
1 4057322
1 1158063
1 6027514
1 9198957
1 5909544
1 8730426
1 8897289
1 1976528
1 4649565
1 8781125
1 9896347
1 9639149
1 6301948
1 6717481
1 4069591
1 5536597
1 9563802
1 7811313
1 1719842
1 6531791
1 3105995
1 2660009
1 4479856
1 6792422
1 409741
1 4159004
1 9871735
1 1739407
1 5160876
1 783113
1 5856839
1 6515893
1 2078644
1 4932367
1 3392485
1 3251548
1 8245238
1 9179188
1 1253069
1 8131777
1 8746836
1 765478
1 3795908
1 432518
1 5602294
1 5324927
1 3023640
1 9298940
1 5743937
1 9802167
1 2869377
1 5026400
1 5129377
1 470185
1 8421102
1 6772004
1 5890491
1 3581500
1 7285548
1 9101903
1 7099094
1 2557904
1 7684092
1 656819
1 717052
1 451401
1 1637019
1 9715786
1 8569469
1 3381734
1 443364
1 604088
1 5420969
1 4923162
1 6942717
1 730388
1 4799847
1 6234939
1 497190
1 429747
1 9871872
1 127628
1 6240994
1 4944406
1 1229658
1 5242310
1 7796460
1 5213919
1 5357250
1 6270198
1 9445086
1 6854625
1 415974
1 5001749
1 3082708
1 8157594
1 2327110
1 7644039
1 4365168
1 6328575
1 2154899
1 5849229
1 2673815
1 8683593
1 408125
1 638646
1 6390665
1 8279194
1 2902241
1 262632
1 9098168
1 6456006
1 1733901
1 4420112
1 8646652
1 5115998
1 9051542
1 7590092
1 8350486
1 4570191
1 8174694
1 5569635
1 6677639
1 6897872
1 8871739
1 6815914
1 9350914
1 1892924
1 5038645
1 6232418
1 6804257
1 7647625
1 2820485
1 6992346
1 7560974
1 5459630
1 488867
1 4375839
1 6915354
1 4370697
1 8627871
1 5124972
1 786559
1 259204
1 6693450
1 6754591
1 1105521
1 1547332
1 2492536
1 6729648
1 9055267
1 5582182
1 7130280
1 7051372
1 6573832
1 5791178
1 4050624
1 7445180
1 359218
1 633270
1 8751423
1 2457840
1 6919766
1 6673973
1 2750290
1 8909399
1 2869059
1 5372133
1 4634061
1 5588650
1 6973328
1 1538755
1 3266225
1 904750
1 2594643
1 7176564
1 8817966
1 8160717
1 2990729
1 9609021
1 8957493
1 11230
1 560438
1 4321755
1 5737136
1 6316289
1 9667934
1 8768912
1 5422486
1 2517578
1 6975333
1 8582461
1 3654037
1 2763553
1 8323114
1 6333421
1 2983828
1 912062
1 1273381
1 5026055
1 3055799
1 8960296
1 238097
1 9059633
1 760074
1 9535725
1 6553870
1 5389600
1 6927312
1 3503839
1 6859042
1 7582561
1 7212700
1 2855306
1 1933338
1 2680053
1 2452220
1 3481926
1 5898268
1 5687577
1 4460582
1 4776157
1 2659963
1 9838148
1 736316
1 3790623
1 5970363
1 3798027
1 1979850
1 5531583
1 8388816
1 7502423
1 1881206
1 3180506
1 9577771
1 8659048
1 3177780
1 785011
1 453836
1 8731411
1 3819591
1 7491691
1 935829
1 9639880
1 9998334
1 6683990
1 3032940
1 3996411
1 3976859
1 829885
1 9455297
1 8905050
1 7522175
1 2945160
1 1924613
1 7266902
1 3460501
1 5374189
1 6961630
1 1801354
1 2142890
1 6321416
1 3847871
1 7963358
1 3954183
1 1092224
1 2131037
1 6308942
1 3371015
1 3424073
1 3050499
1 1678858
1 3028281
1 7563978
1 4489035
1 3409
1 5444402
1 3152324
1 781367
1 8373046
1 6077226
1 6247433
1 9814477
1 896525
1 8937752
1 5916483
1 4427995
1 4405275
1 3490737
1 5332681
1 8090437
1 8650094
1 7546291
1 719456
1 9829979
1 1564150
1 7050754
1 9099942
1 6607004
1 8671935
1 7273891
1 7865554
1 4762150
1 3716139
1 8981153
1 2667638
1 5332846
1 2800783
1 7390671
1 4536718
1 1381967
1 5494369
1 8228161
1 5798231
1 5992652
1 8056069
1 1528028
1 5661300
1 250673
1 5730618
1 4828527
1 9098503
1 8231230
1 164147
1 5533698
1 3006396
1 5353917
1 4509671
1 483776
1 1061335
1 935022
1 513905
1 9977175
1 2734266
1 5442778
1 5515218
1 1268494
1 5812243
1 1969748
1 6481135
1 5852253
1 9780244
1 7803622
1 4049569
1 8634941
1 8264048
1 9943929
1 7714261
1 2211725
1 7141313
1 3069827
1 796739
1 1215418
1 4656648
1 446215
1 4311958
1 2892893
1 2377380
1 2768671
1 8884462
1 8668071
1 7233756
1 3676843
1 1426540
1 578204
1 6671958
1 3796249
1 7459504
1 9774845
1 9990366
1 5198966
1 5463052
1 3870015
1 1757492
1 3489969
1 8133036
1 8972838
1 8823125
1 9737319
1 902763
1 3257544
1 3335631
1 7427605
1 1675812
1 5600121
1 379642
1 8982309
1 705234
1 7284164
1 6047305
1 9873571
1 8571019
1 6509824
1 9267786
1 4907955
1 5876050
1 2422763
1 3475128
1 688194
1 7163552
1 4847425
1 2084182
1 6241266
1 4808828
1 3892907
1 1413992
1 5417824
1 2670412
1 8028967
1 9373432
1 8033630
1 3845087
1 2334715
1 5690825
1 9783142
1 2538412
1 469329
1 8904495
1 3625459
1 9507337
1 981013
1 1098316
1 8749522
1 8984540
1 2669337
1 1268808
1 7388116
1 2519411
1 3101946
1 866424
1 9550780
1 6049033
1 1519308
1 4275498
1 5532613
1 9292133
1 9119608
1 3633459
1 5476183
1 1433921
1 9023527
1 973517
1 670873
1 7563337
1 813541
1 5981144
1 3294887
1 6343647
1 6750535
1 948626
1 3367819
1 7558539
1 1611915
1 6142636
1 1311126
1 595274
1 7434799
1 2661912
1 961912
1 3693971
1 6180568
1 6477366
1 1397826
1 4118670
1 313443
1 6223757
1 6801402
1 3859034
1 5873162
1 6141004
1 2347981
1 5087885
1 9171210
1 1326000
1 3330908
1 6209089
1 6569022
1 1570426
1 5790298
1 8303508
1 7564891
1 50899
1 8660229
1 7239252
1 8377056
1 1415708
1 4571177
1 7596174
1 3346166
1 6153165
1 4930644
1 8000537
1 5977340
1 1767446
1 5179927
1 678288
1 9640517
1 9182257
1 6558373
1 8647066
1 918744
1 2128239
1 8582019
1 6134289
1 7845073
1 7921963
1 1719455
1 9899338
1 2825038
1 7270839
1 8121964
1 4847708
1 5156866
1 6058685
1 6688559
1 1100771
1 7935983
1 1842279
1 7423275
1 2908994
1 5988565
1 7518959
1 731015
1 3167961
1 6402517
1 6105882
1 1877249
1 2035082
1 3938315
1 7735802
1 1098990
1 7850356
1 6151096
1 4982427
1 3969821
1 9463961
1 3273809
1 4826227
1 5822618
1 8452524
1 2076701
1 7474048
1 3573816
1 1251487
1 7954795
1 8695450
1 8757202
1 3678871
1 5208371
1 5558647
1 2541919
1 8955103
1 9134796
1 5816715
1 9569345
1 4196852
1 1927992
1 4806663
1 8874679
1 6312634
1 4558494
1 9720254
1 9639735
1 3234473
1 8255475
1 3369983
1 9168774
1 1309289
1 6886767
1 1221265
1 8052847
1 2933970
1 3683207
1 5700655
1 2768435
1 9009241
1 9641954
1 5549241
1 847649
1 2117176
1 1739354
1 812377
1 140325
1 7810519
1 215748
1 4967034
1 9192706
1 4822958
1 2948764
1 7690123
1 9915098
1 3177816
1 4418257
1 1315600
1 452357
1 1240026
1 557227
1 5409522
1 6389837
1 1989023
1 9571573
1 7657390
1 3488947
1 1710213
1 2835069
1 8820988
1 4563489
1 2081243
1 6642754
1 7079376
1 3462783
1 1448870
1 4570841
1 1944215
1 3692086
1 5123807
1 7504464
1 6111674
1 1491217
1 8807169
1 5533245
1 1535933
1 9506438
1 2476493
1 6378107
1 8589872
1 3103441
1 3180714
1 1933507
1 4777016
1 4485876
1 6733250
1 6145729
1 7029956
1 8571504
1 2693229
1 1490470
1 45401
1 4980335
1 9281688
1 5208074
1 1458367
1 1394550
1 2517952
1 1092090
1 35199
1 3607125
1 6182887
1 7509477
1 1737459
1 8744682
1 6964028
1 7838066
1 3405538
1 9614399
1 6847297
1 1016649
1 1248016
1 9165335
1 1846190
1 2370333
1 5588838
1 9237708
1 9595150
1 5581404
1 5946896
1 2122355
1 2467505
1 5587950
1 5330430
1 4558792
1 9942051
1 8474889
1 690519
1 6484648
1 8287473
1 6185395
1 824441
1 676352
1 1283210
1 6785592
1 417408
1 6325633
1 1493128
1 84197
1 7829448
1 3062129
1 9673132
1 133349
1 2792158
1 9763400
1 5021525
1 5833059
1 2238612
1 7757492
1 3218631
1 1953616
1 935723
1 1536158
1 8255122
1 5135968
1 2718048
1 4471359
1 9686537
1 8469101
1 1602942
1 5945473
1 925619
1 5644619
1 4044944
1 8331206
1 4911799
1 8338471
1 837568
1 8724493
1 8011598
1 4274405
1 4502198
1 885567
1 9933302
1 5061192
1 9885148
1 6643059
1 5347579
1 8540454
1 8591645
1 1679950
1 5673940
1 8148831
1 9901797
1 7182788
1 5722667
1 4172488
1 4670706
1 2991107
1 5754998
1 8540377
1 2349183
1 6987875
1 9063924
1 333975
1 5835968
1 1247561
1 433652
1 3640618
1 3767334
1 5506324
1 7269093
1 1495059
1 2779970
1 2602749
1 5818569
1 8117951
1 1481874
1 6467099
1 8360699
1 5447949
1 2775922
1 769207
1 3907964
1 7798364
1 1565056
1 8901469
1 1746956
1 8941883
1 3016489
1 4045200
1 4488202
1 6695907
1 4556395
1 3264659
1 9754671
1 2586059
1 4382612
1 6151916
1 4477642
1 4120403
1 8282642
1 1357864
1 543007
1 6222692
1 6866549
1 4791991
1 4621807
1 9728657
1 4415573
1 4882814
1 4637559
1 1142625
1 9479060
1 468887
1 1068472
1 6515971
1 9474217
1 3177157
1 3817635
1 9269776
1 5228068
1 9749828
1 9080053
1 2858623
1 9916405
1 8389862
1 9780799
1 2485445
1 4944582
1 1554233
1 7477026
1 1804846
1 7376315
1 7785077
1 5503138
1 8951913
1 3326271
1 3561544
1 2933113
1 5030482
1 9162659
1 5181527
1 6791256
1 1841880
1 877605
1 7390543
1 6126531
1 7942340
1 2229014
1 9334583
1 6274055
1 5852480
1 3423760
1 1636592
1 2542751
1 8131881
1 3588526
1 3087164
1 7494852
1 6298603
1 236892
1 8745315
1 5532438
1 2895601
1 2637914
1 4019821
1 5645796
1 7777055
1 2287111
1 9291566
1 170514
1 7885062
1 1604338
1 8359317
1 3340413
1 4694832
1 7905723
1 4227858
1 7460896
1 1547750
1 2642282
1 7313015
1 5768010
1 8084683
1 8374133
1 4984677
1 5187537
1 2968932
1 8523144
1 466558
1 2656505
1 6961788
1 9952885
1 5616764
1 348911
1 4883266
1 5250539
1 1353165
1 7409924
1 9773867
1 9152428
1 3200979
1 8449110
1 8299740
1 7777626
1 647545
1 4120701
1 6487051
1 9466164
1 2603271
1 3448435
1 8058575
1 8655374
1 8051641
1 4625690
1 4917202
1 1507838
1 9561522
1 751777
1 898618
1 4605266
1 3728612
1 6190497
1 7346136
1 4613072
1 361588
1 1177880
1 2113247
1 8929706
1 7387134
1 4896720
1 2081185
1 2264198
1 2240991
1 1209501
1 7256110
1 259163
1 590593
1 4585197
1 5295913
1 740793
1 4893853
1 7587220
1 1122532
1 45946
1 905765
1 9745621
1 8145789
1 2124684
1 9559753
1 2790911
1 7731739
1 1286015
1 8559525
1 9907393
1 8486429
1 4233699
1 2676544
1 1460225
1 1320957
1 1987309
1 1483365
1 2450439
1 8683599
1 7600388
1 1889108
1 4084440
1 5187214
1 6942140
1 5467515
1 1154045
1 1073006
1 8772643
1 3330120
1 9477374
1 3531471
1 7654985
1 2333549
1 9274125
1 3313356
1 238057
1 7348755
1 2282663
1 3482019
1 3009282
1 7112195
1 7543244
1 115872
1 9607602
1 3600996
1 6559150
1 4583870
1 5836726
1 595534
1 9797080
1 3650079
1 827275
1 2696706
1 4625934
1 6209589
1 2327370
1 4394495
1 4042579
1 7326095
1 2362607
1 8593836
1 4539560
1 822496
1 5406209
1 7492152
1 8158787
1 5573137
1 9596666
1 2337478
1 8905296
1 8528925
1 576600
1 1982901
1 2582054
1 3665291
1 3755882
1 5516718
1 4722250
1 5952396
1 5183797
1 3727564
1 1085775
1 8929816
1 9453277
1 6232303
1 3790522
1 9714435
1 2101684
1 8684064
1 8538965
1 1330141
1 9574646
1 6314121
1 5186398
1 2334818
1 6371543
1 2670845
1 9456005
1 5791914
1 2890743
1 6602897
1 5128808
1 8961070
1 6151948
1 1280448
1 3396262
1 1478289
1 1872229
1 4984895
1 4962246
1 5219711
1 5369180
1 9971131
1 8409060
1 4518341
1 2202439
1 4160754
1 1353793
1 4151487
1 1917403
1 5275385
1 885960
1 8018588
1 9861505
1 8814925
1 5145270
1 8449107
1 1417170
1 8183777
1 829019
1 3995072
1 8208448
1 6555023
1 29733
1 411330
1 8802984
1 5881858
1 4206903
1 3442500
1 4145674
1 2394926
1 1804400
1 7538596
1 8701685
1 8346859
1 5792500
1 1481376
1 4628540
1 4672522
1 4230182
1 8755232
1 6487945
1 4456468
1 4989924
1 4104752
1 6582762
1 6848948
1 1559459
1 3753025
1 599283
1 3375535
1 4677327
1 3583200
1 9525170
1 6780996
1 6384019
1 6760029
1 4888920
1 8464301
1 8172166
1 255313
1 4468527
1 3805950
1 5784435
1 9240486
1 8119802
1 8925206
1 6472005
1 4841116
1 1526242
1 7526641
1 1131571
1 8007602
1 467492
1 7067949
1 6492464
1 9900204
1 6224392
1 3420391
1 5502652
1 88682
1 7021267
1 7309860
1 4221848
1 5698366
1 6267049
1 1802497
1 331735
1 3645016
1 8454471
1 3767735
1 9508642
1 3126699
1 4482144
1 7967404
1 1992714
1 560513
1 2919964
1 3136438
1 7633694
1 7310002
1 556177
1 4879852
1 6227416
1 4716486
1 5591805
1 1845103
1 8917430
1 6099358
1 1135171
1 5397969
1 9447777
1 4053839
1 8756589
1 3374434
1 5808016
1 8936072
1 6669783
1 6064556
1 32962
1 6346535
1 705784
1 1115352
1 188921
1 7250898
1 7902735
1 6795505
1 9992049
1 4275174
1 4482916
1 8316248
1 1791573
1 9936376
1 6413710
1 8080143
1 4011426
1 9782529
1 9502837
1 5596614
1 7040604
1 8315972
1 1131351
1 4531310
1 5332780
1 561206
1 3799285
1 5103569
1 7549663
1 6786941
1 8521754
1 3919131
1 5514392
1 9705735
1 8670689
1 5488120
1 4906157
1 2823344
1 8903252
1 1981535
1 1973556
1 2794819
1 8129959
1 8094436
1 7995373
1 3261773
1 7982177
1 8914987
1 445966
1 4387494
1 5610528
1 5975490
1 1461682
1 2502539
1 8795697
1 1966063
1 4284289
1 2197881
1 548871
1 5957988
1 3599019
1 8173944
1 4123497
1 5213776
1 8197703
1 1149974
1 9508537
1 8109933
1 2078215
1 6224144
1 6701175
1 1575179
1 5489798
1 2152365
1 7548619
1 2966187
1 8326274
1 3475954
1 6198711
1 1906124
1 1634707
1 4060333
1 4189943
1 172877
1 2441089
1 9442835
1 7430296
1 9856747
1 9961134
1 4645559
1 9914542
1 2476357
1 6044606
1 4109044
1 3989775
1 3834960
1 6376183
1 8530142
1 6709166
1 7410507
1 1226170
1 6149983
1 6386750
1 2782669
1 9673228
1 9515548
1 3693921
1 1904041
1 4194119
1 8329655
1 9009686
1 8324693
1 3173621
1 560251
1 1322256
1 5818484
1 709888
1 2107801
1 5023081
1 7631521
1 5224348
1 722491
1 5823563
1 4929761
1 1697607
1 1027603
1 9203863
1 568591
1 3792227
1 6602102
1 532559
1 9991642
1 649519
1 7417052
1 8869585
1 9974661
1 8355955
1 6066072
1 1126066
1 1033279
1 1133274
1 3889343
1 849927
1 652911
1 6126474
1 3007915
1 4075880
1 3645764
1 7375236
1 6558320
1 7802347
1 9471682
1 41142
1 4884961
1 1783033
1 3957101
1 2127289
1 2948050
1 5825057
1 1826497
1 1051217
1 126301
1 8379489
1 6876420
1 7877962
1 5993871
1 4245961
1 6525455
1 3094781
1 2165297
1 7882727
1 9949916
1 6966411
1 5475509
1 4668677
1 6074916
1 7431842
1 9469488
1 3203552
1 370569
1 7047192
1 3530010
1 1969529
1 9415070
1 3587795
1 1269058
1 4088950
1 5253388
1 6003410
1 6674831
1 7835436
1 7023029
1 8514432
1 6880085
1 4048999
1 1353993
1 8077275
1 2354835
1 755337
1 3915059
1 5769769
1 106778
1 2123542
1 9677104
1 7144221
1 9836238
1 9534109
1 4130324
1 5931532
1 4701712
1 3125262
1 4315302
1 8816909
1 6904425
1 5637209
1 8815840
1 3965883
1 3353207
1 265714
1 2664647
1 2408780
1 4583748
1 2875455
1 53678
1 1529735
1 9201363
1 5038669
1 578207
1 1138622
1 1704042
1 1275672
1 7888761
1 8101937
1 127607
1 2131059
1 3309784
1 1702000
1 5368876
1 8282553
1 4772544
1 9882118
1 1215050
1 9352565
1 7875659
1 1183698
1 6645897
1 4185699
1 800557
1 4804787
1 6236510
1 9279218
1 7569216
1 5277011
1 7896435
1 3118993
1 1045335
1 920421
1 7935602
1 8503723
1 228428
1 3648994
1 5497658
1 775021
1 9650206
1 5284808
1 7031211
1 9020236
1 9438573
1 4338033
1 7158529
1 3078850
1 2290018
1 5639648
1 4812400
1 2138600
1 6030370
1 6220994
1 2448390
1 8515229
1 5674464
1 1515670
1 5789180
1 5923412
1 2537689
1 5048846
1 4228614
1 1340938
1 1640997
1 4051613
1 3309928
1 4388441
1 9835028
1 2341061
1 5482394
1 964152
1 9271370
1 1254996
1 5601174
1 957050
1 2729572
1 1598119
1 1826266
1 6269952
1 2261247
1 4679702
1 5046381
1 3922531
1 2118725
1 8916413
1 9338673
1 2452912
1 7422992
1 6145005
1 545868
1 5267238
1 3854291
1 5441170
1 3252939
1 2991586
1 2904971
1 2831464
1 9850161
1 6266459
1 7508632
1 7150932
1 4876857
1 9494606
1 9035701
1 6938141
1 8670999
1 2515178
1 1335037
1 4104072
1 753517
1 2713168
1 2126770
1 6208271
1 9656384
1 8362959
1 919456
1 1434091
1 1030006
1 7670412
1 8985226
1 9756700
1 2701571
1 8601593
1 8002317
1 6798359
1 3387618
1 934783
1 2592984
1 2058746
1 5685108
1 756692
1 2714760
1 6098477
1 505147
1 5212142
1 9761961
1 5435583
1 7752221
1 4676298
1 923983
1 8857396
1 698108
1 8211940
1 5865149
1 7726267
1 9207924
1 4732026
1 9682273
1 3142137
1 7802257
1 4108807
1 9784243
1 2156574
1 149225
1 8462520
1 7297321
1 3335785
1 8872091
1 1292345
1 2374212
1 9497029
1 2103122
1 8329647
1 9488547
1 8680018
1 5299575
1 5286513
1 6389479
1 161318
1 1394803
1 1371647
1 2521372
1 6708677
1 1276581
1 9608350
1 254991
1 2683120
1 3454449
1 90936
1 6219586
1 4007809
1 847480
1 2715068
1 962788
1 1838283
1 2938401
1 5040919
1 6918844
1 7635959
1 6414176
1 4232083
1 9815636
1 8231772
1 3282355
1 8668981
1 138936
1 8236207
1 350678
1 5939461
1 7557086
1 6361725
1 8319829
1 1197817
1 5069066
1 9032139
1 4610936
1 1493931
1 2940902
1 139278
1 4086471
1 5338180
1 3571507
1 992948
1 4905732
1 107604
1 5987956
1 2468861
1 7732995
1 5869458
1 8534621
1 9087577
1 4681282
1 6708669
1 1716145
1 3798679
1 8302388
1 3773160
1 87780
1 7363380
1 7520033
1 1457727
1 5700480
1 3446229
1 1139234
1 841527
1 9855240
1 5526974
1 3843866
1 450692
1 1582828
1 6288077
1 5860740
1 5517204
1 1745179
1 8718319
1 6816422
1 4241589
1 9829371
1 7073941
1 5111498
1 3243003
1 4693253
1 3885890
1 8816573
1 3145691
1 7665050
1 376009
1 7260314
1 6040835
1 9437234
1 6008467
1 2061130
1 5525519
1 7368399
1 5505660
1 3278527
1 7439155
1 1591889
1 6165461
1 9496315
1 1703069
1 1130164
1 1180987
1 4576263
1 654441
1 4636749
1 6123224
1 6748056
1 3162756
1 5465356
1 1593460
1 8464382
1 5817645
1 4343298
1 2189504
1 6365259
1 5208613
1 7969908
1 1922028
1 6371354
1 5061366
1 7253215
1 164492
1 9828073
1 4819930
1 1106062
1 2016580
1 9030833
1 8732012
1 8000574
1 969454
1 1691863
1 650858
1 6001311
1 4013321
1 9253699
1 9691018
1 6247549
1 9694838
1 8623828
1 7397581
1 3967391
1 8404697
1 4384303
1 6060561
1 8666038
1 6655319
1 881638
1 3940762
1 991643
1 2305234
1 6749834
1 3110559
1 2533383
1 1019063
1 827034
1 7254145
1 1381732
1 27118
1 6295431
1 8406924
1 7688050
1 1674867
1 1018231
1 7232972
1 1611450
1 5095067
1 7049802
1 7351050
1 6811779
1 70146
1 790039
1 3580956
1 4091007
1 5710038
1 8526866
1 6280580
1 2803192
1 8926264
1 4912626
1 6182808
1 2969456
1 6899417
1 2245877
1 2378890
1 2279551
1 6019388
1 4849094
1 6655206
1 2336331
1 3036388
1 3181488
1 5458216
1 60810
1 2124816
1 2325848
1 9701668
1 8914891
1 9691523
1 6865620
1 3603229
1 267059
1 6953668
1 6160734
1 8559566
1 6435327
1 6113974
1 7929749
1 2658302
1 5971285
1 323261
1 1329275
1 792272
1 2519806
1 1239496
1 6440225
1 4377827
1 5356217
1 4320330
1 5048057
1 4997144
1 2177966
1 3222557
1 2954233
1 6832920
1 628578
1 3511729
1 473298
1 2609875
1 7287213
1 3516122
1 1666788
1 8485041
1 2298518
1 3951195
1 7833243
1 5201433
1 1959227
1 2296681
1 8978919
1 9074442
1 2608177
1 2433838
1 4304098
1 3853606
1 2244161
1 2846215
1 6753156
1 7047798
1 4034461
1 4596350
1 5956331
1 2808954
1 9213336
1 7047473
1 4835278
1 8069493
1 7557890
1 6030585
1 5249098
1 3460803
1 8714027
1 2023002
1 2516556
1 1064515
1 1415266
1 8068032
1 4039376
1 2398687
1 9138206
1 5831509
1 3765151
1 2085765
1 8298095
1 6241120
1 5709500
1 5098710
1 7752950
1 3051873
1 7799202
1 8059907
1 4254231
1 5660222
1 9982993
1 4276315
1 4266410
1 8315962
1 4051222
1 4130697
1 2159568
1 9684672
1 7317679
1 2820975
1 8794381
1 7471961
1 7689942
1 2988054
1 6205015
1 9089401
1 8192818
1 5344185
1 1604846
1 4919967
1 4431387
1 341090
1 3051891
1 879574
1 3719911
1 3943523
1 3830098
1 6808821
1 6373628
1 6845156
1 826940
1 8226718
1 5347245
1 588779
1 8279118
1 2060148
1 3707294
1 7438448
1 5879081
1 8687588
1 2994286
1 7335809
1 9361188
1 602842
1 6490261
1 5044271
1 4737280
1 7128662
1 9746207
1 8018430
1 6288335
1 9809126
1 176525
1 8693553
1 471883
1 6304409
1 1622194
1 6828837
1 8760991
1 3137001
1 118577
1 1329360
1 3191908
1 9855640
1 3823103
1 1807598
1 6106222
1 7852112
1 8040897
1 851270
1 3143507
1 1644105
1 2868855
1 6239370
1 4067523
1 3101934
1 6242397
1 4176632
1 9492096
1 4741486
1 192746
1 1162929
1 5832992
1 3602306
1 2431029
1 8114618
1 6970265
1 6271015
1 5742762
1 4648444
1 7299327
1 8935282
1 3821185
1 3468488
1 9724502
1 62357
1 5159424
1 4863872
1 4534562
1 8129488
1 9013602
1 8652506
1 7905991
1 3438509
1 9360382
1 97516
1 7207935
1 8736145
1 8113183
1 1498864
1 4121497
1 4937528
1 3914810
1 6250226
1 5725124
1 501918
1 3162218
1 2737231
1 3379341
1 3540683
1 7777624
1 827500
1 6846220
1 4802759
1 5547900
1 7782002
1 5033157
1 2801390
1 618068
1 6234477
1 4764021
1 8156932
1 1414834
1 8068194
1 8197823
1 4313583
1 6850180
1 3110378
1 2262868
1 4436137
1 4356224
1 7363394
1 6862050
1 5695549
1 5583339
1 6792833
1 8202685
1 8304702
1 7565199
1 4008328
1 1373586
1 8716748
1 6541500
1 5292227
1 2811045
1 9387683
1 7262681
1 2812020
1 3472791
1 2747893
1 6308109
1 7889173
1 5559177
1 4186745
1 785105
1 3593009
1 3418466
1 3392913
1 378389
1 5562727
1 1915992
1 5887759
1 7728516
1 6770434
1 5274847
1 139307
1 1252677
1 6963233
1 2755981
1 767524
1 8260397
1 2660366
1 8916801
1 1330665
1 3124210
1 8407837
1 5257532
1 5440835
1 8310925
1 4309471
1 3616980
1 8428589
1 2392327
1 4768855
1 8742920
1 9765200
1 819181
1 5162143
1 583744
1 5381365
1 9720808
1 1173071
1 35357
1 8581602
1 4574903
1 5318506
1 6287278
1 7106059
1 5601782
1 6730957
1 9912103
1 8050927
1 5218441
1 2029698
1 3279565
1 5328714
1 2908710
1 6212818
1 9554750
1 8449626
1 6090494
1 6557560
1 9654607
1 3696880
1 6641306
1 1509761
1 233039
1 9938386
1 4703358
1 5084935
1 1736264
1 8576395
1 9479725
1 961163
1 9099369
1 6222549
1 7605934
1 7232285
1 6287407
1 9310545
1 4814939
1 56980
1 4366668
1 7657506
1 9345052
1 6416461
1 9644273
1 6268033
1 7854695
1 7747758
1 3648092
1 4328501
1 3027420
1 5581859
1 5763778
1 8117669
1 5330068
1 507090
1 9478861
1 2028572
1 8718775
1 1312420
1 6925417
1 7491173
1 4800611
1 2048212
1 8144867
1 8378131
1 1623213
1 3135312
1 1381211
1 379979
1 3064978
1 7826574
1 3925483
1 4125234
1 5351065
1 8919493
1 9399838
1 2107867
1 3834764
1 7607072
1 8933816
1 2813869
1 8834938
1 7166875
1 8792771
1 5987387
1 7069396
1 8420674
1 8924640
1 8002949
1 3939692
1 331737
1 2603632
1 9569365
1 1184792
1 947027
1 4011868
1 2131548
1 8962346
1 5048317
1 5848166
1 1690565
1 4307565
1 2166755
1 3459963
1 1105019
1 7351823
1 4979186
1 4765705
1 7452882
1 2862320
1 6612575
1 2171264
1 422517
1 2374196
1 3920137
1 3011839
1 7353642
1 6806207
1 5569233
1 6507335
1 22188
1 4926761
1 1462467
1 3653845
1 5807084
1 4975310
1 973184
1 6483335
1 1518548
1 1818778
1 2908610
1 3029540
1 2230452
1 9663884
1 409651
1 4700341
1 7143986
1 1934342
1 6759218
1 4787015
1 7892621
1 8859832
1 2671698
1 6694460
1 5392497
1 5134572
1 3863227
1 5059804
1 8535759
1 623141
1 8250240
1 4909795
1 8653340
1 927170
1 539980
1 400768
1 518393
1 1477659
1 1525296
1 411943
1 7036174
1 4186983
1 8045650
1 7761843
1 409170
1 9659439
1 1438579
1 2664466
1 9194736
1 8910107
1 4904703
1 8628273
1 7974647
1 9571608
1 3422175
1 3630033
1 6984256
1 5583652
1 3491782
1 363351
1 3310050
1 1222654
1 5884004
1 9004870
1 336406
1 4249794
1 779677
1 8571714
1 821206
1 9083204
1 604606
1 7035272
1 4178161
1 1290000
1 9540712
1 3839412
1 3039195
1 2282933
1 7017312
1 4794290
1 1894870
1 3330818
1 5162212
1 3303946
1 5196635
1 7994750
1 6944090
1 9350542
1 407816
1 8216625
1 3843083
1 3142348
1 8732392
1 6238323
1 3198587
1 7952204
1 9613617
1 364744
1 2277909
1 4087840
1 8462301
1 2494720
1 4694144
1 9869519
1 8176832
1 4797885
1 1211125
1 9364850
1 2057592
1 8640902
1 4174227
1 9442613
1 5778546
1 7260902
1 2096004
1 5923340
1 8498532
1 3977687
1 5168860
1 4839398
1 8282185
1 8873743
1 1329130
1 801681
1 9872537
1 7386542
1 119344
1 7926896
1 4379428
1 697490
1 9944749
1 7710160
1 3222808
1 2206848
1 8606727
1 7021796
1 7626164
1 1147635
1 7158323
1 4170377
1 2269650
1 3720027
1 2084027
1 9540618
1 7490845
1 8839658
1 9324633
1 1203234
1 7062689
1 2988068
1 1300658
1 2162986
1 6805845
1 7231314
1 2832844
1 1722101
1 1131952
1 4178859
1 3979274
1 4615812
1 3143793
1 8326356
1 8135057
1 8522415
1 1939450
1 4008064
1 6264682
1 5900009
1 6259543
1 2920529
1 3206698
1 1680326
1 2762835
1 7817834
1 1131983
1 1062787
1 5637634
1 8325694
1 9386920
1 606994
1 4691541
1 6431756
1 4377719
1 9251333
1 9576463
1 2682007
1 9239141
1 8718228
1 2586189
1 2261586
1 1584368
1 6347957
1 2592895
1 1332871
1 877690
1 6722986
1 6745474
1 508697
1 6107961
1 6742860
1 6939739
1 754880
1 4806471
1 4630520
1 2344195
1 9582903
1 6239323
1 1758489
1 16498
1 2286402
1 6052848
1 2523375
1 6440351
1 3745987
1 5092859
1 9152274
1 9800675
1 1105890
1 4666562
1 7335120
1 982091
1 6904627
1 4004195
1 892022
1 7500677
1 480183
1 9988822
1 8509175
1 7296261
1 862884
1 6757865
1 1981883
1 8073076
1 9465569
1 1417340
1 7829466
1 4724108
1 7604263
1 3861074
1 8122365
1 1422197
1 6110390
1 6653445
1 5221299
1 5762293
1 3237125
1 701553
1 7868244
1 1616330
1 4018016
1 9370927
1 8643821
1 8783601
1 64155
1 5917836
1 3075174
1 3798075
1 2104193
1 8658364
1 5334495
1 9739470
1 3277152
1 3333997
1 7421809
1 5423095
1 4956793
1 3591341
1 5441179
1 1070856
1 4908163
1 609692
1 9850533
1 4931158
1 3729780
1 5909202
1 9407178
1 864536
1 1139954
1 851587
1 4736679
1 5430195
1 3776545
1 7063056
1 7886467
1 3199719
1 9684887
1 9371269
1 5616103
1 1949555
1 9868534
1 3125715
1 3965890
1 3187227
1 818691
1 9809585
1 9395560
1 6224602
1 2883792
1 7256007
1 9343929
1 4962876
1 8549127
1 7268964
1 6361677
1 1010452
1 997577
1 9983752
1 2526602
1 5634942
1 2217372
1 918992
1 6520703
1 5369411
1 535668
1 3794599
1 5024954
1 6773288
1 3496371
1 9148642
1 5952386
1 3706423
1 9295319
1 3661085
1 8092376
1 5077750
1 6200010
1 2148723
1 1037403
1 4341283
1 7591029
1 9166421
1 1518476
1 1515409
1 9322842
1 6005331
1 5664228
1 246756
1 727126
1 1599729
1 6188805
1 6975787
1 7632212
1 8221283
1 8621399
1 5123845
1 8088226
1 1521209
1 6248079
1 1961338
1 6392975
1 1991663
1 2961972
1 4832180
1 7776030
1 3569443
1 391062
1 8486286
1 939437
1 7649416
1 7099342
1 6988706
1 3107104
1 1439410
1 5799536
1 2052390
1 6133251
1 7466092
1 6011154
1 1507067
1 4360058
1 2335085
1 737681
1 7875278
1 1128618
1 1650775
1 4095190
1 6246098
1 9232213
1 7034376
1 1672536
1 3323213
1 8075161
1 8439517
1 3423397
1 4705231
1 7661622
1 8790266
1 9433821
1 2579579
1 4338046
1 4613671
1 9370087
1 3119915
1 1744813
1 6810972
1 6564548
1 1011320
1 9044999
1 4072299
1 423832
1 6279320
1 6378344
1 2989933
1 797491
1 719126
1 7061872
1 8386208
1 7356619
1 3272116
1 8463600
1 4725118
1 4969415
1 6154718
1 6400971
1 9250421
1 2197186
1 2973885
1 7159784
1 8685664
1 2265241
1 9824436
1 3912614
1 9544834
1 1811110
1 5672247
1 898109
1 1453181
1 5971386
1 1553995
1 6650884
1 2691617
1 6364230
1 1944358
1 4477447
1 4099529
1 4305194
1 1653090
1 859597
1 4014338
1 1060050
1 2396398
1 6468275
1 2235670
1 9259251
1 5679952
1 6974397
1 3315296
1 1067081
1 6345037
1 2280314
1 3303202
1 509691
1 9965725
1 6327492
1 4684341
1 6397640
1 9661191
1 1136637
1 9163682
1 1270968
1 9946732
1 9721736
1 2695233
1 5509
1 9539804
1 2198613
1 5189129
1 6769297
1 1744695
1 2985668
1 5494855
1 112420
1 3055412
1 6884973
1 2771976
1 1342950
1 6600570
1 2766200
1 4978449
1 3951143
1 620054
1 8798021
1 6571930
1 1560251
1 2073644
1 3074188
1 8818867
1 4357912
1 9271851
1 6904145
1 2085450
1 8754525
1 9979579
1 1383096
1 562205
1 9222486
1 7753272
1 3979953
1 4206498
1 9819206
1 863478
1 7670906
1 1922689
1 4532388
1 3100513
1 9312400
1 3690644
1 6839092
1 6190159
1 9199611
1 3959901
1 922145
1 1450030
1 3506937
1 2253359
1 4817939
1 4358771
1 6124121
1 840927
1 7967811
1 6819276
1 3898879
1 5039681
1 2436771
1 1129288
1 5936054
1 5528305
1 143235
1 4878994
1 6572708
1 510402
1 8560630
1 4494088
1 5869668
1 7162853
1 6884978
1 8001113
1 4337769
1 2294425
1 9354035
1 1339671
1 2777617
1 5364853
1 5192089
1 1486157
1 2303656
1 6450680
1 6582683
1 2698432
1 5190513
1 3132620
1 5091989
1 408538
1 1256338
1 3212252
1 1715664
1 169270
1 2596811
1 7915464
1 1992309
1 254546
1 2516587
1 4214771
1 9212383
1 7349241
1 9015583
1 9434979
1 7769480
1 5886416
1 7863922
1 4578978
1 5421648
1 1656221
1 7522079
1 2988174
1 1718937
1 927128
1 4543855
1 173170
1 8469674
1 6587599
1 9808338
1 6403978
1 3338713
1 611012
1 4857219
1 5899853
1 7889588
1 3252645
1 353916
1 6008397
1 3612208
1 1269735
1 7556676
1 3736757
1 4456752
1 6412807
1 4037364
1 8731045
1 4907237
1 4210798
1 9715185
1 1426687
1 2468726
1 40740
1 5944144
1 7240626
1 7457593
1 5345903
1 4669818
1 7378379
1 5469196
1 4761545
1 6179777
1 4087560
1 9116876
1 5644790
1 9536507
1 8662365
1 2834835
1 1157227
1 3159708
1 9328880
1 3771802
1 1322270
1 6027095
1 9582223
1 5937665
1 7465418
1 872043
1 82654
1 2764902
1 8516002
1 4832204
1 3271578
1 1771271
1 7705899
1 1143947
1 8539694
1 4132212
1 3170974
1 7422515
1 5931053
1 5029285
1 9114314
1 5082101
1 7823108
1 7714816
1 6239765
1 799720
1 6220471
1 2936531
1 9819236
1 6607461
1 3158459
1 8276034
1 3793253
1 5902033
1 3039686
1 776970
1 4620120
1 995522
1 4610929
1 8447033
1 7913967
1 974176
1 2733413
1 9927915
1 4162191
1 35108
1 8225120
1 452041
1 5088700
1 388355
1 354942
1 5626534
1 603270
1 7062276
1 6269785
1 9908155
1 6142452
1 5915643
1 6948379
1 5752531
1 1840472
1 8230986
1 6108093
1 4065537
1 7489184
1 7988669
1 9278022
1 3780026
1 7039231
1 4578860
1 499555
1 6670581
1 6355466
1 7569201
1 3060591
1 729596
1 1965717
1 8183670
1 847796
1 2953904
1 215519
1 1346542
1 9321474
1 6283853
1 9576956
1 7586107
1 9326280
1 6469994
1 1733698
1 5070561
1 6115080
1 4910166
1 2646779
1 3237955
1 2913130
1 2850141
1 6258430
1 8057626
1 3241295
1 7701530
1 9501828
1 5579546
1 8737233
1 611880
1 5659546
1 1777600
1 5185514
1 3370650
1 7170536
1 2772831
1 5356569
1 8236373
1 4246758
1 4060674
1 5245429
1 9535794
1 3835263
1 6623674
1 9780986
1 2497789
1 1954859
1 1043700
1 5317474
1 318483
1 9461437
1 516865
1 6230535
1 9570211
1 4500211
1 6146697
1 7701761
1 1265641
1 6500483
1 7763033
1 4271795
1 2289296
1 1833180
1 9604151
1 9544455
1 4887089
1 9888547
1 4825897
1 8995219
1 8336413
1 8600357
1 4070389
1 6861640
1 3381962
1 6617019
1 609210
1 8841459
1 234749
1 4897073
1 728443
1 5949160
1 3591799
1 7247890
1 5989404
1 8043740
1 3993806
1 6429304
1 9792200
1 3246503
1 1634467
1 3780369
1 6682513
1 8676183
1 4201429
1 1794949
1 7079772
1 4807740
1 554531
1 5447158
1 7651635
1 7634890
1 3821185
1 7169731
1 1686705
1 8592748
1 816233
1 2528343
1 639924
1 1216824
1 8882678
1 1993004
1 1429045
1 4453402
1 9730174
1 7710808
1 7693866
1 7077357
1 2840664
1 4707906
1 4032765
1 6767457
1 5302259
1 4914907
1 6494280
1 1408540
1 8951254
1 4193447
1 5790040
1 1314634
1 7704343
1 7559474
1 6969641
1 5236732
1 3957093
1 667815
1 5407238
1 7521026
1 4879924
1 6570048
1 534173
1 9527138
1 7463663
1 948133
1 6729064
1 4091674
1 5074030
1 9969866
1 1687913
1 7640134
1 3908795
1 9370907
1 7269928
1 8483748
1 3496214
1 2951665
1 426763
1 379097
1 4510232
1 5207392
1 7525659
1 3555283
1 3699755
1 4543431
1 2251105
1 8921821
1 3815928
1 5628301
1 2805402
1 2426728
1 1639218
1 5957144
1 5670866
1 1373135
1 6919002
1 3655189
1 1959622
1 3013919
1 1471929
1 4509309
1 1938918
1 3429743
1 9556598
1 3376225
1 9104565
1 8889243
1 9720555
1 5454978
1 8926296
1 611870
1 2544046
1 7358363
1 7561185
1 7434633
1 5451750
1 1923251
1 1851462
1 6789359
1 3533807
1 3635038
1 7991050
1 8418331
1 9993972
1 6496248
1 4728741
1 7362524
1 8447519
1 9511122
1 770934
1 197374
1 2577898
1 6293516
1 5953532
1 9017454
1 3822243
1 4319371
1 3541567
1 8767739
1 9672294
1 4176101
1 8231240
1 5065553
1 8752321
1 3270524
1 3745519
1 1386004
1 834646
1 5554204
1 3975550
1 3690354
1 5981690
1 113743
1 1286125
1 4604640
1 945723
1 3525578
1 8926835
1 1317387
1 7919682
1 8118245
1 7127274
1 3229175
1 2820389
1 6284813
1 8172854
1 6904238
1 6283128
1 9212378
1 6431601
1 5640494
1 751089
1 1650247
1 484685
1 3146070
1 7186204
1 136447
1 6572443
1 8197623
1 73672
1 5890579
1 1838757
1 2161183
1 2336225
1 2755899
1 2413288
1 489270
1 481853
1 5699088
1 5693578
1 9563993
1 7137910
1 6658345
1 2937802
1 1081584
1 6457008
1 9263319
1 2889358
1 2047879
1 1766763
1 7747408
1 4343084
1 9637845
1 4932259
1 2444519
1 5665238
1 2159846
1 7159659
1 7201946
1 7056022
1 4933636
1 6122641
1 9907601
1 8819984
1 8133254
1 7017158
1 7235558
1 2724960
1 1971354
1 9815293
1 5197182
1 1217950
1 3566932
1 5182441
1 9064997
1 862274
1 2872324
1 4317457
1 4607690
1 9103597
1 9411234
1 5397235
1 1363584
1 7396129
1 9442762
1 7633642
1 7223826
1 5693396
1 4572351
1 9717872
1 6880744
1 7953750
1 5340069
1 5612030
1 2375208
1 442483
1 3008686
1 3572623
1 2714682
1 3205437
1 8577888
1 7134581
1 637812
1 8379332
1 4098587
1 3491252
1 9856543
1 9414441
1 3819868
1 5258541
1 8983580
1 1908012
1 8652215
1 9674060
1 3171208
1 9011268
1 5909634
1 9993493
1 319938
1 7088058
1 4327965
1 1662115
1 3675471
1 792362
1 5639071
1 5567401
1 9453982
1 6700927
1 2691883
1 520133
1 9276224
1 2330335
1 1493214
1 8265831
1 407227
1 623226
1 9831450
1 7928663
1 5705005
1 5695967
1 8101501
1 2109577
1 8156487
1 6142634
1 9470025
1 2825406
1 8563949
1 9478957
1 8074511
1 5311026
1 6559144
1 6966733
1 408852
1 232351
1 8247779
1 2280284
1 8699832
1 7979708
1 8614446
1 5249128
1 9386013
1 6191364
1 3005647
1 370639
1 5747003
1 2429505
1 7853945
1 79682
1 4366533
1 8591932
1 4193319
1 6442100
1 7256524
1 783435
1 6203217
1 9481074
1 4714582
1 6159679
1 1189373
1 9472194
1 116218
1 9094822
1 2036647
1 2319748
1 8998791
1 6501614
1 2271184
1 1963952
1 1284622
1 5740313
1 2184427
1 2812353
1 7622299
1 22538
1 6956350
1 8758973
1 2388079
1 2792638
1 817800
1 4810654
1 1059980
1 4657040
1 5329214
1 3244889
1 7796655
1 7061653
1 4485122
1 2160582
1 26484
1 2635210
1 4339300
1 8872407
1 4522084
1 2563128
1 7233723
1 7788782
1 2312849
1 4535220
1 7365924
1 4161481
1 7913643
1 9859754
1 7770578
1 8230830
1 6011431
1 8507487
1 2766005
1 4378225
1 4803783
1 2557844
1 7852118
1 260337
1 4215209
1 1428638
1 5073333
1 6552196
1 3401601
1 5230364
1 9202854
1 7589155
1 7348815
1 353493
1 5800018
1 7261656
1 8592508
1 5742452
1 8789668
1 1770299
1 9626679
1 4452122
1 3538081
1 57325
1 916856
1 187000
1 4422060
1 1429297
1 2401175
1 6768717
1 8429754
1 2847892
1 8570495
1 9088730
1 845172
1 6198423
1 5468004
1 6794341
1 9683659
1 1167556
1 8934384
1 6053309
1 6958874
1 3088233
1 5839767
1 547315
1 4728317
1 1700179
1 3491558
1 2859249
1 8987509
1 8920231
1 5629867
1 7064493
1 7769694
1 2999176
1 9775467
1 6381076
1 5909604
1 2470003
1 8866027
1 7594659
1 3990302
1 2385320
1 7550111
1 7942125
1 3098338
1 939575
1 5497242
1 1334111
1 6453842
1 1038929
1 3370681
1 849008
1 8099326
1 2809373
1 9720549
1 3624639
1 6609314
1 1272422
1 2940729
1 13044
1 4744311
1 3826203
1 8013212
1 2698066
1 4144737
1 1486089
1 4553198
1 7251292
1 5660287
1 8734518
1 5607819
1 7706143
1 5094270
1 9620532
1 4913853
1 2138131
1 7508384
1 9617457
1 926887
1 4815904
1 6813929
1 1857392
1 5798549
1 5783193
1 2713979
1 5383349
1 2266360
1 7249394
1 8546330
1 2311899
1 808905
1 6745959
1 3575676
1 6697163
1 868334
1 4950065
1 8308364
1 585086
1 1453995
1 8487960
1 8176143
1 8178299
1 8470822
1 3072394
1 1010711
1 1153252
1 2019282
1 8832934
1 4387042
1 702193
1 5863802
1 2308829
1 3290178
1 2635214
1 7643353
1 2869799
1 1942808
1 5667859
1 9758342
1 3353314
1 5300134
1 5096395
1 3479744
1 4142937
1 2210517
1 9101206
1 2605769
1 3287221
1 6468487
1 2671262
1 4581720
1 8430932
1 3077877
1 3368895
1 6627696
1 4038721
1 7979561
1 43591
1 7559750
1 6710043
1 3860722
1 862994
1 287127
1 2724477
1 5138017
1 2115481
1 2772715
1 5535883
1 8634044
1 7214788
1 5698053
1 4483872
1 8013873
1 7037169
1 8733207
1 3693418
1 5185890
1 6113720
1 7314470
1 7923815
1 7094203
1 9915061
1 3765355
1 9472820
1 9851486
1 2910852
1 1057820
1 1302101
1 6295660
1 2218257
1 1029041
1 6462892
1 8919757
1 8909461
1 6234341
1 7602967
1 8561471
1 5194486
1 3865249
1 8714495
1 7116956
1 2503497
1 1526164
1 7544380
1 3816170
1 4198056
1 4919378
1 5772945
1 5358553
1 1746619
1 8923912
1 6724195
1 3817593
1 7717119
1 5322510
1 3086938
1 9563282
1 5918491
1 3849784
1 5771330
1 5646769
1 6642461
1 9858483
1 9493418
1 3881522
1 6385449
1 4766600
1 1225824
1 4449159
1 6168203
1 1871225
1 6720863
1 8346502
1 246379
1 2467614
1 8998120
1 7414517
1 9584215
1 7712783
1 7411195
1 7890836
1 363776
1 7371248
1 6311518
1 7025057
1 8829377
1 6178124
1 9781457
1 38878
1 9221801
1 7397388
1 1974778
1 4336432
1 6772668
1 5339498
1 2050575
1 2874464
1 6416681
1 7932962
1 7928510
1 280632
1 5221082
1 1896574
1 3234862
1 8689808
1 6867911
1 8578991
1 9647595
1 5431919
1 7482440
1 258801
1 7755569
1 6202173
1 5203727
1 695612
1 6338065
1 7790120
1 7359526
1 4363481
1 2794604
1 2097185
1 2420649
1 9104406
1 1592456
1 2175442
1 8735612
1 9639313
1 9438769
1 3703733
1 6346028
1 1214508
1 9319551
1 1975568
1 8453032
1 8290330
1 1352218
1 5825861
1 9591432
1 3471548
1 4463689
1 6124117
1 6023909
1 5447525
1 7809797
1 9493126
1 228906
1 7466506
1 103008
1 276704
1 2871066
1 6756834
1 7096998
1 741064
1 5856430
1 2061986
1 4116102
1 6490674
1 8021120
1 3167018
1 1824337
1 1745309
1 2645496
1 8068550
1 1919620
1 3060650
1 4782986
1 6121135
1 1513250
1 4957507
1 9420444
1 56291
1 6486213
1 4756724
1 8181599
1 7185279
1 9615309
1 8659768
1 2944726
1 5964374
1 2769097
1 5934781
1 7953092
1 9945698
1 5075822
1 6341858
1 1331413
1 8427556
1 3245235
1 6074502
1 7648020
1 8497537
1 7273029
1 2417990
1 1917704
1 3169073
1 3013786
1 5945792
1 6237794
1 2893974
1 2083201
1 1368427
1 3986166
1 2655241
1 7954226
1 602874
1 5736454
1 602487
1 3860791
1 5323279
1 7157730
1 8009599
1 4779297
1 8627658
1 4940210
1 8709741
1 8515408
1 4929692
1 6613291
1 938882
1 7016129
1 2455111
1 8577122
1 2068258
1 5208310
1 6702554
1 3958480
1 1909163
1 9607357
1 1927968
1 5519975
1 6124387
1 8118520
1 3553237
1 7142036
1 7342070
1 3451896
1 7604749
1 7749182
1 3842373
1 1861807
1 7772193
1 2872010
1 4029600
1 3416197
1 9713604
1 958208
1 9184923
1 5468594
1 9005713
1 3258410
1 4755232
1 2163536
1 7092362
1 5306222
1 5502785
1 6885154
1 1912503
1 978051
1 6592664
1 9859497
1 5713050
1 4658613
1 54880
1 9720837
1 5640102
1 8744699
1 6693505
1 8242517
1 3208239
1 9682469
1 1275768
1 2662339
1 527454
1 4585035
1 6072377
1 2315344
1 3160931
1 5588470
1 2722055
1 6845593
1 4920296
1 8972935
1 9082866
1 9824702
1 8275644
1 3477334
1 3823278
1 7185771
1 1325673
1 9574196
1 1465190
1 9406977
1 8515968
1 774118
1 1827489
1 980710
1 7379433
1 1822584
1 7980722
1 3675302
1 5313825
1 2318699
1 8963193
1 484534
1 1431019
1 7561404
1 3372361
1 1196986
1 9658762
1 1187107
1 9296267
1 6269129
1 2935148
1 2531060
1 9225746
1 8122932
1 4183787
1 2517706
1 3197758
1 2716305
1 5136888
1 8290732
1 5724162
1 474225
1 3396312
1 4333323
1 9540934
1 5350185
1 8665536
1 974050
1 8340331
1 2266950
1 296456
1 2409176
1 9406907
1 8108895
1 8308905
1 2560340
1 5990536
1 9218249
1 5740870
1 850135
1 7513369
1 538066
1 1010227
1 7143505
1 9455565
1 1540391
1 1145646
1 1932191
1 3792307
1 4219054
1 3172380
1 3691854
1 8218823
1 7745409
1 4905624
1 8053116
1 4041357
1 9091307
1 8059035
1 1121828
1 5030860
1 7377502
1 5784140
1 352607
1 8229157
1 2132286
1 8513424
1 756162
1 7301524
1 1852641
1 3063865
1 2508283
1 8713281
1 4038762
1 7519016
1 723348
1 9639667
1 4750977
1 3472888
1 7014826
1 163833
1 6513837
1 7997668
1 4480535
1 468968
1 6380772
1 7337227
1 3894606
1 4876824
1 6790736
1 5038321
1 1346350
1 56583
1 2532072
1 4162264
1 447087
1 2578307
1 1492014
1 4109215
1 1512868
1 8279265
1 7778103
1 1187746
1 6998165
1 449206
1 4317549
1 4791954
1 9379613
1 9282204
1 9639221
1 8759919
1 3938524
1 6034631
1 2624952
1 5325822
1 4648059
1 4522195
1 7835875
1 9320950
1 2814395
1 4604473
1 5623306
1 4924355
1 9560927
1 7041398
1 6104648
1 7320127
1 5779489
1 2008243
1 7121830
1 5820307
1 3233755
1 486439
1 9983947
1 8030811
1 5230339
1 5043282
1 3209904
1 8475553
1 7576108
1 1462489
1 370785
1 3315709
1 5129393
1 1402205
1 2172687
1 7813106
1 1589837
1 7713702
1 4961406
1 3063826
1 6030497
1 3962015
1 4146615
1 6370673
1 8636496
1 1256134
1 64046
1 7666290
1 3118303
1 5806974
1 6211288
1 6361879
1 4774785
1 6103645
1 9729501
1 5315719
1 2075467
1 1184693
1 4252306
1 4270011
1 4123298
1 8521349
1 6087412
1 8258842
1 3890078
1 3108530
1 7513865
1 8369982
1 2745
1 8606294
1 635695
1 9635340
1 6358637
1 9625409
1 3144703
1 1922671
1 4533945
1 9057249
1 4898690
1 8982779
1 4009073
1 1350557
1 8641328
1 1343925
1 3188531
1 3373069
1 5539787
1 3560108
1 1790000
1 769664
1 8977069
1 6511465
1 9439600
1 2858718
1 135942
1 814874
1 1389251
1 8523570
1 4555849
1 7795048
1 6979948
1 3609313
1 4311419
1 4821704
1 4723483
1 1164723
1 7880516
1 2419801
1 2877406
1 4355749
1 5500076
1 7539384
1 7738932
1 6478440
1 4381625
1 879508
1 6817500
1 5006112
1 7288017
1 6754609
1 8656138
1 369602
1 7001760
1 6244019
1 9272996
1 1505383
1 8383575
1 3744585
1 6517180
1 7905103
1 3333109
1 8902603
1 7709045
1 6898531
1 8731972
1 3017193
1 8334604
1 5855692
1 6092447
1 2051153
1 9125283
1 8219818
1 9062308
1 9439105
1 6432360
1 734901
1 8811466
1 8127183
1 1420494
1 8671067
1 5677674
1 5390481
1 1353799
1 1968241
1 108285
1 9150909
1 4870545
1 5185783
1 9892246
1 1828340
1 2557550
1 5534445
1 8083212
1 8418930
1 9692412
1 3301470
1 635714
1 7581776
1 7015760
1 8019328
1 3338975
1 5679028
1 867516
1 9113876
1 6027995
1 8315837
1 4433716
1 923981
1 1243668
1 7352295
1 2938582
1 53577
1 8059229
1 1901235
1 6049323
1 6404607
1 5213082
1 2439566
1 5197964
1 5874525
1 1239356
1 4956912
1 8492243
1 2870347
1 7384642
1 3646837
1 2844877
1 8979554
1 7752557
1 9560373
1 6496951
1 1558771
1 482450
1 4591767
1 6420431
1 8377032
1 900877
1 8290245
1 713929
1 7210988
1 122906
1 1281928
1 4972975
1 6230220
1 9710329
1 8176906
1 8327832
1 2184511
1 663522
1 5458893
1 9116519
1 1107027
1 8082541
1 1896692
1 1656866
1 3049034
1 5927937
1 4152034
1 9439320
1 3949390
1 3780552
1 6082086
1 3568373
1 9751216
1 713576
1 3120845
1 858924
1 4091851
1 1344830
1 3769982
1 5626818
1 3717743
1 4657355
1 4418407
1 5092621
1 2640639
1 2659213
1 9789780
1 9531984
1 6338476
1 7115114
1 8175716
1 5496039
1 2428865
1 9320474
1 8355125
1 7747762
1 4223755
1 3629938
1 6145125
1 2353716
1 2571536
1 1680876
1 2698595
1 6158652
1 9114920
1 7062309
1 9529155
1 1335713
1 8866098
1 3046158
1 7912035
1 1582133
1 8929364
1 922652
1 890745
1 7726910
1 4379140
1 5355515
1 3998535
1 9199162
1 8279267
1 6678059
1 6222528
1 6135094
1 5990881
1 2093585
1 5442067
1 4127234
1 408395
1 4447078
1 5925127
1 8481719
1 2721666
1 3744034
1 2601954
1 3817290
1 4065259
1 3660382
1 8645365
1 1759363
1 4538622
1 1047173
1 9809255
1 429621
1 127461
1 9561867
1 9168134
1 8502404
1 2899639
1 8491738
1 9125336
1 527876
1 1925647
1 5162693
1 2753905
1 2606314
1 4562950
1 5857030
1 8214500
1 6466852
1 720249
1 4176839
1 8215075
1 350342
1 6258447
1 9013349
1 3418555
1 6542138
1 5991784
1 5034929
1 6743303
1 996206
1 6568910
1 8861008
1 9501777
1 3007424
1 9680277
1 8685441
1 9252543
1 2557913
1 9635549
1 2517048
1 5550645
1 9265147
1 6529889
1 6917934
1 9087958
1 1567430
1 1334756
1 3260370
1 6422925
1 7231773
1 1851781
1 7836371
1 7534570
1 222458
1 115920
1 4071108
1 2145475
1 2630387
1 2728686
1 1222219
1 4221917
1 7709178
1 7470629
1 1024810
1 9404396
1 5136172
1 2715881
1 7866214
1 4782557
1 387263
1 6307220
1 1345787
1 5435415
1 3428413
1 3787129
1 9117109
1 7999966
1 2096304
1 3716331
1 6994851
1 8581949
1 3473400
1 6192844
1 6009637
1 1887491
1 8688661
1 7057506
1 44957
1 3293695
1 2871042
1 1431845
1 7668584
1 5125357
1 1848500
1 9679099
1 6267315
1 9682826
1 2395081
1 6119722
1 9497089
1 6218168
1 5667688
1 9418355
1 5277971
1 1257011
1 6895388
1 4185555
1 390195
1 1524985
1 8069398
1 2954919
1 1501188
1 2776624
1 943546
1 3777432
1 5454512
1 4779837
1 1683396
1 5734918
1 1090935
1 1124241
1 9573079
1 4968200
1 7472301
1 8347084
1 4367491
1 7055818
1 9530658
1 2915811
1 2233805
1 2558436
1 6443448
1 4537278
1 4554448
1 4367781
1 3399887
1 3460257
1 8202081
1 8620211
1 2380976
1 2544623
1 7452978
1 8797316
1 7961014
1 8336705
1 3304852
1 1154817
1 737425
1 7769822
1 8946195
1 8798824
1 7599275
1 7486543
1 215683
1 9396469
1 4297062
1 4904673
1 2858867
1 1732083
1 4560444
1 3982778
1 4521726
1 6072498
1 5017236
1 8325147
1 4436745
1 9034933
1 5496586
1 6328539
1 8837886
1 6516377
1 3103498
1 3022088
1 1493619
1 7735896
1 7198335
1 8501793
1 6511235
1 8437172
1 5200104
1 2017226
1 7149098
1 4492959
1 3948235
1 2847646
1 8871383
1 277739
1 8013847
1 8675415
1 2473330
1 3834692
1 7278085
1 9525257
1 7810231
1 4635033
1 4837515
1 8021366
1 3576317
1 6846360
1 7389045
1 6873766
1 7038670
1 1866770
1 5747782
1 9602345
1 849080
1 6886100
1 6015814
1 329325
1 7006966
1 8544544
1 585470
1 695348
1 5369129
1 9134472
1 6623543
1 9976961
1 2829184
1 3600473
1 9149042
1 8881502
1 4865911
1 1865123
1 6443120
1 9952806
1 2120919
1 1723140
1 5802140
1 2137185
1 9040965
1 6910106
1 5113119
1 9471499
1 3306622
1 9412744
1 7421605
1 5123042
1 5473468
1 2872000
1 2274791
1 7531923
1 8409119
1 1349906
1 4142424
1 1573848
1 2605497
1 2677512
1 1916373
1 4027312
1 9692680
1 4886614
1 1915888
1 216730
1 5907535
1 3989058
1 9025479
1 1153142
1 4905773
1 8616797
1 4237116
1 1673358
1 239257
1 1875985
1 1985130
1 9934053
1 5741392
1 6661860
1 5559748
1 4333223
1 7884830
1 1156531
1 2341594
1 2419505
1 6777917
1 6136719
1 1518033
1 7871187
1 5777395
1 7924896
1 7730782
1 8271747
1 2746788
1 7965611
1 4907409
1 7689004
1 3445892
1 6544665
1 8655334
1 2093163
1 6117962
1 9202053
1 5806611
1 9423894
1 4121934
1 7453199
1 5106432
1 5151833
1 4490246
1 3695200
1 2921845
1 6275219
1 1320441
1 4098219
1 692677
1 4120746
1 9003832
1 3765074
1 6219761
1 192776
1 5875198
1 4811371
1 5390989
1 8091353
1 1530812
1 3859536
1 7754658
1 5499985
1 2704661
1 9484162
1 9812000
1 1254358
1 4385826
1 4734665
1 6513239
1 1757916
1 2931428
1 1065838
1 8924386
1 9354524
1 1484191
1 788749
1 3552070
1 8165617
1 5713781
1 9810498
1 1569717
1 2720444
1 1874539
1 6923721
1 5935024
1 6404594
1 7319514
1 5519441
1 9188020
1 8278314
1 7887413
1 7572222
1 7245377
1 9932350
1 1734887
1 4141439
1 3106472
1 3607202
1 5482704
1 360274
1 2405130
1 7901453
1 556026
1 7235128
1 4241354
1 6952706
1 5714786
1 7984076
1 7273692
1 3667485
1 6869532
1 7968834
1 639620
1 7197937
1 2802430
1 5105924
1 9873547
1 5059331
1 4308118
1 1238481
1 8456134
1 5906007
1 1615776
1 4675079
1 5235576
1 9326101
1 293283
1 9183989
1 223336
1 5608248
1 6353042
1 9483726
1 7069350
1 5062554
1 5961033
1 3068620
1 1653514
1 8086480
1 1347401
1 8174492
1 3980662
1 9465073
1 3018691
1 2103202
1 69300
1 3842877
1 4389100
1 2493205
1 8661642
1 1248110
1 2250296
1 8752680
1 3611787
1 5832383
1 4273708
1 1290698
1 2664732
1 8800286
1 1750298
1 3658709
1 166897
1 8418
1 253371
1 2960972
1 78023
1 4595531
1 6397173
1 3119951
1 6343645
1 361966
1 3674623
1 3209536
1 7017460
1 2664341
1 1262746
1 6300815
1 5866610
1 9461565
1 1627684
1 3230731
1 3693876
1 620594
1 3529019
1 1395074
1 780613
1 2096790
1 8050186
1 5833367
1 1656673
1 1172892
1 4991630
1 266318
1 5860579
1 4622208
1 2261233
1 3848984
1 7057401
1 7016355
1 9453634
1 9683646
1 5791377
1 4935479
1 1835585
1 9202134
1 6372139
1 417910
1 5985712
1 8746163
1 130006
1 4797481
1 8393802
1 1674483
1 3744744
1 7788386
1 1113331
1 8565424
1 1858987
1 4055623
1 2966402
1 6851835
1 8810525
1 529765
1 557858
1 1416450
1 8051297
1 5019067
1 6915666
1 5372243
1 7296685
1 5133480
1 8535197
1 1807694
1 184119
1 4195536
1 6175366
1 2016292
1 5452598
1 2505726
1 9107604
1 8194255
1 3304824
1 750392
1 7086943
1 8248517
1 3199928
1 8586752
1 2448164
1 585490
1 2467686
1 5985964
1 5479099
1 8762533
1 3422412
1 9255925
1 3124160
1 1154810
1 6532868
1 8987135
1 9376559
1 2424412
1 8659277
1 8719581
1 7592745
1 6634359
1 9662216
1 1465592
1 9720925
1 2557647
1 5239333
1 5571133
1 2015848
1 7708967
1 1393180
1 876391
1 9509846
1 6439880
1 1311950
1 7505171
1 4926245
1 3474469
1 3311431
1 8870405
1 9124826
1 4535288
1 7590787
1 4558777
1 4485334
1 1533654
1 1898574
1 1204766
1 9787352
1 5782478
1 8064928
1 1022368
1 7585603
1 9002114
1 1879282
1 4655704
1 6325664
1 2768857
1 5868178
1 49754
1 855532
1 5737888
1 8316284
1 2168576
1 7188007
1 378049
1 526409
1 3547345
1 1082221
1 4069767
1 5001513
1 3849969
1 8549265
1 3177138
1 7566301
1 1656383
1 5672813
1 222934
1 8900956
1 1873355
1 7977837
1 6821402
1 523935
1 5519979
1 2166143
1 2798795
1 3053447
1 1903334
1 3734114
1 7553704
1 119699
1 5800636
1 6951920
1 8264484
1 6233278
1 504300
1 9460041
1 5315783
1 4036575
1 3373284
1 6927981
1 50773
1 7278619
1 6483946
1 2266106
1 1925128
1 8575354
1 4801184
1 5759713
1 2815124
1 3062341
1 3185396
1 7911887
1 9078483
1 5237289
1 2336464
1 9745314
1 3839981
1 882324
1 6176473
1 6580113
1 460761
1 2764579
1 1727091
1 9074323
1 4140883
1 4429347
1 9918590
1 5305445
1 334118
1 6200546
1 2170356
1 3345882
1 3628632
1 8372828
1 3972619
1 7330114
1 945895
1 6840372
1 7394105
1 8781126
1 3490362
1 4218585
1 8022915
1 1400247
1 9721432
1 5881582
1 2329642
1 7579190
1 635142
1 1653760
1 3544607
1 8034169
1 5502971
1 8507333
1 9304057
1 1851505
1 8671397
1 4351480
1 2023551
1 8321881
1 8910470
1 5441631
1 9252827
1 9885112
1 7291887
1 5301813
1 3813064
1 1193458
1 6100125
1 582019
1 2384355
1 3633600
1 471405
1 7576211
1 5968495
1 9757478
1 7978381
1 4607684
1 1091029
1 2946334
1 9530428
1 2709541
1 285046
1 6718351
1 7056197
1 2307413
1 9837316
1 1010187
1 7144137
1 5074447
1 9316465
1 1590491
1 3282477
1 7686691
1 1895620
1 9501739
1 9281343
1 192713
1 2564442
1 9347780
1 9693888
1 6994104
1 1203836
1 2992223
1 2524202
1 2786882
1 390350
1 827998
1 6091931
1 3381668
1 3349205
1 5620530
1 347247
1 9415252
1 4248213
1 2516262
1 1771480
1 9400716
1 5417859
1 8840618
1 7691011
1 7507395
1 5724435
1 3131798
1 2307
1 9705492
1 8690065
1 7102261
1 6483784
1 6045185
1 1905250
1 2129040
1 3904641
1 452578
1 5493394
1 1726
1 8825058
1 1114461
1 9390083
1 4717846
1 7266900
1 8092045
1 9420638
1 8218610
1 7294708
1 3783514
1 9550870
1 1651579
1 4189423
1 2044814
1 9190336
1 2592483
1 2875270
1 8246292
1 921383
1 3613396
1 6438403
1 5820496
1 3086145
1 8293685
1 9822604
1 5046155
1 9260149
1 1829537
1 5995140
1 2320347
1 5141198
1 4423314
1 1623401
1 3216588
1 3822499
1 6241647
1 1821009
1 8633905
1 4400761
1 7659775
1 4697177
1 6036133
1 5097340
1 4520254
1 3641958
1 2642667
1 8972880
1 3807926
1 2550063
1 4606261
1 6336528
1 1219437
1 520195
1 7598115
1 7983183
1 8037383
1 9972250
1 2950592
1 148953
1 7102674
1 2586683
1 9535210
1 8949723
1 446941
1 9980932
1 6781340
1 1942209
1 1570611
1 2581412
1 9632886
1 2203649
1 4662020
1 238235
1 4977473
1 195431
1 654942
1 1328537
1 2734908
1 497355
1 6688494
1 3839035
1 4154763
1 3160991
1 3070560
1 5087907
1 3688958
1 629170
1 7975508
1 4199592
1 4317761
1 7715916
1 7207138
1 631705
1 3339520
1 8213652
1 1950165
1 9333355
1 5872292
1 5614824
1 409375
1 8477622
1 4801964
1 9565875
1 1369369
1 9633924
1 931511
1 7570096
1 7769254
1 7783930
1 2017621
1 4455120
1 1426425
1 7190383
1 6811770
1 1788260
1 9818767
1 5347284
1 9360829
1 2638922
1 1699190
1 6418843
1 8147212
1 1655430
1 347927
1 7529266
1 8409445
1 9001761
1 921059
1 3968903
1 4154417
1 8655721
1 606229
1 5656585
1 9167542
1 393731
1 3932622
1 5370266
1 8751478
1 6122835
1 424947
1 381256
1 874748
1 9545617
1 1031032
1 370991
1 9279812
1 1730580
1 2771503
1 18432
1 110419
1 4900583
1 449193
1 4149855
1 9964415
1 6633595
1 2905303
1 4873651
1 1560317
1 2696855
1 3702473
1 7882083
1 7063591
1 3243602
1 9839164
1 8522391
1 1196887
1 4197934
1 6641548
1 4333639
1 2324425
1 5125764
1 8990255
1 8567718
1 2261130
1 7649906
1 8303957
1 1156341
1 8046435
1 5666654
1 7381255
1 3485669
1 3021610
1 647543
1 7737029
1 2927799
1 5251217
1 448544
1 9861346
1 4753442
1 751606
1 5140723
1 8171579
1 4349187
1 3771491
1 6650648
1 3827849
1 4920691
1 8461900
1 4250157
1 2050724
1 1784533
1 9548434
1 287015
1 8900646
1 347946
1 6776874
1 3413267
1 625754
1 4426557
1 3508585
1 5558901
1 9173763
1 781157
1 5956402
1 5818487
1 5562425
1 2851340
1 7543610
1 4642626
1 766822
1 7817490
1 8362444
1 64726
1 2825714
1 3442358
1 3915128
1 1884856
1 1459829
1 4409667
1 9884298
1 4351288
1 5556135
1 3567498
1 3711733
1 8432341
1 9304716
1 8596918
1 6306316
1 5685008
1 9067632
1 2222887
1 7043875
1 2941998
1 203632
1 5013977
1 1973269
1 9299026
1 9502130
1 7466848
1 5684717
1 2874204
1 1167202
1 5902749
1 5612800
1 6260969
1 801725
1 3764341
1 668957
1 7214033
1 1124097
1 4818359
1 7108046
1 6450616
1 5389243
1 9797073
1 809163
1 7312060
1 5927358
1 1285290
1 4577811
1 2187919
1 8880732
1 4991624
1 3633091
1 6121426
1 5588115
1 9527986
1 7549099
1 5586976
1 2911129
1 7790556
1 9526189
1 5787196
1 1469630
1 3290887
1 7546008
1 8046701
1 7186253
1 8911788
1 9078148
1 1769175
1 1925620
1 2590641
1 5718665
1 7439965
1 6881266
1 6744326
1 3334641
1 2829801
1 3252023
1 2615269
1 4415490
1 4989912
1 2073940
1 2156649
1 5197780
1 5660945
1 2301545
1 4045105
1 2759417
1 7546734
1 2448721
1 5978267
1 3810177
1 8385792
1 3744983
1 4197318
1 1180884
1 3485129
1 2813098
1 4128454
1 6602158
1 3722174
1 3189309
1 7211953
1 5600575
1 2892799
1 1411318
1 530072
1 273931
1 7682173
1 8485592
1 7916339
1 4015391
1 9247641
1 7603048
1 9239530
1 1576811
1 7534051
1 210138
1 2071736
1 3917767
1 4949952
1 7496442
1 5135562
1 7431643
1 9415221
1 1816458
1 1133626
1 7726695
1 7418303
1 6862470
1 6939540
1 8669649
1 4131450
1 6985436
1 5131545
1 9058628
1 36939
1 4138353
1 4654110
1 2381996
1 7632337
1 7717846
1 3250171
1 6115783
1 3871640
1 5853439
1 3340045
1 1050311
1 5815538
1 4351624
1 9029306
1 3726362
1 2364505
1 2975744
1 2480944
1 731401
1 9149282
1 8663169
1 836401
1 9509295
1 7086739
1 9689455
1 5860077
1 8954791
1 7246173
1 1879180
1 2152020
1 14054
1 8203745
1 3933807
1 8589165
1 7844394
1 5532372
1 7225349
1 7596477
1 6573180
1 7041072
1 783568
1 6677495
1 8857789
1 8603737
1 2448372
1 6535572
1 5609209
1 8103845
1 9262055
1 8094686
1 3355739
1 31479
1 9416330
1 4465545
1 5200167
1 2926310
1 6307168
1 1039727
1 8004636
1 8930800
1 9741149
1 5180556
1 7559729
1 5524417
1 2486526
1 179658
1 8054124
1 8869516
1 1087648
1 6681076
1 5592944
1 328815
1 7448286
1 184190
1 5996503
1 5920732
1 5296570
1 844889
1 8701409
1 8802547
1 1416778
1 6538911
1 7317530
1 6881906
1 4982908
1 3364033
1 1355191
1 4207593
1 6455378
1 7011063
1 830590
1 4881401
1 3507422
1 9707550
1 4265054
1 5648057
1 9673858
1 6730361
1 1327920
1 8175102
1 8272532
1 6207684
1 4795424
1 5983464
1 8358914
1 2532178
1 5909070
1 5818525
1 6338344
1 3148337
1 1913385
1 1715627
1 6625163
1 5062998
1 3864822
1 6293944
1 4806879
1 5865286
1 2915671
1 4176452
1 7038760
1 6240371
1 5603320
1 7513668
1 7402022
1 7468724
1 9597937
1 8335906
1 2080938
1 6654786
1 8333921
1 4102570
1 6745044
1 4884137
1 9613902
1 4175603
1 4706551
1 7976455
1 789770
1 196080
1 7004837
1 1416513
1 1249271
1 8159099
1 6457844
1 5490312
1 6605092
1 5953756
1 9634112
1 6151331
1 621126
1 5289584
1 3493408
1 2925929
1 2817680
1 6660566
1 8087504
1 351005
1 3194340
1 6875561
1 7778238
1 3945780
1 1708999
1 3694561
1 6885842
1 186037
1 8730063
1 4294390
1 6202399
1 5746567
1 7690205
1 8987054
1 9538148
1 6164807
1 6752249
1 1648251
1 9519233
1 4385845
1 1938239
1 2538613
1 227999
1 9873018
1 8055037
1 3571911
1 1679780
1 9945923
1 5228033
1 9295514
1 2702987
1 3371467
1 647177
1 3591554
1 3387316
1 3978719
1 8570590
1 7169003
1 9075407
1 7313030
1 7505046
1 5362863
1 3569822
1 7744290
1 2747744
1 7663840
1 1698641
1 1215280
1 7223838
1 3328618
1 4634277
1 5190726
1 9485125
1 2538796
1 1357117
1 516333
1 3275914
1 1001235
1 9218651
1 1035239
1 820836
1 5520880
1 8226521
1 1711856
1 6929805
1 9139801
1 5265174
1 6290304
1 4376173
1 9117349
1 7554749
1 3926079
1 8479551
1 798327
1 9213207
1 1135198
1 5836878
1 3686807
1 5389797
1 688352
1 4560838
1 1117785
1 782133
1 4382849
1 6321159
1 4171261
1 2802907
1 9648173
1 975788
1 38034
1 5272374
1 679798
1 357154
1 1056383
1 8617266
1 3671324
1 4356164
1 4461506
1 4421506
1 5101811
1 6988555
1 6925307
1 7322673
1 1990961
1 3238471
1 5131910
1 1381780
1 1822333
1 3329085
1 7588485
1 8779206
1 7742857
1 4034601
1 902404
1 1348446
1 3727711
1 963522
1 9695022
1 2507460
1 9563382
1 9876677
1 4386950
1 5011324
1 1609309
1 5777451
1 1389972
1 9525999
1 6268317
1 3581954
1 7743029
1 5493524
1 9449119
1 6252052
1 3476193
1 131621
1 4959294
1 2892292
1 6579542
1 9035151
1 198188
1 4641794
1 9899991
1 7964304
1 7026382
1 6429633
1 5565339
1 2611159
1 8338373
1 8381664
1 2524017
1 991599
1 9323851
1 5532250
1 1279563
1 4054397
1 5905703
1 3651637
1 4606146
1 331165
1 1833058
1 5956605
1 9171191
1 8569192
1 144937
1 3410587
1 1747033
1 5284002
1 3903973
1 9376908
1 7485647
1 8882203
1 2540593
1 1348911
1 1916911
1 2168273
1 3809431
1 405376
1 697720
1 942214
1 3569715
1 7457652
1 8427824
1 6337986
1 9762628
1 7768
1 2496527
1 1304102
1 4432718
1 3595710
1 4541344
1 8961654
1 5668966
1 3973483
1 1534334
1 532328
1 935572
1 5347168
1 9774237
1 8710365
1 667435
1 994295
1 9191082
1 3446219
1 1184008
1 5609890
1 1511100
1 3989183
1 6264434
1 3714476
1 7292824
1 6088620
1 4589823
1 1697580
1 4763167
1 3309239
1 9637142
1 5504793
1 5670461
1 6264938
1 2951368
1 1869427
1 3878162
1 3036883
1 2430459
1 7827511
1 7542251
1 3226086
1 9635730
1 4982748
1 2917900
1 3660607
1 4721804
1 1860558
1 9891129
1 5759473
1 5806164
1 1642394
1 565804
1 710156
1 3113044
1 5789453
1 8428865
1 4043514
1 8259861
1 7956189
1 6241402
1 7010489
1 8273995
1 5711240
1 6211017
1 7371185
1 505830
1 2099001
1 6003817
1 1250082
1 9964795
1 4732317
1 9077314
1 1358279
1 6324951
1 3964762
1 315244
1 2904968
1 1480842
1 5569825
1 9191517
1 9190987
1 5180595
1 2961501
1 7964538
1 7752182
1 1259479
1 8157707
1 9808442
1 5374822
1 3965288
1 124713
1 669588
1 69439
1 8680165
1 4979328
1 9589362
1 3082161
1 5039579
1 5759444
1 9856331
1 935019
1 3449224
1 3663848
1 5519791
1 9787778
1 4620845
1 77293
1 8411569
1 2340852
1 5863613
1 7521711
1 8259659
1 1552960
1 7384675
1 6521262
1 7084664
1 5575327
1 9599822
1 5270738
1 8201081
1 1610942
1 4188602
1 3559101
1 5601518
1 5760500
1 8738870
1 902921
1 2253
1 1213767
1 3770520
1 1154050
1 5984589
1 1429899
1 6015638
1 6747087
1 8986561
1 5176693
1 8852230
1 4191021
1 7647770
1 4766253
1 9088413
1 9117529
1 4928495
1 4695803
1 8425437
1 7944151
1 1991743
1 5878643
1 3197477
1 6561424
1 1139145
1 6127767
1 8137702
1 4085834
1 6253889
1 8807990
1 979094
1 2505322
1 1308538
1 807695
1 8909502
1 5777243
1 4869775
1 7775941
1 9783104
1 2246513
1 7913992
1 9907554
1 8590999
1 4602760
1 8981552
1 7638977
1 5342014
1 6289173
1 5703184
1 8677633
1 1170435
1 2356344
1 2763473
1 9284402
1 2811135
1 5581879
1 1157634
1 3107575
1 2615986
1 7359427
1 629034
1 4585484
1 6944481
1 5731465
1 9573997
1 4274660
1 1746835
1 3858992
1 6469836
1 7123799
1 4358492
1 5722080
1 5457094
1 4199434
1 8037551
1 8488320
1 347767
1 2693367
1 5789559
1 613101
1 7351181
1 8887047
1 9671151
1 8053575
1 7109045
1 295323
1 553733
1 6087902
1 8300949
1 2868340
1 705068
1 3267542
1 2751360
1 8403616
1 7017060
1 5199042
1 6134118
1 2147084
1 4512920
1 3798087
1 6341412
1 5054619
1 3608158
1 4427147
1 1685318
1 676286
1 5359497
1 1006039
1 4998238
1 675380
1 2015218
1 2581994
1 726138
1 6992367
1 9497008
1 2799558
1 6070590
1 8207905
1 1272645
1 5650726
1 7091132
1 2527353
1 4405549
1 5834265
1 6024354
1 6959432
1 7584455
1 3689390
1 7202830
1 7267086
1 8536299
1 1336041
1 1941307
1 8359639
1 4485885
1 8931693
1 8006255
1 3096618
1 8557482
1 6315164
1 825426
1 8304354
1 4416973
1 1345577
1 1837970
1 3847429
1 7816771
1 5276856
1 2276702
1 8730722
1 4060473
1 9681988
1 207257
1 769757
1 5116029
1 7749168
1 6966282
1 5869288
1 9870614
1 4534282
1 819025
1 4920363
1 5958858
1 4285983
1 592991
1 2131461
1 5632583
1 2003695
1 4267044
1 8058456
1 5109128
1 7980225
1 2109492
1 4577252
1 7393023
1 156608
1 7455824
1 9825007
1 438541
1 9161589
1 1396539
1 3165788
1 3048183
1 4623332
1 5263500
1 82079
1 9338776
1 7795862
1 6837550
1 195462
1 2080596
1 109757
1 3666142
1 5839985
1 6293441
1 9131596
1 9726783
1 5196511
1 6323011
1 4037434
1 4919440
1 1166429
1 897010
1 2365823
1 4071911
1 1704122
1 8620422
1 3318884
1 4372066
1 8946421
1 4527265
1 4175880
1 553450
1 3643387
1 3034983
1 1435238
1 8897996
1 1144670
1 8086502
1 7722250
1 5709402
1 8097385
1 9255224
1 1689118
1 7796597
1 4584639
1 6402684
1 4791951
1 9931161
1 2042663
1 6313932
1 2860299
1 8766068
1 8811859
1 6497556
1 4463950
1 1356991
1 9308307
1 5876583
1 660456
1 8165290
1 4054113
1 6641002
1 7311806
1 4667826
1 9256094
1 1912699
1 2733646
1 3530541
1 8426606
1 7775201
1 4405233
1 5997578
1 2568355
1 8025079
1 8148768
1 6692301
1 2517845
1 8649061
1 7529476
1 2130131
1 5222132
1 317794
1 9054339
1 3473128
1 4469138
1 7006376
1 5901508
1 6863221
1 5322788
1 2359084
1 3711965
1 426153
1 2463736
1 7593052
1 3347998
1 2925218
1 5413398
1 9994344
1 7902928
1 708250
1 7433228
1 1214215
1 4476113
1 543283
1 4379002
1 7609262
1 2002074
1 313246
1 6683617
1 2668220
1 3084927
1 2218428
1 432314
1 9765529
1 6581472
1 1502078
1 3062595
1 2142125
1 8884183
1 5638137
1 5373710
1 6724289
1 5218974
1 966198
1 882833
1 5779953
1 5421587
1 5590044
1 2758343
1 5691812
1 7939744
1 6145129
1 5380366
1 2543852
1 2355511
1 4203634
1 8956494
1 6410825
1 3685230
1 1730359
1 1857242
1 3768931
1 9659203
1 4004952
1 7554558
1 120035
1 167103
1 6913376
1 9140762
1 3186455
1 9424295
1 1730569
1 5054969
1 9115804
1 4985521
1 3736748
1 1654804
1 7430981
1 5046706
1 1746316
1 5889328
1 60578
1 576797
1 1126046
1 1017669
1 1151195
1 572063
1 8584
1 5299985
1 9526564
1 4163431
1 2603980
1 5361869
1 3962967
1 5788415
1 2248784
1 7439398
1 6698909
1 4825882
1 9770928
1 2912343
1 5043164
1 3720830
1 7321163
1 5322596
1 747191
1 258244
1 7953274
1 9515997
1 5037981
1 2098243
1 1726330
1 8003893
1 2236915
1 9102008
1 9742338
1 6889783
1 789728
1 8018114
1 5194373
1 8090889
1 9421179
1 9599021
1 229342
1 8254683
1 4374820
1 7826379
1 6645063
1 6413705
1 9665339
1 6104701
1 1417992
1 9674237
1 5252651
1 4256285
1 5149373
1 235800
1 5427937
1 7373535
1 3461791
1 6699389
1 4611634
1 5589723
1 5723322
1 1116153
1 6446688
1 2038812
1 3331552
1 4996823
1 9906825
1 4825027
1 2936793
1 1396550
1 3741367
1 7358040
1 3869389
1 1755071
1 7676081
1 4263508
1 6492572
1 7472954
1 5609187
1 9361671
1 9008951
1 4304955
1 8541856
1 1583506
1 2626822
1 7072319
1 5060400
1 5697841
1 927775
1 9365620
1 7798132
1 8811343
1 5335069
1 2449040
1 7176523
1 2422197
1 3202490
1 8436074
1 5988128
1 1794230
1 4744745
1 5019380
1 4787659
1 711052
1 8493022
1 3570379
1 5596547
1 7013001
1 1036747
1 3765577
1 3347900
1 9334739
1 1499192
1 928682
1 5962624
1 8048403
1 4169795
1 1135358
1 1136329
1 7275205
1 467603
1 4046721
1 8499942
1 2764579
1 9117198
1 395811
1 599180
1 5361147
1 5759074
1 3503512
1 4693179
1 1331260
1 8816559
1 9200902
1 9954629
1 6123025
1 5554631
1 1046308
1 5644542
1 8197800
1 454565
1 182768
1 3187651
1 413787
1 4253722
1 9212217
1 4013423
1 89552
1 7575030
1 4567133
1 302575
1 1239216
1 8650173
1 4567866
1 4046139
1 9805138
1 1689565
1 9858362
1 784370
1 5283240
1 2948530
1 1698475
1 6046959
1 7454219
1 7190857
1 6936979
1 8155731
1 200799
1 708282
1 6175052
1 8446908
1 3402783
1 4841085
1 7820447
1 4352547
1 4578699
1 1370192
1 5810450
1 4318289
1 9070281
1 3603024
1 300990
1 1749869
1 5377477
1 8000877
1 7410683
1 4114684
1 7948275
1 5839128
1 5015670
1 7806282
1 3781245
1 8878249
1 4186958
1 4774509
1 7150539
1 5164887
1 9278337
1 5268682
1 6404445
1 6545666
1 6271777
1 6221221
1 9865810
1 2099332
1 3468222
1 7705891
1 2096036
1 2276387
1 8856716
1 9882769
1 4146477
1 6818795
1 313517
1 2555334
1 7518959
1 3969938
1 1973785
1 6718694
1 4613398
1 2038529
1 7420239
1 959444
1 1108728
1 1544173
1 581655
1 9194209
1 3206891
1 6579129
1 4330447
1 5933009
1 8505117
1 5766953
1 3426619
1 960853
1 2796984
1 8736264
1 8970388
1 9980048
1 8333771
1 9092484
1 6343347
1 917355
1 6096173
1 3635576
1 1000428
1 1320540
1 5635658
1 1211254
1 8131985
1 1747860
1 8641556
1 4174372
1 4580239
1 4103355
1 3493864
1 7289452
1 2022156
1 5964463
1 2894870
1 1354241
1 6765557
1 6399494
1 3755675
1 4969684
1 2119307
1 6251347
1 7573860
1 8932070
1 2715143
1 5728027
1 6799567
1 215226
1 2537916
1 1125514
1 1410963
1 4425089
1 8192879
1 1183821
1 8894830
1 2889652
1 8027784
1 7040769
1 9834220
1 7042164
1 2729749
1 1928402
1 6744310
1 7706961
1 5094264
1 86670
1 5040011
1 9494356
1 2995038
1 3331537
1 3253120
1 9676254
1 5410371
1 2279605
1 345782
1 4931582
1 7534105
1 7095249
1 7561600
1 5327403
1 1642588
1 609867
1 5923329
1 1595667
1 1874856
1 4788741
1 2711351
1 4484048
1 5598599
1 8140072
1 3122373
1 9600527
1 3135936
1 4381354
1 7186913
1 1314741
1 6328140
1 3439303
1 7910206
1 4242451
1 7750462
1 3424628
1 2612535
1 72634
1 245329
1 3830468
1 7129288
1 4831231
1 3946074
1 1324362
1 3858694
1 8070304
1 2937838
1 5000481
1 5628353
1 4127470
1 4681059
1 6532297
1 4424519
1 1930027
1 6334324
1 3239257
1 5180682
1 1196213
1 9472207
1 7893874
1 9409271
1 7389947
1 9013904
1 3561363
1 785700
1 8941002
1 1914081
1 9386071
1 6754857
1 3919288
1 4186857
1 7460469
1 1542828
1 1988621
1 9050724
1 5199691
1 4289518
1 1734835
1 5691567
1 2692696
1 8921889
1 8899591
1 8712797
1 7619541
1 9561466
1 4985074
1 7416822
1 7309427
1 9992942
1 6430507
1 8680725
1 7726574
1 1387737
1 8878557
1 1312026
1 2106753
1 5964214
1 2893029
1 6545943
1 672543
1 5076388
1 9554328
1 956363
1 3389387
1 3341858
1 2363073
1 101826
1 3530416
1 3901265
1 9114158
1 706876
1 8845607
1 1537247
1 9977272
1 56094
1 2435858
1 3132792
1 6352597
1 6195736
1 460192
1 3190291
1 7662983
1 1579752
1 5671902
1 8994799
1 2806354
1 925623
1 5177162
1 5596458
1 8849340
1 7574948
1 6490426
1 9382981
1 4623160
1 3697756
1 776953
1 6853456
1 7225523
1 6377283
1 2111344
1 3342821
1 1141954
1 9082981
1 287819
1 894910
1 346634
1 5850108
1 1421122
1 2579554
1 4711358
1 4716973
1 5527671
1 8075124
1 504924
1 45669
1 2974214
1 2756483
1 2163561
1 7750559
1 462008
1 9526712
1 3204081
1 9628868
1 8834026
1 5977791
1 9933285
1 4081233
1 2053769
1 1744526
1 1363569
1 8033321
1 7805859
1 8998243
1 8614629
1 320866
1 4381631
1 168223
1 5889962
1 8703690
1 248661
1 8336210
1 1674219
1 6226356
1 7121415
1 279253
1 210608
1 1231366
1 3311298
1 9453048
1 1183599
1 3678355
1 4176423
1 7316688
1 637863
1 7821991
1 7526152
1 9336715
1 2614178
1 193934
1 4951638
1 646064
1 7497739
1 7381717
1 3408368
1 8501105
1 1219476
1 6259953
1 7255672
1 6279418
1 1559112
1 8151656
1 2433875
1 8217666
1 476259
1 7448178
1 7892206
1 3916526
1 5236881
1 1423366
1 2563872
1 7434704
1 2150088
1 4493161
1 9286240
1 3017355
1 1039652
1 4710069
1 8263316
1 9171612
1 6873461
1 3224172
1 3305392
1 6608418
1 9863467
1 4676565
1 1907705
1 1575233
1 7710348
1 955262
1 2427855
1 6878227
1 3856603
1 8019196
1 3268533
1 3727446
1 7274539
1 8338310
1 9846564
1 2251817
1 5167836
1 3279598
1 6947788
1 9748426
1 3730926
1 6772919
1 1551661
1 6731238
1 3549998
1 7611627
1 3203523
1 1997007
1 4874563
1 7170122
1 7070563
1 6677322
1 5723756
1 8358204
1 4973237
1 8421401
1 9814118
1 5445460
1 6039776
1 1182962
1 4010171
1 2000861
1 2952072
1 801976
1 3673032
1 7575410
1 7137373
1 437171
1 8221454
1 1199272
1 7992011
1 3053679
1 9953126
1 2017430
1 405715
1 141043
1 932227
1 6081594
1 6530987
1 6828101
1 684879
1 5415286
1 561888
1 8996051
1 3585395
1 7580993
1 9600750
1 5304717
1 7165432
1 8270288
1 7338030
1 1764340
1 7990453
1 5434137
1 3919276
1 1854228
1 4254301
1 4907864
1 7356491
1 2480022
1 3476446
1 8210965
1 4764650
1 4177216
1 3509363
1 5774687
1 6905166
1 4160965
1 4405159
1 4995843
1 7800944
1 5545261
1 8597712
1 3353120
1 5856068
1 3190121
1 7961867
1 7138599
1 7480200
1 9061875
1 7377742
1 2080351
1 9936624
1 7046892
1 1366200
1 6504545
1 7868373
1 4595202
1 6513473
1 9878265
1 9121309
1 9839879
1 1476470
1 1538982
1 8942928
1 2610667
1 2805949
1 6599394
1 5707164
1 3222822
1 2959169
1 1200646
1 1403647
1 1957542
1 4103703
1 1246937
1 7263483
1 1916003
1 6392358
1 9893876
1 4871686
1 8132607
1 112870
1 2507566
1 5452573
1 3335933
1 4246398
1 6852760
1 5145418
1 6124063
1 7596086
1 9044432
1 2551015
1 3746861
1 5342788
1 3394606
1 2349841
1 5596013
1 7944988
1 5273580
1 8748749
1 6994733
1 1734209
1 1766556
1 5375108
1 2209774
1 1039909
1 2651915
1 1744316
1 8345885
1 7015624
1 6816836
1 9828272
1 6693660
1 5848485
1 2674031
1 318002
1 5564187
1 2041253
1 8025576
1 1358626
1 8135007
1 3591640
1 3475948
1 7007182
1 6918339
1 4340109
1 8625781
1 6697146
1 4900117
1 9929449
1 7741447
1 506304
1 9480079
1 1647147
1 8831335
1 2610232
1 746102
1 4391019
1 6697981
1 768111
1 6447373
1 6004831
1 8875742
1 8437207
1 972956
1 9014989
1 1879898
1 9505181
1 9059945
1 9496764
1 7479904
1 2837271
1 8110450
1 1177817
1 8048917
1 9280581
1 8420717
1 1369965
1 931159
1 7437692
1 6869349
1 7892405
1 6160925
1 6566105
1 7977308
1 5600587
1 9448246
1 1678166
1 1605880
1 7258498
1 5553593
1 3758279
1 6472270
1 1907419
1 4820377
1 1320703
1 768324
1 4211177
1 8405626
1 3465766
1 4231384
1 7856021
1 8408796
1 9951159
1 4073105
1 9852964
1 9028770
1 6455066
1 3110143
1 1878787
1 325375
1 1687163
1 3352864
1 6125060
1 8864341
1 4044890
1 83383
1 711223
1 6093451
1 2162745
1 582755
1 7975305
1 4824075
1 4131595
1 851991
1 8147852
1 9422555
1 6716545
1 4507242
1 963370
1 7688471
1 1156722
1 8427693
1 4385976
1 3638147
1 577496
1 1635348
1 3040615
1 7187053
1 669990
1 5686698
1 2581569
1 7379503
1 3246003
1 5417141
1 4172642
1 5824385
1 7366613
1 4986806
1 4335368
1 3895851
1 1263894
1 7190109
1 5760197
1 4549745
1 4806606
1 1291346
1 7053541
1 1740044
1 9062358
1 5835158
1 697514
1 3643864
1 219912
1 8793165
1 7191622
1 3303414
1 9826766
1 9844089
1 5483518
1 7134237
1 5020753
1 2905357
1 5298809
1 2864838
1 2183726
1 7721697
1 3965518
1 3352410
1 6134343
1 1064736
1 9872130
1 1545894
1 1897330
1 3656808
1 7260471
1 8777754
1 906902
1 2019273
1 8086194
1 4726096
1 2102167
1 709556
1 4882199
1 6592360
1 3983204
1 3858653
1 4589657
1 5112124
1 7402408
1 494395
1 8663211
1 7065948
1 9952969
1 970698
1 6814279
1 3774198
1 9296506
1 6216435
1 9365178
1 8426212
1 7335955
1 238387
1 2720526
1 7780294
1 4697457
1 8909035
1 654964
1 9132414
1 8524501
1 6893181
1 8420141
1 6848007
1 8826124
1 1834580
1 9251498
1 7092000
1 7867133
1 9465953
1 699040
1 5736432
1 6506650
1 3034409
1 8159871
1 2075591
1 7846818
1 1200460
1 3012495
1 9306789
1 5865266
1 7378400
1 3277430
1 9207890
1 5067343
1 4001747
1 5812713
1 5119670
1 5963144
1 5000318
1 7660989
1 9751430
1 444008
1 4350463
1 3578730
1 2488149
1 5941227
1 842970
1 1437527
1 6516866
1 6279580
1 8569453
1 3409689
1 261908
1 4616391
1 6239902
1 3650485
1 7003276
1 5330809
1 2725596
1 4207463
1 5319123
1 8078451
1 2186211
1 8153294
1 1192085
1 2434058
1 2413458
1 1568142
1 3388677
1 1470867
1 5109247
1 7646870
1 3701469
1 3278087
1 6488464
1 6847798
1 2858342
1 2880150
1 8136175
1 3078400
1 6639324
1 2464503
1 8457132
1 4306502
1 7927743
1 1397211
1 8768170
1 374788
1 3483727
1 5070573
1 4837908
1 4070707
1 1958946
1 1308055
1 9676122
1 7667257
1 5034506
1 9469558
1 7744274
1 7916759
1 6313940
1 5869791
1 2938811
1 2274611
1 8468913
1 5964255
1 1586841
1 7786282
1 4423678
1 1703843
1 768252
1 1171006
1 630393
1 8008378
1 7129573
1 1984715
1 7823718
1 6239817
1 7474640
1 434441
1 2979108
1 3673914
1 1138200
1 4979219
1 3393102
1 9236760
1 9109103
1 6505853
1 1598293
1 5735966
1 317508
1 4933033
1 2008174
1 7981738
1 3909628
1 8073741
1 753463
1 3727781
1 5001790
1 830612
1 3394931
1 2129777
1 4587819
1 5774296
1 3864599
1 2021868
1 9032152
1 6816781
1 1509499
1 1586363
1 9714533
1 9197564
1 5525406
1 6387263
1 7776699
1 6508346
1 8248140
1 776860
1 4697689
1 7438888
1 7735219
1 22360
1 4288519
1 3082436
1 2965380
1 7651797
1 7214185
1 6636071
1 2006436
1 360897
1 3731488
1 9335892
1 2949844
1 4510143
1 511940
1 738038
1 2077854
1 2798806
1 8398114
1 5780885
1 1636029
1 277980
1 2916900
1 5180937
1 9694117
1 1690183
1 6688888
1 5587266
1 7705400
1 9474618
1 8622170
1 3978718
1 209387
1 2810305
1 8376529
1 7852563
1 7671942
1 1142093
1 3536884
1 1233444
1 8389759
1 7411866
1 8444563
1 6222035
1 6539511
1 4310014
1 1315393
1 7436361
1 4437217
1 9726085
1 8824904
1 146953
1 6088637
1 894283
1 6157277
1 1347501
1 2847232
1 3927279
1 4282917
1 5743600
1 8701337
1 7219765
1 4116273
1 4453837
1 1127899
1 8700190
1 7305073
1 154317
1 8690051
1 9887326
1 4555921
1 1614161
1 553168
1 6714778
1 3054536
1 1048742
1 3568517
1 685530
1 5237921
1 9698605
1 2689676
1 8730253
1 2562525
1 8306018
1 5585427
1 4187727
1 5880948
1 5258935
1 8409409
1 6906374
1 3071557
1 5140086
1 7356385
1 736627
1 9256414
1 1784866
1 1898957
1 6442937
1 9120932
1 3428430
1 8485273
1 919889
1 5158099
1 8812653
1 3235587
1 9383806
1 5621775
1 3702609
1 3299926
1 156543
1 2644349
1 4782477
1 8167701
1 4571441
1 5350957
1 2656929
1 1161076
1 2428609
1 1570122
1 6680878
1 8487757
1 1329658
1 8462680
1 7617653
1 8076537
1 6945074
1 18364
1 606631
1 989212
1 4026510
1 7946462
1 551461
1 5728504
1 4775435
1 8928197
1 1776078
1 428627
1 5726732
1 7546406
1 7026640
1 3998009
1 1205306
1 6033467
1 7001926
1 8761344
1 3635534
1 8991484
1 9453871
1 4148707
1 7227818
1 6727641
1 7094032
1 5441271
1 1979588
1 672393
1 1004929
1 7705944
1 330672
1 7435484
1 2395399
1 1000244
1 1452685
1 5983752
1 9219237
1 3286888
1 6885459
1 9014678
1 434812
1 7201042
1 3225433
1 1341490
1 8343921
1 2903668
1 3692465
1 3283330
1 9342305
1 37854
1 1901696
1 9949138
1 3525930
1 5709234
1 6235769
1 4775335
1 9299521
1 9946727
1 7951956
1 5308623
1 1115073
1 422685
1 5901898
1 3441741
1 1199295
1 9086411
1 9069738
1 4034043
1 9101569
1 5329092
1 569017
1 1841828
1 1404795
1 4674243
1 73673
1 2977249
1 914870
1 5576
1 1309747
1 5694400
1 7485544
1 4147279
1 7230179
1 9587585
1 5436736
1 8808387
1 2317494
1 5136337
1 1600014
1 860146
1 9829100
1 3333215
1 1545558
1 4770751
1 9567285
1 1866758
1 8903616
1 3192915
1 5579312
1 3485634
1 2483920
1 2000881
1 6070369
1 7404548
1 922055
1 7320123
1 6200051
1 4627852
1 2224762
1 3916643
1 8429875
1 9190503
1 506294
1 1001377
1 3688379
1 4810628
1 6878770
1 6458137
1 1282068
1 3194669
1 6709296
1 5247204
1 4418906
1 9324485
1 5478181
1 196249
1 8492715
1 4202534
1 4924528
1 2272808
1 6482165
1 6871842
1 3785448
1 2298350
1 324734
1 387106
1 9608546
1 6949837
1 2940648
1 4863259
1 9191770
1 5132595
1 8055329
1 1374380
1 6000604
1 4269093
1 7542465
1 2352291
1 4250242
1 5118430
1 8491383
1 8044116
1 5858520
1 2305508
1 2393016
1 665261
1 8835914
1 4604553
1 4969207
1 4201711
1 3010947
1 8360444
1 9272567
1 8889407
1 2350482
1 9609769
1 6232986
1 2069092
1 8916948
1 2122238
1 4673108
1 2687665
1 1439621
1 2756324
1 2524378
1 1815069
1 7171084
1 2054876
1 8729458
1 4102452
1 7897315
1 6602093
1 3286350
1 5463096
1 4169245
1 5233576
1 2976338
1 896234
1 6490428
1 2192638
1 194717
1 4136277
1 7384429
1 6750068
1 3384093
1 9631656
1 2988120
1 2982676
1 8690224
1 2631341
1 1222255
1 476898
1 1278534
1 3674344
1 2563854
1 2562521
1 3555564
1 8311259
1 3944761
1 1528133
1 6549374
1 4780367
1 628436
1 5029323
1 4529193
1 8934240
1 5151861
1 6299902
1 3747769
1 8883622
1 3585368
1 8987331
1 736571
1 9012071
1 6552188
1 1400623
1 4871123
1 710374
1 6185452
1 4083133
1 4295340
1 8124631
1 8441014
1 6871456
1 7214413
1 2352872
1 1575335
1 975074
1 9688119
1 7490411
1 5575456
1 8069363
1 6791534
1 5303790
1 6280523
1 3428999
1 2467213
1 9220184
1 5043910
1 134930
1 1031587
1 5652435
1 1339936
1 6056012
1 7118636
1 933116
1 869056
1 2932864
1 2809464
1 2055444
1 8795098
1 6663739
1 9798267
1 1836509
1 8407536
1 1979978
1 7068080
1 665462
1 75491
1 8584758
1 3998316
1 4982295
1 792861
1 5138581
1 3898087
1 6941409
1 1602846
1 7088396
1 5823775
1 6745601
1 7861962
1 650684
1 8530886
1 5019941
1 4523342
1 6316024
1 5274501
1 346908
1 1166195
1 1904623
1 9664133
1 2346923
1 7266839
1 9630308
1 4285161
1 5346859
1 2850738
1 1906795
1 1847656
1 5723584
1 8844262
1 9307038
1 5975721
1 6057942
1 479738
1 2498850
1 8868453
1 139647
1 2291903
1 6542366
1 493474
1 1857854
1 8905875
1 295735
1 5540181
1 8391683
1 1847670
1 9095000
1 8844151
1 4968389
1 9761905
1 3234041
1 4248239
1 6285522
1 6560268
1 8151327
1 5318715
1 1751663
1 8051542
1 3315829
1 9820150
1 2405395
1 8266165
1 8126140
1 915309
1 8747209
1 8252297
1 4060566
1 7399300
1 7632983
1 3622744
1 1723673
1 4881732
1 457854
1 5015830
1 7972867
1 1449601
1 7411043
1 1404486
1 8472783
1 8041072
1 3699094
1 8066058
1 7256982
1 2139774
1 5160906
1 4579134
1 5113997
1 6372225
1 2937038
1 9767218
1 2154551
1 3599982
1 2475394
1 3530349
1 2396640
1 8250817
1 5412618
1 6185088
1 8822507
1 2335466
1 2005349
1 5758851
1 9014181
1 8115281
1 2627624
1 1814801
1 5308241
1 8504884
1 6966040
1 4505534
1 4578162
1 6028907
1 7613702
1 9733704
1 2531968
1 7463141
1 4797277
1 2711441
1 4132856
1 4839034
1 6467250
1 4600729
1 9839737
1 9736598
1 8619847
1 6532170
1 8106080
1 2587056
1 7000164
1 5878825
1 1339522
1 4189647
1 2518046
1 8127137
1 8140286
1 4448218
1 824291
1 9030679
1 3447209
1 3227057
1 8216677
1 4771482
1 1808616
1 571377
1 2151733
1 5933216
1 924162
1 2268173
1 3181758
1 7544415
1 6314200
1 4739422
1 1392581
1 1787331
1 1535328
1 8681136
1 7327134
1 7542547
1 1047507
1 7238479
1 7145769
1 9970083
1 7483212
1 2458354
1 4401135
1 2844669
1 1167621
1 4351903
1 936841
1 1716140
1 8792302
1 4068151
1 6188897
1 1999100
1 2582234
1 4818260
1 2941293
1 7832931
1 8590996
1 669163
1 6266369
1 1605708
1 117277
1 2902795
1 5999139
1 2807359
1 3098469
1 7355586
1 4820855
1 2873720
1 8558570
1 8125030
1 3354053
1 9526101
1 8128983
1 2970987
1 1349818
1 4217695
1 7575725
1 4691816
1 5422473
1 3072959
1 8528212
1 9508903
1 6541189
1 1525860
1 9040131
1 5006260
1 7824015
1 7328254
1 2240001
1 5481647
1 5793105
1 2127371
1 7643149
1 7677788
1 8219910
1 6742315
1 8977650
1 9953533
1 5902601
1 3909476
1 6385312
1 4656533
1 5587598
1 6648826
1 5922807
1 5338115
1 6858836
1 4932062
1 5676932
1 8557481
1 4048877
1 1049546
1 9550588
1 1876556
1 3662055
1 8618483
1 6237132
1 2431402
1 2866820
1 3210097
1 8149019
1 850713
1 7704944
1 1181617
1 1359801
1 1897630
1 1650027
1 3351491
1 534614
1 7831077
1 1804678
1 4667096
1 852382
1 2345192
1 5639747
1 9605399
1 5200316
1 6312629
1 4654168
1 4617879
1 5085082
1 4408767
1 5507609
1 9125290
1 5587970
1 6529362
1 3212006
1 2804502
1 6571807
1 3525925
1 9988754
1 9319410
1 5937451
1 2787732
1 221992
1 4798735
1 5404716
1 9603614
1 9469268
1 7225989
1 3939608
1 3742360
1 603703
1 7474179
1 3543479
1 7429593
1 1780087
1 8259999
1 5680280
1 9543624
1 9670811
1 8996898
1 3156616
1 8230
1 769872
1 1354645
1 3687641
1 2958574
1 5660084
1 6606323
1 9952256
1 9492234
1 5311851
1 9334096
1 663159
1 651130
1 2987753
1 5148181
1 4258788
1 8649165
1 1236002
1 4962716
1 3448303
1 7748639
1 2746791
1 8575339
1 9346656
1 1862638
1 9568496
1 880266
1 3117066
1 328228
1 579455
1 7776249
1 1927797
1 6079194
1 1322786
1 8366410
1 3336347
1 9859370
1 7807560
1 5152874
1 1055100
1 5835955
1 5254388
1 5685250
1 940860
1 5530921
1 2338720
1 6070865
1 9645463
1 4131067
1 9600948
1 8617541
1 7163717
1 5929720
1 2883576
1 7205156
1 3583886
1 8369457
1 7202243
1 628663
1 528355
1 8475398
1 900587
1 4226424
1 681780
1 9930498
1 9244030
1 6682875
1 5423450
1 284667
1 1610168
1 1636867
1 2929466
1 1837501
1 1162590
1 9969790
1 5908088
1 2227853
1 161224
1 2732155
1 8265527
1 5693697
1 1636704
1 8460317
1 9417177
1 3890543
1 3804708
1 8306500
1 5367390
1 5266090
1 6715926
1 4555673
1 7425113
1 3840047
1 2944474
1 687923
1 3588743
1 4151188
1 3329754
1 5480850
1 9152139
1 671699
1 3075771
1 6511867
1 3054424
1 4377024
1 2609507
1 2348132
1 5783241
1 9055764
1 9735369
1 1773561
1 6723743
1 1946913
1 721593
1 8336947
1 5272289
1 7531416
1 5074798
1 6109618
1 8579094
1 6328072
1 248916
1 2443982
1 2057523
1 9596940
1 9274400
1 832940
1 1776590
1 5839947
1 1189333
1 9636769
1 574272
1 9866609
1 9733782
1 9395654
1 4336881
1 8000105
1 7647926
1 2960539
1 6949992
1 284254
1 6639681
1 4164173
1 6802798
1 1984233
1 2485487
1 1249411
1 2503906
1 9543673
1 9856669
1 6228738
1 6444245
1 5459857
1 8089140
1 9658902
1 9455356
1 2283718
1 1360838
1 3681506
1 232063
1 7106407
1 1869977
1 129978
1 8535859
1 7325847
1 3480450
1 5704815
1 6551464
1 8328444
1 889292
1 6828435
1 9990437
1 7619921
1 4695086
1 7216122
1 4651378
1 9925803
1 5647598
1 5317047
1 6830421
1 3587726
1 5653242
1 8883146
1 6004091
1 4135647
1 2888296
1 8909444
1 3647229
1 6760171
1 5796439
1 8095149
1 4438943
1 6343667
1 8300742
1 6479764
1 8632547
1 6346727
1 1044558
1 4404182
1 5552411
1 9212851
1 9782334
1 7880197
1 941143
1 5396478
1 1906784
1 6296524
1 6747470
1 4325187
1 3756097
1 905356
1 806408
1 2726804
1 9980319
1 675587
1 7853394
1 1396327
1 5759825
1 2800901
1 1625110
1 5738536
1 6608238
1 6559670
1 4733373
1 9006062
1 7063396
1 9532698
1 170978
1 8381308
1 269771
1 8022648
1 2336653
1 1931681
1 3812288
1 8253004
1 7590923
1 559567
1 2257724
1 5896315
1 4041509
1 92880
1 7465379
1 3321331
1 4785091
1 5830960
1 2544632
1 8159131
1 7392082
1 8851213
1 8530013
1 9860054
1 8207841
1 4392224
1 5826638
1 414402
1 6328113
1 7996958
1 8346303
1 6696538
1 3218802
1 5131143
1 921884
1 7518346
1 1772791
1 7639435
1 7894961
1 8536634
1 8352324
1 1185313
1 7911178
1 9905854
1 7681387
1 1812505
1 3727775
1 5150106
1 7365601
1 6758397
1 9151176
1 8861385
1 719088
1 8047463
1 2906676
1 8559596
1 1065794
1 7573020
1 4668229
1 1696093
1 1281456
1 2452760
1 5292005
1 9593356
1 932015
1 5168564
1 3588873
1 1908365
1 2543909
1 3050461
1 9736597
1 6971460
1 2141558
1 9976724
1 8782384
1 8516521
1 5400743
1 2038087
1 4926412
1 7890716
1 8174850
1 12226
1 8227969
1 5038748
1 1118996
1 7301957
1 8267547
1 4608708
1 1038670
1 2571564
1 1627984
1 3112099
1 7057484
1 2539367
1 4228154
1 7124205
1 6676827
1 6492394
1 9884731
1 8915176
1 3115260
1 339050
1 6655769
1 7544643
1 501949
1 3958059
1 3200031
1 6850622
1 5171867
1 886769
1 5344128
1 5674379
1 1898128
1 6695127
1 638549
1 6886445
1 1051418
1 5833325
1 4507288
1 8862326
1 6414621
1 9575006
1 3797789
1 5133758
1 6020831
1 5319998
1 7563056
1 8087398
1 7083798
1 5267952
1 3196162
1 7294287
1 7242964
1 1559871
1 5069580
1 9963034
1 5155959
1 4644077
1 1803739
1 518323
1 289079
1 7249360
1 3707672
1 6268443
1 8397740
1 8994547
1 1552514
1 4905629
1 2818879
1 2264823
1 8906223
1 9483810
1 6599740
1 183543
1 718830
1 9153040
1 7910507
1 7116929
1 9863067
1 4177732
1 2084005
1 3493006
1 5886556
1 2943155
1 2013753
1 1901266
1 5206953
1 9424177
1 433738
1 1519798
1 628589
1 5195021
1 7147657
1 290537
1 5288520
1 6318173
1 5450985
1 110792
1 2429481
1 498552
1 3127261
1 9411008
1 5373749
1 2769507
1 4481708
1 3226353
1 2129772
1 9738686
1 3499028
1 919123
1 5733104
1 7988820
1 6516102
1 4199289
1 904870
1 9251344
1 4682186
1 7192351
1 2325993
1 2946769
1 5759256
1 1635270
1 9608018
1 2578742
1 2026313
1 6042450
1 6353389
1 6198015
1 2382158
1 1865076
1 3964320
1 5211471
1 1030317
1 806183
1 1645343
1 1744140
1 1473341
1 6027053
1 5557801
1 9506535
1 6661574
1 7537130
1 1639131
1 4270813
1 7465542
1 5129079
1 2979211
1 7859993
1 595172
1 3804497
1 6602352
1 8348490
1 5732332
1 4285728
1 9419141
1 9110869
1 3351683
1 9902035
1 7367480
1 100212
1 9801146
1 1391590
1 9571810
1 2134215
1 1976356
1 5670730
1 147827
1 4542759
1 494671
1 9355827
1 9725447
1 2550536
1 7238329
1 953399
1 3286061
1 9649691
1 1250702
1 2586790
1 4554678
1 6751390
1 645159
1 6940722
1 4537243
1 1870146
1 4773134
1 6154470
1 4140833
1 6244026
1 2219955
1 5237595
1 9673458
1 7608097
1 7942414
1 2223070
1 3163525
1 4305154
1 746759
1 8809435
1 3746352
1 4005834
1 5215758
1 8694138
1 1972071
1 3266749
1 4619654
1 8728828
1 1662940
1 6793234
1 7288505
1 3539207
1 9304946
1 6568202
1 4805612
1 8942843
1 154343
1 5345417
1 4276821
1 2409417
1 4040305
1 8872824
1 7307824
1 9906583
1 9773294
1 4354366
1 3781947
1 3193277
1 1651488
1 2538183
1 7758610
1 4180628
1 4625073
1 1639949
1 8233985
1 7110985
1 1472315
1 921095
1 3220227
1 9140920
1 6112783
1 4020885
1 5883551
1 1614207
1 990421
1 7312221
1 6926720
1 3324829
1 6838441
1 2897195
1 9398563
1 4165883
1 6779928
1 5652906
1 6193405
1 3251641
1 199650
1 8834454
1 4546504
1 7910047
1 2838231
1 6642030
1 3726965
1 3808953
1 2512893
1 1426274
1 3459582
1 372426
1 4513202
1 7053242
1 2129465
1 5252463
1 7534924
1 8110468
1 638247
1 2947716
1 8252774
1 1326509
1 803057
1 7119194
1 2541527
1 8774553
1 8631333
1 5808286
1 2658628
1 9306145
1 4241327
1 6527395
1 8798463
1 2703427
1 7590844
1 9550227
1 2944010
1 2610944
1 1032454
1 9407574
1 4248285
1 5531197
1 2724398
1 4832902
1 7512911
1 8884077
1 8428076
1 1952176
1 5722551
1 6511666
1 9231007
1 4767374
1 6892170
1 4937844
1 7264804
1 6870990
1 913969
1 8660528
1 9246948
1 1427986
1 6443633
1 1419702
1 9253710
1 1209666
1 6168823
1 3896739
1 5805557
1 5720722
1 9309327
1 7884648
1 4271927
1 5584929
1 9639771
1 5065525
1 8198278
1 5227423
1 4708503
1 6217335
1 561197
1 376792
1 9230216
1 1818263
1 487912
1 1969764
1 4427303
1 3347624
1 807891
1 4021305
1 1514318
1 1300838
1 3802990
1 2775896
1 3702194
1 4198085
1 8713419
1 4686744
1 254999
1 2327669
1 893470
1 162800
1 6977722
1 5690485
1 5706460
1 3423388
1 7939401
1 2521665
1 7349965
1 1415076
1 9308320
1 4326176
1 1840436
1 283737
1 9892420
1 4632936
1 9822935
1 204251
1 8970583
1 3822959
1 4147355
1 7850040
1 6398589
1 8980749
1 2943087
1 1872444
1 4657227
1 9227935
1 2200117
1 4499336
1 7083894
1 265236
1 4991835
1 8416948
1 5091066
1 4906827
1 3983372
1 1323112
1 2041700
1 4906193
1 3042379
1 1969584
1 5109879
1 2257354
1 667384
1 7690913
1 1086085
1 9621426
1 1709777
1 5343683
1 9903033
1 781006
1 342710
1 7463996
1 3422282
1 1196038
1 7511922
1 6798552
1 3165263
1 415875
1 4454202
1 38947
1 6440284
1 4643361
1 670466
1 6148726
1 5579643
1 950754
1 7381707
1 8718551
1 609912
1 2629636
1 9808431
1 4810349
1 9457305
1 9940302
1 6037994
1 661466
1 5302136
1 3547339
1 4445094
1 5976722
1 6155583
1 1878547
1 4400038
1 2818951
1 9370528
1 6882005
1 4806269
1 212932
1 9063060
1 7728000
1 3568978
1 8704614
1 1187390
1 8982646
1 3788069
1 4759011
1 3658193
1 143462
1 5057413
1 7331164
1 9023319
1 9184761
1 4490402
1 8072165
1 3770420
1 9337909
1 9367099
1 3365697
1 4083709
1 4532085
1 898803
1 3953443
1 3507011
1 3788776
1 9022575
1 8708079
1 4699413
1 3816701
1 403675
1 2717665
1 2112420
1 3731274
1 6514534
1 9253846
1 10960
1 1526620
1 6520305
1 2229640
1 5873244
1 855651
1 3473544
1 9207271
1 4981213
1 5587317
1 9230159
1 9272000
1 1215225
1 5996311
1 1025881
1 4552690
1 7187947
1 7486569
1 6497614
1 4341518
1 8175593
1 8846565
1 8796881
1 1586342
1 8413072
1 1756822
1 4384634
1 6479452
1 9827260
1 6958725
1 1149331
1 1021241
1 604833
1 5792248
1 437356
1 1213956
1 2179403
1 4007258
1 651829
1 6923827
1 5471034
1 6201093
1 5397568
1 9657638
1 4052128
1 1648369
1 661862
1 3349548
1 1066688
1 2628129
1 9544901
1 2892650
1 1611260
1 2746936
1 7914111
1 2219496
1 4538378
1 9751925
1 7765265
1 5921818
1 7994875
1 8863348
1 9114024
1 7420202
1 4196546
1 609798
1 1099582
1 667668
1 338990
1 1540820
1 7602184
1 2664772
1 2020907
1 2365819
1 4505096
1 507361
1 1214564
1 5076077
1 6876501
1 9957149
1 8730543
1 7831993
1 1247493
1 5340769
1 8635870
1 4877440
1 1598450
1 1521603
1 3819630
1 5483606
1 971935
1 6514576
1 2996904
1 1843352
1 2301321
1 5794385
1 5408397
1 8469655
1 9548003
1 7354464
1 1218310
1 4970119
1 5169400
1 5165855
1 7241451
1 2012633
1 3691709
1 1161814
1 6817352
1 6065775
1 8381159
1 2382624
1 5106544
1 5800132
1 3244290
1 5305715
1 485807
1 4913619
1 158550
1 8375093
1 1485563
1 1787067
1 2061030
1 1967988
1 2471782
1 4556480
1 127278
1 9737648
1 2299441
1 7909914
1 6415676
1 8324680
1 5421672
1 3426224
1 2008271
1 3365048
1 8090730
1 5155111
1 6002988
1 7401990
1 8345927
1 9011779
1 8114383
1 9845705
1 609610
1 1021238
1 4215265
1 1345062
1 4779926
1 3687206
1 4460933
1 1415002
1 9695645
1 4442483
1 3478244
1 3533863
1 5345012
1 9339941
1 147519
1 5919510
1 5303797
1 3645912
1 6891678
1 7024268
1 7419177
1 8340265
1 9641928
1 5708479
1 4931721
1 7485117
1 4221783
1 260167
1 7146021
1 6605431
1 3031545
1 5897689
1 456122
1 5458778
1 3340884
1 1367004
1 1234004
1 3832973
1 7681047
1 6825281
1 1013525
1 2864403
1 2416842
1 1629374
1 4673633
1 1169506
1 3582590
1 5341341
1 2914720
1 6365021
1 3178780
1 4530437
1 8425396
1 6105866
1 7056723
1 4397010
1 3441383
1 9190025
1 5597254
1 8875829
1 5683877
1 7469672
1 9030233
1 8447993
1 3870167
1 3023868
1 1012157
1 6467119
1 2154960
1 8280864
1 9943443
1 7556947
1 4296254
1 3518928
1 3490499
1 6275469
1 5047223
1 8329939
1 9308472
1 4816854
1 8312818
1 4731645
1 5092943
1 8415312
1 5173765
1 6593728
1 8075822
1 6579
1 5322171
1 9292451
1 6640587
1 4731210
1 2351735
1 661918
1 8658069
1 9890111
1 9593601
1 3240371
1 9965103
1 9959637
1 483533
1 4068335
1 804781
1 6859594
1 7205029
1 5624015
1 9986142
1 283685
1 49087
1 8703273
1 6144321
1 9383108
1 9467304
1 6096233
1 4122565
1 2041531
1 6590608
1 3493969
1 4736231
1 7226212
1 6069060
1 6833576
1 9620352
1 9320659
1 1854048
1 8559741
1 414052
1 6127994
1 1494036
1 4803229
1 3992220
1 8071154
1 4952874
1 1354249
1 2900361
1 8738218
1 3685864
1 6234488
1 5311524
1 8180686
1 3299753
1 7985096
1 821152
1 7399742
1 4857710
1 9575115
1 5682559
1 178798
1 1742873
1 1192411
1 1049136
1 1715397
1 5215527
1 1305681
1 9637375
1 9335724
1 5998596
1 2046725
1 8472916
1 2720080
1 6419787
1 2186421
1 1884331
1 2456530
1 8746157
1 5481781
1 4409128
1 3259505
1 7673931
1 2512541
1 7564629
1 7061214
1 8932977
1 6010479
1 32588
1 4841310
1 4604352
1 6937142
1 2918419
1 4345187
1 5350033
1 7503325
1 7275791
1 8622349
1 7612083
1 6498017
1 9366565
1 4829623
1 3974228
1 6138704
1 9735357
1 6604817
1 3618879
1 3872903
1 6174302
1 5852581
1 2966216
1 4153859
1 7284955
1 5905329
1 3935940
1 1768725
1 4138741
1 3589172
1 8882196
1 1298110
1 325464
1 6562725
1 7914581
1 68079
1 3952423
1 9870880
1 2852754
1 9651745
1 474905
1 7137894
1 3947703
1 6787032
1 1414353
1 8804643
1 1793939
1 2388518
1 3311516
1 3041330
1 266664
1 3732701
1 5058833
1 4727833
1 4846649
1 5727561
1 3217656
1 2338050
1 441678
1 2899772
1 2989878
1 3974477
1 1786940
1 722584
1 3926326
1 2483838
1 2484172
1 4555714
1 8317427
1 7790843
1 8467449
1 71778
1 378807
1 4312339
1 1441272
1 6765537
1 8242384
1 7978317
1 8461257
1 2570907
1 5422125
1 3693300
1 651479
1 2466525
1 9732041
1 7073794
1 1622201
1 6007802
1 3633621
1 2545414
1 5954473
1 5476140
1 7731286
1 430785
1 4812904
1 7734738
1 1326333
1 8777645
1 8146239
1 2045356
1 5531833
1 8721847
1 9081224
1 9164090
1 1127546
1 3423507
1 193681
1 80406
1 4339241
1 6410151
1 8888645
1 7998783
1 2495280
1 8185774
1 5699656
1 211503
1 7414384
1 8249983
1 3990808
1 3484589
1 7247484
1 4757959
1 296365
1 1892738
1 5979621
1 5349134
1 8269021
1 3348258
1 566548
1 1382229
1 5835807
1 9216744
1 1237084
1 5501128
1 9434198
1 6573995
1 2341060
1 4693300
1 9196410
1 4894026
1 5662294
1 5103173
1 1314003
1 1855101
1 163984
1 5547968
1 4507846
1 1762004
1 2640996
1 88849
1 5065730
1 4647460
1 6611814
1 7163717
1 8764275
1 3933101
1 1948529
1 6718318
1 2155295
1 884952
1 5582898
1 6439587
1 6614823
1 7221600
1 9179476
1 4026250
1 5505383
1 8683783
1 3165819
1 1509340
1 8175363
1 5838359
1 2598855
1 1769889
1 1136699
1 4589481
1 7781046
1 9812822
1 4621595
1 2441670
1 5119097
1 2673861
1 2571594
1 1072781
1 1173217
1 4077882
1 3879305
1 1824316
1 6772684
1 2457713
1 3377196
1 5675505
1 7688264
1 4073320
1 6628711
1 423689
1 9439480
1 32353
1 240832
1 1920573
1 6726107
1 1017114
1 4247576
1 1919629
1 3169590
1 9655121
1 5307830
1 6188093
1 5982663
1 4889085
1 6072434
1 6797734
1 1856944
1 5683198
1 3105862
1 998145
1 2986693
1 8036496
1 1282683
1 655099
1 8524487
1 4147251
1 9327119
1 7558372
1 1132300
1 4011982
1 8972625
1 545669
1 8954181
1 9491668
1 4334352
1 2122985
1 1245463
1 893475
1 4686817
1 2496014
1 7744295
1 7116287
1 2164399
1 5632897
1 2912299
1 3356609
1 7432988
1 4996792
1 5431291
1 4295670
1 8978249
1 4910091
1 6530515
1 5371990
1 1326188
1 3375235
1 5016686
1 341541
1 8297179
1 5738754
1 2710509
1 2256083
1 2757772
1 2564568
1 2907102
1 8950113
1 416580
1 1711309
1 848265
1 9789752
1 2866534
1 9876237
1 3500939
1 9631383
1 3366847
1 379584
1 8426081
1 2632759
1 3688693
1 1678840
1 381658
1 4646748
1 2897110
1 6299893
1 4833780
1 3117703
1 9597702
1 1527395
1 2378342
1 34763
1 9102548
1 2178308
1 2493247
1 1979496
1 3883586
1 9167826
1 316845
1 6420424
1 9317935
1 5845054
1 3033132
1 2193647
1 5211632
1 6492714
1 338997
1 3959334
1 6984848
1 1242569
1 2300662
1 2939322
1 3751633
1 5539400
1 6888826
1 6584229
1 7126708
1 6034204
1 3044452
1 6010655
1 9058727
1 4558524
1 3245117
1 8117734
1 552987
1 7932882
1 3914835
1 1192110
1 8985846
1 8620278
1 8636103
1 4959772
1 4828350
1 5712141
1 1276790
1 2294213
1 6822008
1 8228493
1 2443524
1 6214407
1 2115974
1 7226664
1 7989107
1 7678837
1 8927295
1 1658259
1 3778519
1 416245
1 6979405
1 4330056
1 9896440
1 5064474
1 9894259
1 6469810
1 3293820
1 7535125
1 2551100
1 1146084
1 6005487
1 6093096
1 3220682
1 2625478
1 2984354
1 1724562
1 2210640
1 6508491
1 6226532
1 2662415
1 4560183
1 5269366
1 107834
1 9498907
1 8901070
1 4243677
1 8977703
1 1418511
1 5877023
1 3401988
1 302476
1 7833476
1 746044
1 182715
1 545350
1 2564597
1 3264481
1 197168
1 6417130
1 721182
1 6488808
1 6541914
1 4269057
1 1338703
1 1756177
1 8092883
1 9911781
1 8475104
1 9354695
1 5671896
1 3734019
1 8776042
1 5689068
1 7989931
1 8892933
1 8376307
1 5283623
1 2764872
1 5925219
1 4137635
1 702358
1 1944340
1 5464891
1 1752705
1 6166635
1 7090587
1 1042407
1 4901323
1 1182594
1 3318435
1 1505334
1 619999
1 7592159
1 1749414
1 8310872
1 6568064
1 9068458
1 6909697
1 3050160
1 6292246
1 2641397
1 756983
1 551967
1 9772873
1 9009659
1 3944525
1 7132417
1 2997995
1 8636234
1 9783201
1 5735863
1 6606751
1 2780670
1 2353897
1 3357089
1 1663007
1 4076160
1 3520923
1 9519374
1 8805241
1 5206167
1 6101031
1 9316740
1 7676823
1 9084983
1 5415249
1 8763324
1 2338848
1 878885
1 9234881
1 4052198
1 681766
1 3543048
1 4165134
1 715477
1 2549730
1 8771130
1 9356634
1 8173123
1 5317978
1 8491088
1 4011330
1 2852181
1 32229
1 6139544
1 744572
1 5524579
1 8467540
1 8871517
1 8009262
1 6266247
1 4473139
1 6061069
1 2746122
1 7552961
1 4353502
1 3358225
1 7032739
1 9131172
1 4609323
1 2864059
1 8060335
1 3235884
1 8702605
1 4462566
1 957910
1 5198039
1 9002213
1 7850192
1 3645665
1 6817488
1 9258126
1 1603884
1 3885460
1 3473252
1 3778713
1 2440239
1 9685846
1 946223
1 2370451
1 2827247
1 3562055
1 1306377
1 8302891
1 9330191
1 9060207
1 5970906
1 1539943
1 2800464
1 1027143
1 624176
1 6186618
1 3900615
1 3895191
1 5398545
1 8096858
1 470042
1 1440028
1 8912362
1 8152043
1 7229570
1 8101087
1 5728029
1 7772186
1 9624039
1 2320659
1 8200989
1 2601431
1 6186135
1 2152332
1 7642938
1 821635
1 2087672
1 4393332
1 8424184
1 1484584
1 9154430
1 7058260
1 2250980
1 7239729
1 8418676
1 7644203
1 9392593
1 3428784
1 5142057
1 1851915
1 8523641
1 7758950
1 3013092
1 4418753
1 1103271
1 203245
1 8776599
1 1210594
1 556881
1 4695487
1 9748020
1 6539364
1 3099926
1 4743639
1 1653404
1 3010582
1 2786275
1 1504118
1 5470209
1 1369628
1 28302
1 8785931
1 7357849
1 91970
1 5518715
1 2877936
1 1626683
1 878608
1 1318875
1 6730041
1 8528465
1 640039
1 4322281
1 2447491
1 1459898
1 8982056
1 5066433
1 3576670
1 7012839
1 6808718
1 2263179
1 6775697
1 6965934
1 2086619
1 1357369
1 7935897
1 9131512
1 1414955
1 7145705
1 5910554
1 2070987
1 9201518
1 8409999
1 5915978
1 5260963
1 4401077
1 1669957
1 1018160
1 145964
1 9061015
1 268971
1 2641063
1 2716991
1 5993878
1 4527117
1 6286823
1 2788254
1 5073485
1 512232
1 9367763
1 3502617
1 2437005
1 8653061
1 2217548
1 816783
1 9903656
1 2446045
1 4460498
1 1301389
1 7690459
1 6886914
1 834800
1 5743214
1 4213920
1 3119734
1 8004287
1 4938651
1 5731488
1 8902585
1 2497409
1 5117390
1 5447488
1 5031370
1 3219318
1 1976824
1 8465534
1 8010686
1 912271
1 2140960
1 1672022
1 1982665
1 2603576
1 4056229
1 7542459
1 4648733
1 5273992
1 1643709
1 3292700
1 2354875
1 7407977
1 9094648
1 5885102
1 7395520
1 3097361
1 3453772
1 4122842
1 6566887
1 372987
1 742956
1 4941347
1 3573942
1 7333365
1 710341
1 4974583
1 1494382
1 474012
1 4968418
1 4143139
1 181678
1 5727116
1 1901573
1 8654263
1 3833613
1 3753952
1 4517347
1 4206415
1 8785064
1 7702893
1 4414691
1 3647277
1 1043698
1 8498778
1 7619136
1 5166647
1 1457325
1 6091100
1 4448503
1 8127234
1 7485326
1 2320357
1 8486536
1 8976068
1 7734969
1 2009163
1 6542982
1 55043
1 8483277
1 533737
1 4427351
1 5835380
1 9494938
1 3660485
1 2374942
1 2217841
1 7495469
1 2862317
1 839463
1 9680282
1 1956864
1 7405291
1 3653418
1 2741334
1 2730223
1 2391606
1 2537797
1 4234884
1 7079423
1 439183
1 1549837
1 8341628
1 7420708
1 8733745
1 5064827
1 4966559
1 4979164
1 7401887
1 6302558
1 1678842
1 553272
1 9223129
1 9972454
1 4784098
1 6970074
1 4133996
1 4881289
1 2337797
1 5684030
1 5765075
1 2175154
1 3988287
1 5511038
1 7618006
1 3139546
1 298083
1 1260528
1 6253466
1 658300
1 5368027
1 7201916
1 4809296
1 2396267
1 4597117
1 4232825
1 7893281
1 6162259
1 7755119
1 774025
1 2060313
1 365847
1 8964237
1 1529021
1 6960695
1 7029695
1 1828456
1 7854912
1 5312865
1 9971929
1 2685934
1 3569672
1 7035059
1 6796166
1 7224928
1 7191301
1 5719510
1 32843
1 8021884
1 8344532
1 8332384
1 5944064
1 9341709
1 952024
1 7417323
1 3779596
1 4377951
1 167826
1 8506171
1 9300152
1 730671
1 2991413
1 5410356
1 9440457
1 9120397
1 7681255
1 410676
1 6952462
1 4294482
1 7689351
1 1056342
1 828613
1 9517518
1 722668
1 2783843
1 6007542
1 2623446
1 997979
1 3319390
1 7072733
1 7794143
1 7252489
1 9414846
1 2742966
1 5395378
1 389468
1 6292898
1 923186
1 2218885
1 3170923
1 3294900
1 4860477
1 6993592
1 6736545
1 2464119
1 75253
1 5488678
1 1406994
1 8758033
1 6614984
1 9867814
1 5745713
1 8316703
1 2776213
1 742386
1 1808064
1 4517461
1 4474973
1 7937058
1 210222
1 8615238
1 700830
1 6133989
1 8691427
1 5572270
1 6273189
1 1203382
1 7343887
1 836843
1 4801505
1 9035881
1 5932906
1 1347378
1 3125685
1 1582985
1 1071455
1 7086027
1 4725587
1 4826847
1 1378396
1 9690132
1 4088681
1 1311951
1 9170059
1 3630038
1 3172234
1 2090480
1 6457622
1 6520125
1 539429
1 5159448
1 5364064
1 723796
1 8504518
1 6916884
1 4184034
1 5014548
1 4874201
1 1420192
1 6235413
1 3891031
1 3056154
1 823740
1 3765671
1 5378208
1 4585538
1 967001
1 1995106
1 5970300
1 5314652
1 945598
1 8821947
1 3011832
1 5861499
1 9197
1 6839100
1 8848809
1 7424911
1 5324603
1 2951976
1 6124653
1 7827599
1 5971854
1 7994555
1 2303376
1 4469714
1 197869
1 8875185
1 6708253
1 8444446
1 3921857
1 5996196
1 14553
1 4756105
1 3747779
1 4513756
1 7569238
1 5070901
1 4300538
1 9160359
1 7381662
1 7153504
1 8648999
1 6825601
1 3882194
1 681536
1 7101790
1 1106873
1 985307
1 1089019
1 4979067
1 5147974
1 8594860
1 1356289
1 9668572
1 229413
1 3567717
1 3901237
1 4492902
1 6935930
1 3769806
1 3697778
1 4289411
1 8336972
1 2839261
1 9535884
1 3212627
1 7205829
1 5635359
1 9083929
1 3131032
1 3319629
1 2546796
1 7036485
1 9218951
1 394955
1 9781733
1 3399733
1 5117902
1 9600404
1 2593176
1 9381651
1 3470
1 9569910
1 8128633
1 2918924
1 7424693
1 5010098
1 1879712
1 4969616
1 5855549
1 4221541
1 4162379
1 7994230
1 971167
1 239076
1 3316520
1 5868197
1 3606402
1 4435916
1 7894395
1 1478541
1 8454649
1 1056106
1 8903212
1 9213154
1 8409515
1 7672939
1 7804254
1 8398897
1 3141804
1 9678203
1 1570067
1 7692355
1 3266205
1 9233815
1 4917932
1 5396708
1 7580771
1 2794595
1 8041865
1 211550
1 7257909
1 9609414
1 8657394
1 4865593
1 1538164
1 7968745
1 6211907
1 4868953
1 5307440
1 8620310
1 3383837
1 9154906
1 628511
1 459084
1 4919179
1 9547311
1 4110042
1 6106024
1 1551456
1 4767366
1 3129240
1 3626228
1 2391410
1 7510093
1 2050290
1 7782232
1 26539
1 640834
1 6219294
1 1900381
1 3187201
1 2870463
1 8138737
1 9487939
1 6951848
1 1121178
1 2562205
1 3799570
1 6432125
1 7453079
1 3263531
1 9713485
1 9423172
1 8414317
1 6373983
1 8823803
1 4509919
1 9924518
1 9371478
1 9254100
1 6347578
1 1760636
1 2772521
1 2170568
1 3223225
1 8769782
1 7408466
1 3360519
1 7079938
1 8212940
1 5121220
1 1072618
1 5644375
1 4933158
1 1870989
1 8825764
1 2129382
1 9860946
1 2460658
1 7160736
1 587331
1 4369862
1 2785488
1 7330064
1 296340
1 7434804
1 7208462
1 4735360
1 3311286
1 5733620
1 1328664
1 2916969
1 307191
1 6396150
1 177064
1 3080672
1 432064
1 6375195
1 187037
1 7560868
1 2497989
1 9745545
1 7078594
1 3433276
1 4027981
1 7148933
1 3806916
1 6572119
1 2359466
1 2062830
1 3334090
1 9077458
1 9390341
1 4981306
1 8363822
1 8854174
1 9708704
1 3093325
1 6043524
1 7903456
1 4333123
1 9509981
1 3007939
1 9282320
1 8089929
1 6660239
1 8907756
1 6901775
1 5086367
1 3716164
1 8634115
1 701288
1 3694983
1 8740737
1 2718590
1 1264377
1 4077898
1 7089511
1 8694797
1 1214069
1 9204609
1 9504961
1 9241328
1 1653670
1 2742589
1 1739374
1 7539534
1 40214
1 2593566
1 3529537
1 4792223
1 598084
1 1129914
1 164944
1 2477309
1 5059630
1 8367937
1 5469758
1 5614804
1 9568357
1 8663984
1 5319750
1 4000427
1 3375482
1 3874394
1 3108670
1 9653997
1 5767858
1 3541925
1 5923422
1 2426062
1 5782040
1 9527573
1 677804
1 6924558
1 3131293
1 794681
1 2817049
1 7942802
1 4192831
1 5774249
1 860499
1 7066387
1 783931
1 3872859
1 4255544
1 1291631
1 2945106
1 1511743
1 9174857
1 5273780
1 982225
1 9756770
1 5336225
1 2820981
1 4690712
1 9297391
1 7306666
1 3268807
1 6217981
1 5450721
1 4641743
1 2220408
1 2981508
1 4691359
1 4573811
1 2303267
1 6422486
1 9282968
1 7065797
1 6332956
1 1306510
1 2736694
1 3787352
1 9551757
1 8133130
1 5874490
1 9904704
1 3123730
1 9844249
1 5490526
1 9213122
1 7127287
1 1605516
1 9839935
1 2279123
1 4414679
1 8819710
1 7025038
1 2404235
1 8264592
1 271839
1 4658021
1 3136786
1 8511569
1 3125797
1 9253892
1 5819960
1 6336880
1 7362603
1 2332906
1 2544032
1 6531643
1 2275091
1 6897155
1 8808811
1 8918251
1 8873351
1 2798892
1 2619268
1 9736649
1 2205154
1 4396752
1 8956127
1 7494723
1 3474849
1 4024006
1 4986523
1 4067275
1 9851979
1 4425319
1 20796
1 6261747
1 7546028
1 5272773
1 729994
1 8559224
1 3193369
1 8318784
1 2781467
1 5490771
1 2688401
1 8557078
1 4286131
1 2483760
1 5199365
1 5097752
1 5623700
1 2106592
1 9014891
1 8511139
1 8475081
1 8717014
1 2911603
1 5826067
1 9460545
1 4103788
1 1124944
1 8439841
1 238339
1 4687925
1 3885672
1 1723108
1 653021
1 6095392
1 3211841
1 6580346
1 3476182
1 3091706
1 6154230
1 4781478
1 5337726
1 7926302
1 7624630
1 4051822
1 7170554
1 3442971
1 7646888
1 9386901
1 146879
1 4545238
1 1702519
1 725879
1 2837918
1 6616791
1 9924755
1 3696866
1 8408381
1 7898024
1 3784428
1 4698771
1 9610519
1 6955152
1 2305637
1 3004798
1 3924816
1 9663051
1 3233395
1 6965004
1 3815964
1 3278656
1 7561205
1 6730742
1 5122170
1 3866868
1 737556
1 4415814
1 7792203
1 1006218
1 5239404
1 6066869
1 601030
1 7437330
1 1299332
1 6237052
1 1345759
1 1328421
1 8127021
1 442507
1 9034164
1 5180384
1 5944478
1 3162514
1 3711765
1 4048455
1 2939634
1 5888980
1 2394958
1 9780214
1 7169382
1 2576151
1 3080537
1 7107345
1 8606609
1 1319713
1 7413495
1 6805433
1 7629408
1 7162456
1 2796083
1 9937732
1 7706278
1 7822364
1 2649194
1 5518766
1 1396558
1 7500821
1 1187431
1 1372034
1 8019568
1 9988479
1 3181139
1 7623562
1 9997737
1 6565325
1 1064955
1 3198529
1 7376746
1 570710
1 3268514
1 1734000
1 1528900
1 3776503
1 2118274
1 4869458
1 6398893
1 4139860
1 4753888
1 5083236
1 3120310
1 4665510
1 4400654
1 3924281
1 5571699
1 9227253
1 2238084
1 5775595
1 7994687
1 4274785
1 4736224
1 6554613
1 4525430
1 1750820
1 9626324
1 111235
1 6053515
1 1002437
1 5526339
1 9521127
1 2889564
1 1594984
1 9546958
1 7399830
1 8631412
1 5921478
1 1932422
1 3976204
1 5836635
1 5989331
1 6884395
1 6890957
1 2218161
1 8593974
1 5338786
1 6608552
1 1216036
1 1144738
1 7183986
1 3952115
1 5903013
1 9687014
1 6423067
1 3002688
1 7569268
1 6519896
1 8859358
1 6289135
1 9448078
1 6520794
1 1186435
1 6632975
1 7625670
1 2026133
1 8933411
1 5109333
1 7338214
1 5079659
1 6021089
1 8069762
1 7280824
1 3997118
1 1737337
1 5145584
1 9940790
1 4921084
1 8550847
1 9497477
1 8511697
1 3564571
1 4050530
1 2066340
1 589808
1 9773689
1 6743756
1 1469446
1 5439037
1 4763537
1 7643928
1 4222131
1 6993785
1 6687617
1 9276451
1 2024925
1 9075494
1 2154861
1 3578360
1 4941575
1 5851140
1 4080457
1 2664273
1 2343560
1 6063592
1 4748775
1 2594870
1 6504603
1 8649062
1 1986672
1 3321957
1 7342697
1 2100765
1 2301779
1 6016091
1 3503659
1 9287854
1 2828236
1 4476348
1 1246219
1 5278041
1 8469766
1 6763743
1 8800605
1 6964075
1 4363408
1 3702242
1 113585
1 2604922
1 9804319
1 7986825
1 6121196
1 4029614
1 1845652
1 4535968
1 6395414
1 9742759
1 3356975
1 1371808
1 55044
1 1798201
1 5623138
1 5278814
1 9646093
1 4257738
1 9812990
1 3978575
1 4554146
1 9152992
1 3738816
1 3226136
1 8821105
1 2207505
1 8956988
1 6676300
1 4008753
1 1267467
1 3081876
1 3891678
1 2915582
1 2973212
1 5738786
1 8202230
1 8562732
1 8544425
1 7918727
1 8194217
1 4219522
1 6741693
1 2783063
1 8962692
1 2287685
1 2176985
1 3729209
1 2323182
1 5798162
1 2260615
1 7637586
1 5775935
1 900999
1 1340511
1 4970161
1 4809030
1 2303713
1 8689736
1 9129900
1 9550607
1 9984060
1 6065250
1 1081297
1 7033508
1 1713830
1 8921332
1 9191897
1 2472555
1 6648276
1 239468
1 1230994
1 2490880
1 9627953
1 4610750
1 8547844
1 2199935
1 3491523
1 2405662
1 3043211
1 6854543
1 1105253
1 5682534
1 3796443
1 8895801
1 2531705
1 5403049
1 4142161
1 5204373
1 8602421
1 1301156
1 5640140
1 8892705
1 5397117
1 101921
1 4854897
1 2589646
1 9923285
1 6176129
1 1455456
1 2128187
1 7308462
1 8804789
1 4449140
1 377816
1 7573448
1 1589329
1 4692705
1 7212601
1 3106386
1 3211320
1 516819
1 433405
1 4091728
1 8548983
1 1763167
1 5872064
1 7720493
1 8780613
1 4259415
1 7752363
1 7026102
1 7437131
1 6553580
1 8342892
1 1569043
1 8831458
1 5473178
1 4723176
1 2854534
1 1685039
1 9493162
1 8608472
1 6124097
1 7526463
1 953614
1 7853731
1 1381496
1 6552231
1 9430682
1 7671843
1 6121307
1 4003749
1 8823006
1 1436557
1 5931956
1 7089446
1 3744947
1 7619302
1 5954088
1 9897910
1 5559507
1 6157619
1 9098398
1 3516891
1 6983395
1 8732094
1 914484
1 7497856
1 6282603
1 518397
1 885014
1 2555955
1 1660883
1 9758057
1 9861498
1 2329241
1 1138147
1 724049
1 2809068
1 2405843
1 4544942
1 6553394
1 6024655
1 4940272
1 331307
1 9054000
1 4981708
1 5312073
1 7237132
1 4762295
1 6539476
1 4951239
1 5739975
1 4090018
1 6723157
1 2638185
1 4790582
1 3815793
1 8369546
1 256941
1 3856860
1 4052169
1 6986985
1 6858884
1 4571067
1 9775592
1 9709809
1 6578286
1 6733879
1 9716946
1 7316166
1 9896083
1 4203254
1 5350597
1 9701158
1 2184024
1 2443432
1 8909897
1 9971299
1 1721301
1 6009233
1 7125175
1 3910253
1 8739477
1 7008832
1 3007242
1 4794420
1 5088097
1 853560
1 2401215
1 4753169
1 481167
1 4935202
1 269669
1 2649642
1 1095337
1 1759497
1 6511678
1 9752450
1 8717501
1 3146860
1 9815010
1 338597
1 1941944
1 7903486
1 9581417
1 4054746
1 9051038
1 1441751
1 6364274
1 774244
1 3192245
1 1048678
1 4371946
1 1264597
1 8073966
1 967749
1 144475
1 8015991
1 513934
1 5740733
1 2213611
1 2580362
1 748864
1 7642574
1 5484336
1 9856085
1 4249884
1 2965548
1 713056
1 4660654
1 4064571
1 4250487
1 6159326
1 2987295
1 5992342
1 5026201
1 6073457
1 4071895
1 7918779
1 6138261
1 7089400
1 5137410
1 3586538
1 3549942
1 268314
1 3291992
1 2851953
1 4730753
1 1627633
1 2767768
1 842505
1 6466975
1 9714683
1 1737961
1 8356132
1 7209095
1 8516941
1 6239137
1 5780875
1 8420929
1 4034108
1 1194080
1 6240317
1 6729623
1 2438219
1 4034772
1 2454112
1 8103156
1 1091378
1 7873577
1 9580843
1 48812
1 2568114
1 8105614
1 274253
1 981701
1 5652971
1 2599726
1 4878135
1 894461
1 7519402
1 3501967
1 2515513
1 669327
1 7823026
1 5725184
1 3076509
1 2986295
1 6190015
1 1387756
1 8165737
1 7514609
1 9692744
1 1431300
1 2820207
1 4392551
1 3010624
1 7260981
1 850384
1 5368599
1 5599797
1 5060890
1 7907019
1 5124510
1 1140588
1 8287041
1 3915279
1 4597806
1 5241581
1 7907166
1 1019762
1 9885337
1 8668501
1 3057440
1 6754
1 8078594
1 7560705
1 2182503
1 7137091
1 2866680
1 9296555
1 3800788
1 3943467
1 492618
1 9388204
1 2486918
1 231460
1 9765626
1 9960310
1 8972744
1 7205337
1 2422254
1 1575976
1 1327182
1 438806
1 4779866
1 1030425
1 9026073
1 4344441
1 1456904
1 7507811
1 92278
1 8815321
1 4556140
1 5320134
1 6541498
1 2794209
1 6371706
1 5195626
1 4369861
1 9497213
1 6427811
1 9782039
1 8000590
1 929614
1 129306
1 9772586
1 5353765
1 4568092
1 7165682
1 3255400
1 6844835
1 5423264
1 172409
1 5206569
1 367577
1 6407090
1 3436448
1 9462037
1 4294393
1 1431884
1 3887264
1 3900949
1 4353312
1 7608373
1 8630061
1 4369100
1 2794231
1 6950815
1 8409051
1 9975264
1 333317
1 8405979
1 1223056
1 7022152
1 9423324
1 2700114
1 7545729
1 2694200
1 8428546
1 7987657
1 3444553
1 5623459
1 7245637
1 9696957
1 6611673
1 5159273
1 7777762
1 8019528
1 7974137
1 7686039
1 7868717
1 2478357
1 3470419
1 565518
1 108117
1 4217032
1 1410548
1 4574099
1 3676063
1 5510920
1 6383473
1 3135780
1 8790264
1 6633760
1 7098346
1 1948795
1 9824776
1 9264526
1 5563722
1 3979344
1 1917510
1 8082240
1 982853
1 7838226
1 463862
1 6239610
1 3723455
1 2287123
1 9605558
1 3153634
1 1573397
1 8855683
1 9313719
1 7306594
1 2541843
1 8903351
1 1122510
1 7639886
1 3805487
1 231050
1 7207373
1 225003
1 1655200
1 5962668
1 8764997
1 3406028
1 7454338
1 7813733
1 8501917
1 152839
1 3162589
1 8916613
1 3831904
1 1963077
1 5604227
1 1173503
1 8601980
1 2732628
1 4758204
1 6404927
1 4962713
1 7989672
1 9318872
1 8048463
1 8228323
1 9941851
1 2112350
1 4913454
1 9648169
1 6533818
1 5788587
1 4244222
1 7504330
1 7487595
1 5354088
1 5197808
1 1801564
1 1817148
1 5234798
1 906272
1 5350779
1 2864262
1 2627393
1 8460974
1 8824080
1 7341864
1 9209399
1 8569890
1 1480791
1 9494592
1 1571193
1 1392495
1 1812025
1 2701919
1 2130188
1 3360746
1 3252114
1 2163183
1 9516625
1 7942175
1 2988811
1 4009087
1 1338224
1 1963547
1 2034045
1 8940980
1 1518670
1 3198823
1 7993197
1 1653476
1 4329398
1 6111981
1 4468241
1 7160464
1 809765
1 6730305
1 4695246
1 50910
1 8610034
1 8184692
1 7861526
1 2163860
1 1438179
1 7674723
1 7556816
1 7738516
1 1921917
1 4736584
1 9965301
1 3012763
1 3472153
1 2278792
1 9858479
1 8494401
1 1281867
1 8263357
1 61777
1 5030334
1 150696
1 1087932
1 3878775
1 1067854
1 6293201
1 3570780
1 3031933
1 545344
1 5091355
1 3348675
1 7043092
1 9828197
1 4397519
1 8531489
1 1789754
1 2114348
1 9043570
1 2810022
1 1385122
1 6708757
1 9248433
1 2723478
1 6914544
1 7192090
1 7678850
1 3082164
1 1314233
1 6096421
1 2914751
1 9157369
1 5591935
1 3221243
1 2553215
1 1432365
1 7049475
1 6879573
1 5461541
1 44594
1 3338110
1 8369374
1 8121364
1 5826971
1 5454652
1 7786211
1 8194504
1 7166679
1 1823001
1 9970523
1 7250164
1 5631803
1 4812789
1 3030723
1 247965
1 4413528
1 9912867
1 1682919
1 9374102
1 2705270
1 3771355
1 1650656
1 1007920
1 860170
1 8098325
1 7402315
1 3646988
1 135618
1 1727357
1 3740597
1 5029693
1 1635782
1 3406396
1 8279517
1 3541510
1 5505025
1 1187760
1 9214573
1 2380822
1 224137
1 2941692
1 4895028
1 5752702
1 5023349
1 7676270
1 2079178
1 8933828
1 5090619
1 880865
1 3299257
1 8344880
1 682127
1 1602790
1 1007350
1 8544084
1 9261555
1 1073762
1 5470764
1 7371366
1 3518772
1 7338704
1 2741705
1 6906970
1 5135306
1 1875676
1 5722091
1 3714469
1 5993574
1 5894732
1 2520892
1 3869576
1 7431383
1 5284071
1 7535580
1 849581
1 8573956
1 9902370
1 1570060
1 5312160
1 1697611
1 6539326
1 4449782
1 6035667
1 1695514
1 9178792
1 6591542
1 4203502
1 4606739
1 2989323
1 449593
1 293601
1 4277286
1 3039432
1 8849603
1 7117942
1 9463015
1 3259300
1 4186402
1 1596642
1 2896003
1 1884677
1 1417562
1 1201129
1 6544410
1 5371764
1 6987885
1 2169539
1 6734583
1 2085489
1 2175582
1 5430965
1 9363573
1 2943796
1 8868127
1 8955735
1 2223150
1 3175848
1 4064749
1 3232900
1 9911536
1 2848136
1 4697946
1 4012175
1 8292132
1 4112153
1 1024785
1 5209502
1 9518680
1 2595373
1 4416439
1 7704839
1 3560836
1 8363253
1 2655112
1 3587025
1 6830911
1 9343371
1 56436
1 2463616
1 7688048
1 8516992
1 2312542
1 3726778
1 7440818
1 9018422
1 3424155
1 1508266
1 1559908
1 2217367
1 8073588
1 1381903
1 2443096
1 2879705
1 1162892
1 2055120
1 122447
1 3377267
1 8968542
1 4930461
1 6846567
1 4896901
1 1251144
1 7234520
1 2833535
1 6060570
1 1212794
1 8765269
1 6339240
1 7849375
1 9420227
1 7050967
1 695806
1 9927130
1 1036808
1 8564591
1 9004446
1 801425
1 4536218
1 948638
1 5327412
1 6296639
1 5373217
1 6796934
1 7951775
1 9051980
1 7608961
1 6143521
1 7147909
1 7431820
1 1511096
1 1618044
1 3502553
1 570165
1 8952691
1 7130843
1 4272522
1 2934023
1 8480584
1 7127101
1 733741
1 4026486
1 3650376
1 3393040
1 5621742
1 1246119
1 1341240
1 5941579
1 5074445
1 4171713
1 3659418
1 5784895
1 9000795
1 2729150
1 2056258
1 5135648
1 583254
1 2459239
1 3247474
1 9971199
1 8081589
1 5078352
1 1283070
1 8200182
1 124454
1 7883149
1 6002837
1 9113503
1 9829129
1 6496198
1 443455
1 8850616
1 6325827
1 6474597
1 7461792
1 6414542
1 5966203
1 1882807
1 5033274
1 9139191
1 684050
1 4347271
1 4146975
1 3906257
1 1346118
1 5910220
1 6986210
1 6040531
1 4114133
1 4152701
1 5125599
1 2801535
1 6033529
1 2361029
1 1718654
1 718949
1 7333430
1 9274996
1 6493964
1 9112167
1 6168470
1 9143517
1 1070521
1 1630865
1 1785409
1 2455020
1 2261966
1 6447343
1 8905770
1 6413307
1 9268133
1 631407
1 162104
1 2591725
1 5956430
1 6430231
1 4229163
1 9226380
1 6117268
1 8789976
1 9907291
1 643642
1 9397377
1 9986011
1 1557331
1 1939870
1 3128875
1 4880451
1 8804993
1 4661823
1 228580
1 8208186
1 364234
1 3187570
1 9381963
1 9039191
1 3409238
1 6619275
1 8236051
1 6377010
1 9213654
1 7071460
1 100463
1 1539955
1 4277007
1 1800723
1 211864
1 4901328
1 1051733
1 6114632
1 8308666
1 4940497
1 7466994
1 5988465
1 8510820
1 9461003
1 8272244
1 5674158
1 7422622
1 7993491
1 9298843
1 2945367
1 7277792
1 1679587
1 4539268
1 905700
1 1602356
1 8437176
1 1667388
1 7511151
1 9888011
1 8805331
1 5907258
1 5338253
1 5262700
1 993764
1 8189838
1 6764570
1 7664001
1 1221650
1 9093872
1 3292442
1 7062499
1 5464634
1 9884317
1 9067322
1 6219853
1 2470948
1 3138888
1 7837390
1 9040549
1 3873346
1 4754275
1 4576698
1 729053
1 3985856
1 8578869
1 3506092
1 7589158
1 5699512
1 4284064
1 9951008
1 891219
1 7000167
1 7320019
1 1714333
1 5485457
1 4618213
1 8088873
1 2587672
1 9896990
1 356241
1 1268890
1 4342712
1 2198383
1 2073423
1 5732351
1 3824426
1 6820632
1 5382984
1 8493366
1 5294541
1 5378776
1 8517504
1 9597030
1 5727220
1 5799452
1 3942293
1 9619187
1 4897272
1 1418117
1 3178589
1 4642587
1 3062697
1 9448070
1 8656682
1 4395415
1 157527
1 5921895
1 7504453
1 4954956
1 8237714
1 491328
1 9485450
1 8594680
1 3404502
1 6581684
1 5133374
1 8014187
1 8798805
1 4946485
1 3004732
1 379378
1 6628737
1 4129047
1 5917681
1 2500632
1 8335708
1 1276514
1 118490
1 3851509
1 8969105
1 4850091
1 9711838
1 3907759
1 102884
1 9431630
1 6120895
1 3836202
1 6110228
1 9181530
1 9480580
1 8961972
1 828626
1 5812041
1 7042530
1 5758038
1 4009408
1 3731542
1 1645334
1 8430364
1 966960
1 8788620
1 4164530
1 9972122
1 4061389
1 76996
1 1530898
1 9423086
1 7544638
1 2277788
1 8429830
1 5718716
1 1843815
1 9077808
1 4350085
1 1662054
1 8613242
1 6989449
1 7854091
1 7093193
1 497469
1 4346803
1 4486136
1 587232
1 5327572
1 7012908
1 9272559
1 6049284
1 7042651
1 2520829
1 8229871
1 3358129
1 7932118
1 3119564
1 1909913
1 2095410
1 1790419
1 9818744
1 8504662
1 3801250
1 5829753
1 8409289
1 3485500
1 7855123
1 1113902
1 8274809
1 731922
1 7624982
1 7081773
1 9724960
1 8738318
1 7703867
1 7971011
1 6313085
1 6251673
1 3729381
1 1687428
1 6121509
1 5977985
1 6927183
1 291339
1 9088721
1 5018239
1 7181748
1 457887
1 2720097
1 5213000
1 7595557
1 5984134
1 4591699
1 316483
1 3859335
1 3078455
1 4841074
1 3535912
1 5595549
1 7110296
1 3489112
1 8998444
1 2163264
1 3961754
1 1072182
1 3154133
1 338364
1 7534355
1 5845683
1 8307680
1 7482624
1 6049253
1 7943810
1 1371780
1 4061274
1 7304639
1 934860
1 4539604
1 178410
1 32351
1 8967017
1 7389596
1 1624577
1 9467618
1 5664129
1 3096588
1 4492109
1 750607
1 3858048
1 1038281
1 5782296
1 2387605
1 461482
1 1528353
1 2906876
1 5565887
1 9285218
1 5689276
1 474331
1 2382142
1 6370296
1 9622602
1 6138717
1 4371665
1 2860218
1 9650765
1 5140032
1 4210999
1 7955033
1 7763271
1 3143302
1 8769550
1 219756
1 3575277
1 2706421
1 7029949
1 1573639
1 2155657
1 6851714
1 5829217
1 7786047
1 74020
1 6169530
1 740506
1 8082429
1 7220421
1 777601
1 2422499
1 8802144
1 1429992
1 562936
1 9046498
1 1210246
1 162279
1 2235334
1 9362581
1 6603596
1 4372137
1 516456
1 4448047
1 1695080
1 6319142
1 80735
1 8254985
1 2329460
1 6743307
1 4158737
1 9976746
1 2551702
1 3900103
1 9199036
1 4315569
1 1148129
1 8083981
1 3968783
1 5055088
1 1144987
1 1917096
1 3580584
1 3721749
1 8067744
1 442709
1 5269643
1 7052495
1 794965
1 2711883
1 7466930
1 9353659
1 6036090
1 500588
1 6138888
1 2125630
1 7346876
1 916407
1 5173047
1 8606318
1 2991255
1 3187525
1 6970925
1 285554
1 9692402
1 5673132
1 5251227
1 7010079
1 4953587
1 5902639
1 4116754
1 9792181
1 8504874
1 7613444
1 993115
1 6289232
1 8363392
1 8460351
1 8320958
1 6842565
1 3874004
1 7578153
1 8304438
1 3617266
1 2247323
1 2551521
1 9946622
1 2524507
1 2293301
1 2330420
1 3597229
1 8475443
1 5849298
1 6732716
1 7126133
1 4336623
1 8309331
1 9823364
1 2983683
1 7341174
1 740977
1 7724033
1 9552843
1 4972379
1 3788670
1 635710
1 6539783
1 2853515
1 4816309
1 2892269
1 2618081
1 3326848
1 8224821
1 3479020
1 9992536
1 7418220
1 1426284
1 1719509
1 752896
1 6474543
1 4224216
1 4594297
1 7809508
1 6229241
1 2356925
1 612942
1 8185740
1 9371815
1 8238291
1 1604211
1 9103722
1 6542418
1 1368672
1 1963429
1 3181066
1 9091444
1 259456
1 9219375
1 8305735
1 2962603
1 4606982
1 2760842
1 7838344
1 4914506
1 5381678
1 9375473
1 3752638
1 8731868
1 6073269
1 6844501
1 2609780
1 701853
1 2780683
1 4745732
1 7535707
1 2980977
1 7012021
1 7201725
1 8164544
1 6973290
1 1860330
1 8762240
1 6616842
1 7628836
1 8477196
1 526474
1 5581557
1 3874067
1 1557799
1 4590424
1 8080231
1 8581664
1 3073079
1 5622914
1 2783277
1 6810002
1 1142824
1 5535859
1 4844062
1 3759929
1 8163429
1 7687760
1 9769511
1 9950597
1 3959708
1 4348641
1 1492180
1 2680599
1 8717652
1 7661895
1 2564126
1 8275281
1 4109529
1 5757642
1 2859569
1 3951942
1 2240279
1 3066920
1 5183758
1 6818755
1 7349037
1 2079949
1 6716315
1 2450965
1 4385371
1 4185673
1 9922325
1 2181465
1 3488321
1 2953518
1 4513592
1 9077911
1 903046
1 2778664
1 5849337
1 8036077
1 8622624
1 7337167
1 4657766
1 1478492
1 2415598
1 5722443
1 4988588
1 1195599
1 9603903
1 4943974
1 9982275
1 4021358
1 9256939
1 4428413
1 489126
1 7491696
1 717667
1 2644748
1 9967398
1 7534680
1 7900724
1 9475872
1 9411647
1 7053176
1 524001
1 8234143
1 4851253
1 3621697
1 3179015
1 3203814
1 303953
1 6421648
1 2844029
1 1083938
1 5727450
1 6511567
1 4226724
1 3869599
1 213947
1 961107
1 8205458
1 2459480
1 6337464
1 3329766
1 5437189
1 9052880
1 5482853
1 4160143
1 544760
1 2927638
1 7649781
1 2526408
1 5156309
1 3568214
1 6273866
1 2348315
1 6963274
1 8749931
1 175754
1 4024345
1 9172635
1 6182896
1 4932241
1 4710241
1 2692270
1 5840237
1 6003282
1 9021318
1 7334094
1 5663084
1 3661063
1 3151265
1 1655539
1 198516
1 4571766
1 7200848
1 6510637
1 4262845
1 1513556
1 3837725
1 6375807
1 33908
1 922019
1 1521922
1 2885366
1 9971311
1 5717570
1 2946132
1 3813630
1 6447371
1 4399389
1 2253895
1 7916398
1 1227162
1 7019540
1 4666611
1 6951159
1 7619861
1 9680622
1 1092315
1 9986419
1 2612341
1 9941918
1 5204570
1 8762789
1 3918459
1 9068676
1 1143617
1 7531527
1 465516
1 7322133
1 2869989
1 49918
1 6165806
1 6481601
1 6082853
1 3749834
1 2993224
1 6798062
1 3600493
1 8247438
1 772070
1 268092
1 4369039
1 6378843
1 8294190
1 9415048
1 7009309
1 3004559
1 9000018
1 9035932
1 581228
1 3519949
1 455916
1 7987836
1 9718853
1 7933770
1 648045
1 2987925
1 6583006
1 5200614
1 6276415
1 2098249
1 1250690
1 1825446
1 7979093
1 6946327
1 4172217
1 3079030
1 1625231
1 6217261
1 898232
1 8771875
1 20409
1 1793844
1 8057308
1 830475
1 1208243
1 249370
1 1790322
1 2342840
1 6797399
1 5867436
1 6767855
1 3826568
1 2706407
1 7344230
1 3584322
1 9946606
1 8658594
1 9807976
1 1926562
1 8966889
1 3766456
1 2094025
1 1152753
1 3519327
1 4019802
1 193545
1 4984803
1 6479158
1 7066846
1 5869611
1 8806606
1 5128231
1 2095737
1 8763837
1 8035558
1 5708261
1 6266456
1 5435762
1 2617343
1 3501734
1 4754052
1 1961075
1 9561482
1 7973018
1 7933557
1 6432117
1 2893753
1 7990629
1 2188079
1 8367909
1 5200688
1 2399207
1 4490658
1 9938694
1 4048330
1 5469305
1 5312091
1 4349526
1 972214
1 9565307
1 4835301
1 2588883
1 4632885
1 2648343
1 1116904
1 2524973
1 3747412
1 5935735
1 1358254
1 6509342
1 4986963
1 9855599
1 946775
1 7561465
1 1174872
1 7049973
1 4579193
1 8911913
1 399272
1 7905304
1 7671982
1 6834732
1 1889237
1 5108406
1 8434989
1 542932
1 8482168
1 8558858
1 4567606
1 4973817
1 8466608
1 6779459
1 2531379
1 2850499
1 4246900
1 298791
1 1908072
1 9311743
1 4123676
1 3113113
1 6297407
1 1498120
1 8884180
1 8153535
1 2496438
1 9146539
1 6041090
1 6092851
1 3577194
1 6339947
1 313132
1 9532970
1 3768500
1 5135579
1 9471795
1 6955981
1 5616414
1 4426140
1 9074888
1 6277912
1 6242715
1 6068624
1 3552701
1 6060668
1 8458615
1 3862116
1 8378598
1 9947914
1 4190377
1 3872199
1 650639
1 3478772
1 7922045
1 2739938
1 6850170
1 9498854
1 5854851
1 394236
1 7565696
1 6628672
1 9235495
1 2379116
1 585892
1 9114646
1 411481
1 6211652
1 3417594
1 9652131
1 8357543
1 7461565
1 3601268
1 9590895
1 5590621
1 6546064
1 2975379
1 5657766
1 1935334
1 7306573
1 5808087
1 1790305
1 3196552
1 3683805
1 8722162
1 5413287
1 9618332
1 3820162
1 9223216
1 9489434
1 6308245
1 364235
1 6387062
1 2897386
1 9191153
1 4053281
1 7688938
1 443731
1 4032077
1 998265
1 446940
1 8303829
1 1600388
1 7322360
1 6714562
1 2323573
1 645951
1 7469429
1 4223437
1 2811952
1 6124356
1 310581
1 9644309
1 9345193
1 7103339
1 1022904
1 1832577
1 7970797
1 7307480
1 6176785
1 6244297
1 8231156
1 7657449
1 5554092
1 9034013
1 2371066
1 9747701
1 8466477
1 2784907
1 9439883
1 7875630
1 5872114
1 2351302
1 3346748
1 4908388
1 4294207
1 6590141
1 2720953
1 2935437
1 4492299
1 5734019
1 3032509
1 3041054
1 1374527
1 1074955
1 9632548
1 6322514
1 8019118
1 6043656
1 9588180
1 6622206
1 2841341
1 5529496
1 2735317
1 6863592
1 6389874
1 6666674
1 3023989
1 2845382
1 4169922
1 7762039
1 7383103
1 8269430
1 8932142
1 6767006
1 5812185
1 6422521
1 7981373
1 2916252
1 39572
1 5794584
1 1417926
1 1066157
1 2141480
1 6270216
1 476763
1 1516768
1 6878864
1 1794305
1 2160782
1 7055988
1 3453142
1 9641431
1 8008463
1 8856983
1 7805224
1 2846002
1 6415581
1 246526
1 9144631
1 5172661
1 2736062
1 6864675
1 5968274
1 9313587
1 1655946
1 3253881
1 2668177
1 3115873
1 391888
1 4085616
1 2551702
1 2132532
1 9095413
1 7817935
1 8800794
1 3011314
1 1161626
1 236074
1 2563176
1 6385921
1 1186190
1 5008948
1 6653126
1 2907773
1 2633975
1 8600504
1 2358321
1 2145489
1 4551646
1 625862
1 1038436
1 7536180
1 3307173
1 8248101
1 9685237
1 4848108
1 4964550
1 2112446
1 7959197
1 2522980
1 7205153
1 915388
1 3443501
1 4214234
1 6868899
1 7597651
1 2984477
1 7639319
1 3150084
1 8600791
1 8064776
1 9714627
1 2623145
1 3611486
1 6423978
1 3470354
1 4892724
1 1709084
1 4528899
1 1967239
1 8794798
1 805990
1 8337736
1 6429661
1 4240396
1 9545519
1 39144
1 4045107
1 5922307
1 9531978
1 4199242
1 852233
1 1536772
1 8685766
1 5408962
1 3799012
1 4390803
1 2823685
1 951494
1 238540
1 2654399
1 9659198
1 3545427
1 4905877
1 8673029
1 6245276
1 6081668
1 9721165
1 5098485
1 5700706
1 3629447
1 3967239
1 2915699
1 9074413
1 4550524
1 6252829
1 6396657
1 4976467
1 1873486
1 3838151
1 1016398
1 3273344
1 9983163
1 206529
1 4579564
1 9711388
1 5956781
1 352916
1 437657
1 3864441
1 4830071
1 5608626
1 2255202
1 5368832
1 3813269
1 4228869
1 9725491
1 7622607
1 3713477
1 7020814
1 3443178
1 8477804
1 1491733
1 8882769
1 5216655
1 8250703
1 7516975
1 5106318
1 1733005
1 4465116
1 3219080
1 6695841
1 4866910
1 879403
1 678111
1 7409016
1 6053569
1 3496729
1 6297447
1 9443740
1 8994911
1 2297227
1 7974364
1 6929789
1 4007971
1 7586053
1 6083282
1 6884593
1 7507387
1 4929695
1 1306003
1 5301856
1 3401833
1 7427367
1 3482761
1 3072064
1 6921958
1 3884589
1 9622878
1 9362156
1 5776018
1 3143518
1 8716125
1 8499075
1 9785525
1 9817920
1 2176874
1 6908433
1 524384
1 1676452
1 4466009
1 1720938
1 9872540
1 9385250
1 7733707
1 7510593
1 535486
1 4939835
1 7189452
1 2142456
1 3868111
1 1750237
1 5024112
1 7410544
1 6622117
1 9573166
1 8040671
1 6573496
1 3559499
1 3937197
1 5651981
1 645307
1 5190165
1 9832018
1 6557949
1 5882056
1 6914324
1 2651994
1 6691637
1 6379775
1 8824383
1 5401439
1 9042128
1 9008307
1 7399666
1 4251507
1 2670004
1 9295940
1 894569
1 2339391
1 8276751
1 5476396
1 9730285
1 8868333
1 9836243
1 2700895
1 1564188
1 7836086
1 8661852
1 5523095
1 7797443
1 5285631
1 4069381
1 6810498
1 8264199
1 5899326
1 3654997
1 5255399
1 3037063
1 8010938
1 8553524
1 1874995
1 1950609
1 6645270
1 6721933
1 8531700
1 3371700
1 2495705
1 6188354
1 6578717
1 2015216
1 7553138
1 5360856
1 4754176
1 6878368
1 6347688
1 4070270
1 111237
1 8971080
1 6838915
1 5640335
1 3720260
1 8207992
1 2670484
1 3663064
1 5155065
1 9962150
1 9929545
1 8991079
1 4765634
1 8548238
1 441447
1 3155687
1 4865839
1 9251318
1 492394
1 888602
1 5775573
1 7245562
1 2229878
1 9810370
1 6455052
1 8495959
1 9507427
1 3657031
1 2677543
1 7670063
1 7738443
1 1165480
1 4770345
1 818589
1 1776216
1 140989
1 3098260
1 6224833
1 5555820
1 4522896
1 3253803
1 4365352
1 8733244
1 7142191
1 492144
1 3960837
1 9823852
1 8572010
1 9872609
1 3018212
1 1017704
1 1167006
1 7432735
1 1265608
1 5522221
1 1179357
1 2643893
1 5712926
1 6159575
1 8661080
1 3931945
1 4198500
1 1580799
1 9221800
1 2215606
1 1213543
1 5303205
1 1017377
1 3717385
1 1691895
1 7517978
1 6670421
1 5651511
1 314924
1 151148
1 4237256
1 8179523
1 9348403
1 4463887
1 5414823
1 5031267
1 9192630
1 7899094
1 9382203
1 6823314
1 1870270
1 8294463
1 2129712
1 5282534
1 912665
1 3673114
1 3549955
1 1195122
1 2062152
1 8997416
1 8575928
1 5026264
1 3230805
1 3901992
1 9622557
1 4854366
1 9184809
1 1459701
1 175000
1 2093622
1 5197641
1 6291120
1 96563
1 3587695
1 2623276
1 7250338
1 7207649
1 2818911
1 1958211
1 1867291
1 6407487
1 2954886
1 8175808
1 8984742
1 8055879
1 6509237
1 2644963
1 3739186
1 8528275
1 6821570
1 112407
1 9189738
1 7991288
1 6125118
1 1122803
1 9644108
1 4856543
1 3007876
1 3278038
1 6864028
1 297757
1 7280489
1 6655136
1 7499014
1 4195516
1 1209991
1 2472654
1 1667698
1 6317643
1 773766
1 8357987
1 5320340
1 3593910
1 6380479
1 7688676
1 7010851
1 778473
1 3476781
1 6524297
1 8672750
1 1064275
1 6476477
1 440618
1 8510160
1 4828301
1 8128695
1 9925993
1 549425
1 2650182
1 4714467
1 7631255
1 3826148
1 154522
1 2722036
1 2918603
1 3646462
1 5539529
1 5479424
1 1478919
1 5051026
1 8274172
1 9474939
1 4038334
1 5928728
1 6899096
1 7215845
1 6180527
1 2041771
1 748071
1 4789017
1 6661133
1 2007662
1 3623379
1 4799182
1 9396443
1 2726332
1 8039842
1 2012209
1 8295781
1 5027205
1 4714018
1 8845073
1 452783
1 9334982
1 9434108
1 5775898
1 9906284
1 5151886
1 8772079
1 4066225
1 1837199
1 760962
1 2679538
1 1198380
1 3298254
1 2327891
1 6680274
1 1569807
1 329649
1 1278948
1 7122041
1 3082278
1 601859
1 5075504
1 6452698
1 7139876
1 7438633
1 9236718
1 6109226
1 4626156
1 6398443
1 1777445
1 3109460
1 5185362
1 5578072
1 6507797
1 8289755
1 8989313
1 9244026
1 906058
1 3689650
1 4008262
1 9039121
1 2565857
1 2148334
1 8483959
1 7102022
1 2521805
1 3783376
1 9493943
1 7244183
1 4272512
1 5594634
1 8809971
1 3497021
1 2280231
1 9196792
1 5301866
1 6438241
1 2668756
1 2725340
1 5937919
1 421027
1 5578863
1 2063806
1 4742576
1 399589
1 2865173
1 1213563
1 7303391
1 2497811
1 954164
1 4894462
1 4913782
1 2461643
1 3740774
1 5864544
1 7671807
1 9658658
1 3578521
1 84156
1 9776811
1 3054997
1 5197822
1 6156539
1 1371507
1 9270391
1 3993253
1 3393036
1 1218332
1 1348020
1 918290
1 5105290
1 2467582
1 4317379
1 8461896
1 3939773
1 7115121
1 2127860
1 5746571
1 1122683
1 504222
1 3371415
1 9302964
1 9996960
1 2303070
1 2458337
1 4271111
1 5874620
1 8045485
1 6324880
1 5642752
1 6565750
1 7807326
1 6045836
1 3059442
1 8928648
1 8129382
1 1686484
1 6706346
1 3530590
1 2823074
1 6157642
1 5949172
1 2739111
1 6191477
1 2354002
1 4973884
1 7437570
1 4171802
1 9436740
1 6368725
1 657610
1 5434932
1 955438
1 6454698
1 6970248
1 4615913
1 3994207
1 536944
1 7798228
1 737392
1 3200442
1 1534842
1 4857101
1 7648114
1 2556508
1 6481136
1 8498814
1 4531500
1 5162397
1 4080927
1 5499298
1 6398216
1 82751
1 8062524
1 3862687
1 9930940
1 3874442
1 1514670
1 35683
1 5664101
1 8989226
1 8424095
1 6172762
1 1548365
1 8762705
1 3790901
1 2780700
1 3008493
1 7579159
1 368535
1 5082616
1 2902800
1 5240908
1 9638707
1 6091110
1 6660625
1 4316000
1 2974624
1 9902175
1 2514222
1 6150640
1 7923292
1 7556318
1 204361
1 3590002
1 1379499
1 6541262
1 4906762
1 4120887
1 6209835
1 9167023
1 4255633
1 8914630
1 6959490
1 2016238
1 2882534
1 3023458
1 1889809
1 1053808
1 5486188
1 9028895
1 2362732
1 1606817
1 7905297
1 3339957
1 410216
1 4000881
1 3495846
1 5938692
1 1240154
1 6332641
1 3622099
1 7223037
1 7011713
1 6836614
1 4697079
1 7466224
1 1830120
1 2172135
1 3430207
1 1674674
1 5146715
1 6672738
1 5887870
1 4183529
1 9315180
1 7928378
1 5378196
1 9441658
1 8894153
1 3256675
1 6451980
1 2173568
1 7801254
1 8025482
1 6396074
1 5092057
1 9856984
1 244755
1 9332253
1 6867990
1 2813048
1 1927822
1 1275224
1 7343822
1 4867842
1 3690440
1 5843541
1 2393547
1 9447791
1 729847
1 186963
1 6832225
1 494751
1 422240
1 9212041
1 8931272
1 244202
1 5783317
1 4549841
1 1450943
1 5398601
1 9522567
1 5286765
1 8999759
1 5616202
1 1523893
1 5184060
1 9955958
1 9119960
1 8703917
1 9236919
1 3402544
1 9510138
1 8611704
1 2041468
1 923969
1 4208556
1 6511936
1 3821753
1 7506072
1 2919103
1 5873588
1 3345498
1 8570964
1 1254252
1 7061002
1 8085769
1 3053825
1 3918686
1 3018391
1 9316241
1 8383462
1 2655323
1 5883911
1 4913300
1 2032883
1 8108703
1 8713872
1 4056647
1 3327454
1 2115110
1 579449
1 1569761
1 4218182
1 9189114
1 9773755
1 7578799
1 13209
1 6432378
1 390423
1 8801800
1 4654892
1 154032
1 5616857
1 941443
1 7731383
1 5136425
1 3307924
1 2084877
1 3723032
1 4208540
1 3790069
1 4876442
1 2773842
1 4628222
1 4716836
1 3459825
1 3436632
1 973510
1 2551859
1 5229086
1 4431703
1 5429386
1 4496547
1 7212219
1 2869389
1 4620015
1 7543863
1 955155
1 9846364
1 2488168
1 9861016
1 9743288
1 2949697
1 7156190
1 5279322
1 544591
1 6629103
1 9782928
1 4349932
1 6351676
1 5949619
1 3396719
1 3458581
1 924992
1 3927407
1 4011228
1 9887494
1 6058994
1 3341937
1 8092531
1 685220
1 3714705
1 7775169
1 2298140
1 9424075
1 2042422
1 4219671
1 986144
1 4240981
1 8278610
1 7092143
1 1817952
1 2812206
1 7649673
1 3287452
1 9723297
1 5498741
1 5777196
1 6258492
1 2936904
1 6332896
1 1991760
1 4296658
1 4943481
1 698412
1 764289
1 6875183
1 5518737
1 1891602
1 7858016
1 7055384
1 2678656
1 3485147
1 5245104
1 5012400
1 8611603
1 437880
1 6971852
1 7034363
1 457282
1 1919968
1 6843029
1 795011
1 9723564
1 3280530
1 1111163
1 5826932
1 3102481
1 507347
1 4545021
1 218578
1 6239170
1 8263947
1 5670603
1 8555106
1 8780081
1 3308897
1 2907047
1 1724662
1 6475637
1 54058
1 4537942
1 2958125
1 8271184
1 2990138
1 9634217
1 3436068
1 1652844
1 5692377
1 3619564
1 3057802
1 5626654
1 5095406
1 6283937
1 2180635
1 3527857
1 6106327
1 7506014
1 3221077
1 7400205
1 2810490
1 3037835
1 792914
1 7289184
1 3653911
1 6289743
1 3138644
1 2691712
1 9362844
1 9434461
1 6528929
1 9245530
1 3475033
1 9798080
1 2561445
1 8613653
1 2968056
1 7580287
1 2963798
1 3774250
1 3238476
1 444274
1 5632049
1 9716021
1 5587457
1 5494571
1 5847942
1 6381229
1 2017402
1 2404767
1 9618711
1 3957207
1 7464141
1 6092327
1 6199591
1 9869446
1 9716372
1 8278752
1 6677251
1 8656919
1 8349
1 9324693
1 5513947
1 9438164
1 2729377
1 9549502
1 4459591
1 579209
1 3050359
1 6337142
1 4769081
1 5023053
1 9777271
1 2906449
1 6979876
1 1918422
1 465723
1 3232401
1 2111362
1 7076818
1 5198047
1 6550713
1 517481
1 9566192
1 469246
1 844728
1 6369243
1 2212081
1 4985605
1 5315371
1 6673482
1 6064441
1 1044924
1 860664
1 8587969
1 4007244
1 444599
1 1303603
1 7919041
1 8387321
1 7526967
1 93030
1 8260831
1 5027159
1 3300303
1 2871160
1 991181
1 5280494
1 1598025
1 2760179
1 6450862
1 8497877
1 2804203
1 6198477
1 8430668
1 8612907
1 1575948
1 8346447
1 5011487
1 5837601
1 4612103
1 4739836
1 2313926
1 4411593
1 9751699
1 1187193
1 791459
1 4713734
1 6258447
1 5793221
1 9746244
1 78897
1 7456688
1 8037617
1 3943854
1 3861474
1 3231958
1 8759159
1 3925790
1 180832
1 5456049
1 1126788
1 7715439
1 5365027
1 3589127
1 4552913
1 3833180
1 3993739
1 1074136
1 8804766
1 1783375
1 903510
1 90105
1 9705599
1 3443439
1 2996282
1 2168805
1 5941267
1 4238969
1 8945538
1 567757
1 839811
1 4877381
1 3343072
1 9718130
1 5047421
1 9610183
1 2366042
1 7305875
1 3444680
1 7856544
1 7253363
1 4666213
1 3374104
1 119278
1 9532060
1 1353308
1 4190913
1 7979098
1 5317824
1 8036979
1 4072890
1 4340863
1 7025271
1 5179027
1 5496532
1 7172709
1 6389846
1 8496273
1 5845835
1 1924039
1 6164335
1 8124917
1 1435223
1 5472957
1 7008133
1 1546159
1 4231818
1 6698627
1 6581203
1 8873758
1 4344919
1 7904198
1 7451301
1 1396613
1 7504115
1 4544166
1 4951249
1 2670771
1 113063
1 8275415
1 431802
1 8234239
1 9966027
1 3738225
1 3454541
1 6550783
1 3508307
1 8670481
1 5853339
1 5182388
1 5379199
1 2458197
1 9089147
1 1948743
1 4515567
1 4178152
1 3973741
1 4379278
1 7043238
1 2671237
1 432006
1 2881160
1 5737243
1 3567121
1 2693459
1 3418446
1 296751
1 7695509
1 6162843
1 8245059
1 3932318
1 778649
1 2798271
1 739099
1 1760436
1 4395457
1 6021922
1 1947351
1 8426828
1 6163549
1 434765
1 6673037
1 2018354
1 4854508
1 7716705
1 1385745
1 5719314
1 1757925
1 4392842
1 1310844
1 2100710
1 2792313
1 8530566
1 1027899
1 8745274
1 4134724
1 3875393
1 8501052
1 5424720
1 4073567
1 5100230
1 5073595
1 4819334
1 1996592
1 7012882
1 2856492
1 6331700
1 9892698
1 3867024
1 7813291
1 7427754
1 3441793
1 6465559
1 4173679
1 1560181
1 7977934
1 6624670
1 500128
1 2375906
1 9613927
1 6121711
1 9392655
1 1133961
1 7626267
1 4857525
1 5663798
1 5027094
1 1105815
1 7072335
1 7167143
1 2311666
1 2860873
1 7949858
1 5055824
1 5477059
1 9697750
1 1780658
1 1697555
1 6571200
1 7033574
1 4761017
1 1470137
1 1621156
1 2681990
1 4256465
1 6139378
1 6835987
1 1004666
1 5437274
1 5768939
1 1718836
1 6950229
1 5088074
1 3887242
1 6212406
1 8610411
1 3915679
1 9458367
1 7568000
1 8224178
1 2941038
1 9170773
1 1493751
1 8960412
1 2257023
1 4578536
1 618160
1 3287231
1 9234786
1 1454362
1 9892438
1 6405984
1 8869884
1 8930590
1 6479933
1 6392542
1 9517011
1 4058179
1 3152874
1 9931589
1 1096135
1 3113735
1 1646567
1 4633117
1 1948861
1 191134
1 8576438
1 8707440
1 2901151
1 5884935
1 5170003
1 5951368
1 7947998
1 4343475
1 8597124
1 4411679
1 9278963
1 4095932
1 6496673
1 5988340
1 2741180
1 9812986
1 8001819
1 8476039
1 9009995
1 4350030
1 4164518
1 9440455
1 9563640
1 9758644
1 7716400
1 8456260
1 2515367
1 7420450
1 7501125
1 5910315
1 8644362
1 1110932
1 6051646
1 9345676
1 8296681
1 1797704
1 6244217
1 2134540
1 4495996
1 3069301
1 944888
1 2098303
1 4876613
1 2933030
1 7906505
1 9423070
1 9870013
1 7058627
1 1737322
1 4236631
1 4895490
1 8321893
1 7755189
1 1564453
1 1723732
1 6491652
1 1259147
1 4897007
1 8827013
1 7270251
1 4952198
1 8986111
1 3014106
1 4083315
1 9806356
1 1692748
1 199388
1 3255067
1 8849999
1 8253335
1 1091963
1 6926518
1 2371817
1 106094
1 1460423
1 8529652
1 6339129
1 5260873
1 5348505
1 2155105
1 2905348
1 8882251
1 1509464
1 8303940
1 2442087
1 756690
1 5648697
1 6567509
1 2758757
1 7463969
1 3811331
1 5826827
1 1548910
1 2864960
1 7160527
1 1763921
1 4786906
1 1523134
1 1809874
1 7639161
1 120933
1 3006178
1 4330107
1 7262670
1 8170289
1 5305280
1 2058648
1 216296
1 4522396
1 1282335
1 4393933
1 8627712
1 4914116
1 8551048
1 8211875
1 5450438
1 119740
1 6193772
1 2786651
1 2026616
1 7806986
1 1636660
1 4679585
1 4086246
1 4309848
1 1041449
1 9514619
1 1809064
1 9016601
1 4204968
1 7960587
1 463429
1 3679152
1 8711007
1 9564021
1 5561671
1 4460761
1 4895765
1 1339231
1 2501614
1 4367351
1 7844340
1 8870112
1 7301049
1 5948455
1 9115446
1 2658841
1 1506140
1 7648061
1 7360887
1 924842
1 4253512
1 1351920
1 2793164
1 4819002
1 5749432
1 6075675
1 6221151
1 6458958
1 1310063
1 6086998
1 3053759
1 4725008
1 4726508
1 2046890
1 6911097
1 7069752
1 7851979
1 1546085
1 9966956
1 7164197
1 6732440
1 7249792
1 7669121
1 6397781
1 4017479
1 4159603
1 9791688
1 8008145
1 5038044
1 5026850
1 3009364
1 1814422
1 6912861
1 9867936
1 8904469
1 8409431
1 6670461
1 2850482
1 1703587
1 2133062
1 8788937
1 7462084
1 5028328
1 3456592
1 8480904
1 7865573
1 3511193
1 5379527
1 5429921
1 1771507
1 4332343
1 8610791
1 9308174
1 1678812
1 1580289
1 6061265
1 1612964
1 1040050
1 657751
1 5370833
1 1836384
1 73136
1 4683014
1 2096085
1 662619
1 3038754
1 6965979
1 8048408
1 8076354
1 8836206
1 2775346
1 6911646
1 2144679
1 5537023
1 1991289
1 1776199
1 3010913
1 3006424
1 5634881
1 7309668
1 4344727
1 2654741
1 493629
1 455323
1 5198352
1 1270258
1 7180527
1 2520091
1 1252898
1 5002551
1 3947121
1 5803303
1 8191127
1 5602553
1 5164221
1 4739489
1 8554512
1 8536805
1 4279300
1 4269964
1 130396
1 9421598
1 7809989
1 105536
1 5680192
1 5913440
1 3932950
1 6707649
1 6037253
1 6281543
1 6816481
1 9481120
1 3780832
1 667520
1 3421721
1 976057
1 5036208
1 765922
1 1310578
1 7380835
1 6869599
1 4974589
1 8299954
1 4665407
1 3249290
1 9252757
1 4565221
1 4265950
1 5892827
1 536767
1 6046949
1 9654355
1 1443353
1 9970824
1 3008007
1 7020971
1 2251979
1 4542759
1 1134541
1 3267724
1 5815241
1 6771385
1 1800492
1 972118
1 3026337
1 8744991
1 1846845
1 406674
1 5865695
1 8656444
1 7234487
1 9490579
1 4377324
1 9524817
1 1014290
1 9326
1 9935146
1 1808758
1 5097175
1 6094659
1 1012005
1 1111204
1 5882834
1 2779410
1 5900767
1 4551058
1 6863337
1 7739494
1 375994
1 4445435
1 5033774
1 3162056
1 2417817
1 2043340
1 7630436
1 7617165
1 4432916
1 9152763
1 665392
1 5307738
1 3348630
1 5653019
1 3056511
1 4958659
1 222698
1 3592477
1 6155473
1 1240258
1 3703322
1 3321642
1 1000550
1 1819075
1 8691146
1 6778054
1 2035685
1 9761124
1 5069084
1 5833399
1 9224275
1 214517
1 6398977
1 4232842
1 511762
1 4380834
1 4956640
1 4643891
1 4959499
1 2581671
1 8743966
1 9669669
1 8399718
1 8819285
1 2040556
1 7136015
1 8593180
1 9786399
1 1705627
1 4008500
1 6450563
1 2032870
1 5039460
1 3930453
1 5847303
1 249063
1 3276442
1 6697713
1 1297033
1 3167510
1 5360714
1 9094396
1 8890877
1 6433694
1 3124018
1 7837288
1 7039116
1 597712
1 5062483
1 5120357
1 5303945
1 9786575
1 5192523
1 7390820
1 3658715
1 3099412
1 8951182
1 9242529
1 1620966
1 8321820
1 9723894
1 5940272
1 8163078
1 1987596
1 8027579
1 215088
1 5045273
1 8779122
1 296041
1 7716623
1 8409339
1 7380890
1 7810746
1 5050516
1 303969
1 5579845
1 1514525
1 3063677
1 5834940
1 2668335
1 4351167
1 8184603
1 1418918
1 7788883
1 6903961
1 6794915
1 7803156
1 6881105
1 3527362
1 4313423
1 4745402
1 8885823
1 7846667
1 2145276
1 1181020
1 2968918
1 6405863
1 382425
1 5569898
1 9822508
1 6253157
1 9536340
1 7807810
1 5879433
1 7014196
1 4776645
1 1156461
1 9825376
1 9526287
1 9807199
1 7654354
1 3621425
1 9428647
1 5594600
1 768075
1 2914403
1 3802407
1 4963301
1 5557226
1 9659837
1 6689296
1 7638826
1 9764414
1 1823252
1 4485827
1 1744339
1 5228818
1 9218244
1 2436179
1 7426347
1 5350929
1 4870616
1 194344
1 2349640
1 5160363
1 9035811
1 2611237
1 5883967
1 6161159
1 7765448
1 3505263
1 6837563
1 3512833
1 1011523
1 8925436
1 5507257
1 2184076
1 9149153
1 2403230
1 8501293
1 9601194
1 8730675
1 6407557
1 3680181
1 5217498
1 1668956
1 9032555
1 2948789
1 4306833
1 6985197
1 8425712
1 9764716
1 7674726
1 2347562
1 1516658
1 5029034
1 7765882
1 2390357
1 456876
1 9500861
1 8584493
1 4395254
1 9425085
1 7864471
1 8072237
1 6345298
1 2376821
1 7557074
1 1649205
1 4705449
1 5274628
1 9448334
1 471028
1 7055799
1 9025897
1 7410760
1 7214838
1 9244042
1 3453631
1 772615
1 1360626
1 9365044
1 8401930
1 6574762
1 9120729
1 8999354
1 844928
1 74560
1 5746958
1 5555094
1 4847821
1 6059324
1 1169788
1 7440203
1 2037051
1 9952999
1 6351893
1 8523381
1 2077362
1 491214
1 5327656
1 5045382
1 8451485
1 6528914
1 4616733
1 7038685
1 9381447
1 827132
1 561773
1 787116
1 3376128
1 9998905
1 3248938
1 4732889
1 6240087
1 4855247
1 8503915
1 3201656
1 2461489
1 7482277
1 7328440
1 5447538
1 3537562
1 3773165
1 6342744
1 9267284
1 3103214
1 5451933
1 5577273
1 8804684
1 6230788
1 170629
1 9890708
1 7880431
1 1829341
1 9359146
1 497144
1 707550
1 3716462
1 7202682
1 1942790
1 6394760
1 3578694
1 9081716
1 1405374
1 8193427
1 6807031
1 5267126
1 5591466
1 3485801
1 7401659
1 3319824
1 6545669
1 9070983
1 2908952
1 8061292
1 1875811
1 1679466
1 664596
1 2303310
1 8830379
1 3380886
1 196162
1 2997813
1 1479381
1 2872257
1 9827618
1 1410238
1 7672061
1 5443167
1 6035665
1 7593365
1 2119614
1 3792951
1 2628445
1 196933
1 7248438
1 3161169
1 9220980
1 4687944
1 1993983
1 6605935
1 1226518
1 1948210
1 9604982
1 8486574
1 8205953
1 4658923
1 2495202
1 9221617
1 1460043
1 5352586
1 10029
1 4916113
1 1045011
1 9668251
1 736214
1 7595942
1 4116589
1 3733031
1 1233398
1 8644522
1 6689626
1 1515168
1 1908534
1 6301364
1 6437873
1 4166375
1 2050775
1 1235190
1 1880725
1 5563735
1 1282022
1 1204696
1 9032212
1 2279332
1 9113344
1 6049803
1 5026076
1 8527849
1 2625024
1 8727079
1 2112088
1 1074343
1 2887508
1 1292032
1 8776560
1 7972747
1 1016970
1 7166105
1 679581
1 7651182
1 6292170
1 9119998
1 3463607
1 8299420
1 8442378
1 941314
1 9729346
1 9957284
1 9344891
1 500690
1 859315
1 2111868
1 7465692
1 451125
1 2196225
1 7302465
1 2803953
1 5994715
1 6550880
1 2810686
1 1545437
1 8641683
1 2071322
1 1126368
1 7663566
1 4139355
1 3311831
1 5558556
1 8429364
1 618556
1 6696782
1 6081462
1 3581596
1 6879331
1 1785326
1 8239450
1 5969967
1 280866
1 3417971
1 6852606
1 8794018
1 4491827
1 4312612
1 8406284
1 7606975
1 2228997
1 7212810
1 1068069
1 3810170
1 2174405
1 3594110
1 1943626
1 7074425
1 3817268
1 1198824
1 5550204
1 5546055
1 2501347
1 5006194
1 1367610
1 673647
1 9412346
1 5195427
1 9623836
1 8557886
1 6929336
1 5096093
1 3334778
1 1273298
1 7852107
1 3740367
1 4364885
1 9453816
1 7722202
1 9304271
1 9340731
1 6925113
1 9052292
1 4118100
1 4556056
1 8844891
1 4199722
1 2295686
1 9071310
1 5543699
1 4545869
1 2152419
1 6795984
1 3672415
1 4448897
1 8683714
1 5712607
1 520345
1 1095077
1 334738
1 3928943
1 4154906
1 6221305
1 2683568
1 3696563
1 6585910
1 513032
1 2409086
1 9803904
1 229887
1 7271597
1 9748680
1 7247227
1 205573
1 7492668
1 3328118
1 6350302
1 2090761
1 9180947
1 74074
1 5656428
1 2518744
1 3886007
1 393998
1 873073
1 8742262
1 5206691
1 9881593
1 4854948
1 5799408
1 814001
1 8723365
1 1685652
1 5940159
1 8851417
1 6751857
1 1685951
1 780990
1 4571847
1 8135006
1 2603813
1 7670170
1 6132256
1 797292
1 7146753
1 2493418
1 2406267
1 3705532
1 3933215
1 4786998
1 9674414
1 4831701
1 897506
1 6475983
1 3973769
1 1146442
1 9867448
1 5770297
1 6501399
1 465032
1 9287056
1 8451320
1 4285591
1 9942552
1 5499796
1 1184171
1 1411679
1 4610650
1 7117994
1 841110
1 1192
1 9414404
1 9538674
1 5978969
1 8565217
1 2460593
1 2636360
1 255342
1 3769771
1 6257501
1 315192
1 3382053
1 6506543
1 2464176
1 3388326
1 5274826
1 8921468
1 3520333
1 7512903
1 2909341
1 5411933
1 3163152
1 7360225
1 87907
1 1467443
1 795529
1 7251410
1 4997938
1 136282
1 3101403
1 3266802
1 5598304
1 1325662
1 8139448
1 712328
1 6178046
1 3423049
1 9881700
1 1220805
1 3015167
1 6792612
1 4595726
1 1276568
1 5899914
1 9793010
1 8128605
1 1939206
1 7836836
1 46914
1 4836697
1 8307224
1 7222733
1 6431590
1 4484619
1 2090388
1 8975684
1 4298727
1 1435644
1 3761419
1 8965765
1 7179463
1 9395618
1 4509380
1 1002243
1 209874
1 3463162
1 2329070
1 7083332
1 8804208
1 3327460
1 7023146
1 6364305
1 9327983
1 9317229
1 7947235
1 784774
1 1341047
1 3308849
1 3927850
1 4057464
1 1490595
1 9495448
1 2795251
1 2877123
1 5561489
1 7766903
1 2461876
1 8084202
1 5720328
1 582517
1 9607221
1 658811
1 919885
1 707975
1 5809697
1 9010346
1 5159456
1 5323515
1 9104233
1 5691049
1 4416548
1 8267805
1 6170793
1 6636141
1 66215
1 438700
1 4272497
1 7006344
1 4742428
1 5552060
1 7930850
1 2471586
1 7512656
1 4163045
1 8734023
1 6152264
1 1242810
1 3439782
1 6253036
1 45165
1 4366979
1 5921110
1 2795678
1 7518222
1 5040848
1 8909704
1 2395524
1 2978327
1 3845423
1 1456124
1 7882151
1 3839907
1 2407366
1 5674749
1 7178567
1 8634347
1 3793454
1 7739982
1 4497348
1 7383380
1 3933594
1 3706843
1 6880039
1 2808944
1 9348570
1 5397554
1 310481
1 1563127
1 5191832
1 2706405
1 3800004
1 6596489
1 3619152
1 3786481
1 6216411
1 1627035
1 3770770
1 3321020
1 2916058
1 3723642
1 7275427
1 7295311
1 3752315
1 9111343
1 798757
1 6428573
1 565799
1 3944385
1 4918161
1 1475154
1 1581924
1 3338392
1 1629492
1 84294
1 4407140
1 9048180
1 5610449
1 3039209
1 9509458
1 7837248
1 8428448
1 7939745
1 1497681
1 3544215
1 4234234
1 4723658
1 8351583
1 3766475
1 7554675
1 5084852
1 1607137
1 5260753
1 5618959
1 5333458
1 5801829
1 7088907
1 1000839
1 2811141
1 6950471
1 8507547
1 3756853
1 7894203
1 9662016
1 9655281
1 1261115
1 1453306
1 5257262
1 7999215
1 7766043
1 8846784
1 8432767
1 9926634
1 8683448
1 1584961
1 6761760
1 2706912
1 9682031
1 7899987
1 8508669
1 1185322
1 1316519
1 2654273
1 8925561
1 5426637
1 6211813
1 3660877
1 1806359
1 5415645
1 5544221
1 7794785
1 9752133
1 8684085
1 6713988
1 7956778
1 4415004
1 2146942
1 2377071
1 2325927
1 4253937
1 7404828
1 222940
1 5914949
1 2698727
1 3747755
1 7981506
1 8254492
1 4036701
1 2280921
1 6443262
1 2948730
1 1089429
1 5403051
1 2814510
1 5006506
1 373851
1 6030389
1 4629399
1 3884330
1 1184992
1 2361443
1 7247974
1 2518210
1 4847395
1 1327118
1 6045908
1 1147817
1 1415268
1 2045129
1 6063833
1 4682231
1 3880082
1 1706798
1 8924117
1 1152691
1 5660608
1 6652380
1 4487758
1 5828279
1 9977106
1 686475
1 702566
1 9398995
1 4383004
1 5455008
1 7959252
1 9342808
1 1862419
1 6911950
1 8442850
1 8706458
1 3176865
1 6655029
1 7046205
1 8339633
1 6721915
1 4788745
1 7467634
1 5394851
1 9588480
1 6883972
1 8542788
1 5266868
1 702815
1 1860094
1 9792809
1 9055479
1 9377675
1 5118916
1 845341
1 9793237
1 7401229
1 3958777
1 1932740
1 4022176
1 2925840
1 559360
1 1845350
1 8637794
1 7839315
1 6615284
1 9625622
1 7792724
1 4516776
1 3381189
1 6712713
1 6663820
1 5144043
1 3530437
1 8890745
1 3544681
1 5095402
1 9517099
1 960696
1 455031
1 1546568
1 6496063
1 614019
1 7476582
1 694077
1 2108686
1 33093
1 2620189
1 8416708
1 516077
1 5485804
1 1520134
1 6008943
1 5567820
1 8702858
1 812826
1 2469079
1 6141290
1 8077885
1 3919652
1 7533837
1 5111586
1 554220
1 6626327
1 8267201
1 4945082
1 2377677
1 1439775
1 7566794
1 1043718
1 4585881
1 8152565
1 4768260
1 5872075
1 5750143
1 2384080
1 5177485
1 4924963
1 8860569
1 3882821
1 7325013
1 6561195
1 4671317
1 886691
1 1832170
1 5131001
1 7531789
1 6114206
1 679153
1 4980456
1 7146555
1 8857185
1 4567774
1 9799055
1 8882569
1 1793378
1 3631716
1 5460911
1 5948773
1 3801937
1 4130032
1 3309727
1 8989019
1 5396229
1 881561
1 3740658
1 8230568
1 8246037
1 7646952
1 4860954
1 9110705
1 8230423
1 9364831
1 8362356
1 7071896
1 7159269
1 4293392
1 6972207
1 4384600
1 4152644
1 6654994
1 3226500
1 8891873
1 9605891
1 3513620
1 184897
1 7657808
1 7140836
1 6358712
1 6669139
1 1116734
1 3555543
1 5939290
1 3056483
1 7173747
1 6281602
1 9887644
1 664432
1 262800
1 8053743
1 4379966
1 3942035
1 9523360
1 7956676
1 5148850
1 801575
1 1467174
1 551453
1 9180710
1 1965793
1 6104345
1 8093093
1 1090690
1 8671772
1 7781264
1 776360
1 8360841
1 7899157
1 9678186
1 5709284
1 8758790
1 715829
1 1126499
1 3760350
1 7195374
1 2595122
1 1823220
1 1669919
1 8473915
1 8573678
1 556744
1 9399446
1 7674651
1 9141358
1 6289352
1 5347765
1 7664559
1 7023377
1 843412
1 5173936
1 4036265
1 6117976
1 6164091
1 2264035
1 940789
1 7613484
1 8348283
1 4121991
1 9133620
1 1793324
1 8114047
1 8054055
1 8985584
1 8674638
1 6414515
1 1537399
1 8499199
1 7449923
1 7855622
1 1755695
1 7724385
1 1722836
1 6816467
1 2637099
1 1037101
1 5062132
1 258753
1 2680210
1 6538834
1 2398702
1 1426645
1 2573162
1 691983
1 8750584
1 3129138
1 8134249
1 7238029
1 5136421
1 7952927
1 6125974
1 4663009
1 7182926
1 3056901
1 6612571
1 5913925
1 8337631
1 6784924
1 9577038
1 9004261
1 9163042
1 4605736
1 2176065
1 2400739
1 2496011
1 5500682
1 7838963
1 6825051
1 751380
1 2878181
1 2725042
1 8186855
1 2251036
1 2810269
1 2932982
1 7346293
1 505806
1 8961311
1 8081555
1 3259014
1 4168211
1 424203
1 5659108
1 7530417
1 1060173
1 7264232
1 853391
1 148294
1 1359495
1 6902345
1 8007402
1 5062419
1 8554632
1 5987528
1 4678284
1 9110564
1 7425334
1 8550406
1 3743252
1 107822
1 499711
1 7290068
1 9009335
1 6735979
1 6403496
1 5804572
1 4592753
1 1032766
1 3680492
1 2392910
1 3492620
1 1283308
1 2688344
1 6476681
1 4647903
1 3560476
1 8345851
1 139376
1 4405538
1 8243288
1 7723559
1 921053
1 4286588
1 3542703
1 9383068
1 8837943
1 5162273
1 7844449
1 2715566
1 1206797
1 2381432
1 2462868
1 4492876
1 4921923
1 4984525
1 8655561
1 3720811
1 5276201
1 203429
1 9301230
1 9127648
1 9864876
1 4466159
1 3100101
1 6834447
1 5043476
1 8699520
1 9339803
1 2207302
1 2743361
1 1217638
1 6732694
1 5413819
1 2260332
1 3798933
1 2028142
1 2029636
1 8317150
1 3844269
1 9668365
1 1573234
1 738715
1 7520121
1 7626888
1 9647181
1 9441888
1 5161869
1 5365028
1 1214582
1 9320400
1 3435611
1 3152116
1 5997808
1 8782816
1 118449
1 8208749
1 9245625
1 2239311
1 324994
1 1643431
1 7166535
1 6685418
1 6394546
1 459791
1 3326071
1 3407714
1 6264596
1 2733488
1 6150664
1 8304043
1 9524055
1 5425853
1 275262
1 7071280
1 9602017
1 6858258
1 1589687
1 879191
1 1019682
1 59202
1 6908004
1 3509086
1 5387045
1 4130525
1 2064252
1 5643581
1 8908745
1 8861106
1 2066382
1 9172588
1 8944085
1 3223843
1 6500676
1 6667626
1 2315655
1 8028046
1 9541141
1 5126932
1 6914928
1 4666074
1 339
1 3057729
1 2541356
1 537509
1 8646877
1 5662138
1 7460196
1 5590670
1 7555869
1 4031426
1 5431532
1 2080182
1 2692644
1 6081928
1 6294251
1 6286262
1 9759223
1 2271240
1 2271617
1 6787606
1 8136401
1 5434114
1 1917415
1 1077602
1 8270716
1 8042112
1 8899642
1 6218039
1 7899217
1 7605200
1 324978
1 9483783
1 723457
1 4655756
1 2261798
1 5467366
1 8465945
1 2489035
1 1543434
1 8460576
1 9400562
1 2144470
1 9434609
1 6152641
1 1974673
1 7541585
1 5764976
1 2747095
1 2563099
1 4024607
1 7563776
1 8254312
1 5833624
1 890717
1 2830678
1 1718839
1 1851718
1 4106896
1 6800343
1 9181298
1 7743297
1 3706936
1 8181729
1 7906130
1 5544671
1 1739633
1 9310802
1 3188507
1 2402347
1 6983980
1 7015725
1 4436661
1 1471462
1 1199550
1 3801934
1 8462897
1 1241000
1 9410836
1 5416229
1 376569
1 379144
1 7075333
1 124665
1 8468473
1 8389545
1 6469992
1 5310627
1 8015366
1 3495461
1 5102265
1 5885497
1 2876097
1 1183366
1 2323309
1 9641575
1 6856388
1 5679456
1 5664331
1 9712507
1 9698164
1 7079585
1 6792664
1 6425784
1 9456766
1 9294593
1 2049958
1 1719925
1 3367542
1 2290454
1 7137495
1 3956800
1 8738886
1 8360370
1 981500
1 8386747
1 53769
1 5291867
1 3797580
1 7140131
1 2992432
1 3881850
1 3917269
1 8043622
1 7102449
1 6238519
1 4178315
1 6965347
1 5363697
1 9228075
1 2470201
1 3598255
1 9785280
1 517571
1 8189784
1 8205761
1 8928693
1 1477354
1 1983001
1 3015259
1 4112749
1 5380138
1 4547125
1 1172222
1 3625903
1 1895114
1 9143147
1 3441961
1 5135320
1 2349914
1 7794816
1 9161965
1 491923
1 5122870
1 7334005
1 6815324
1 3452203
1 5218791
1 9708334
1 6082558
1 1896087
1 4785139
1 6623254
1 7986713
1 9020700
1 2596554
1 7318456
1 5018958
1 56575
1 9151540
1 6900903
1 3310725
1 2446176
1 8630538
1 8881988
1 1131586
1 1643580
1 7346529
1 2027542
1 5858003
1 5880570
1 2331141
1 2798746
1 184837
1 8919868
1 527947
1 327597
1 9506163
1 310566
1 1801920
1 7727600
1 8074613
1 4767533
1 9520787
1 9251816
1 7454387
1 2691729
1 7352149
1 9726171
1 8122825
1 9563524
1 1283870
1 9091300
1 7876316
1 9518072
1 209163
1 6128640
1 3307386
1 8545194
1 212427
1 5499232
1 5637702
1 5002868
1 2271144
1 3187473
1 724765
1 3424540
1 9884572
1 6674220
1 5133823
1 133122
1 4189303
1 2443738
1 5480246
1 6012987
1 7573589
1 5281378
1 5219137
1 7076320
1 1627594
1 8874635
1 8130843
1 2898364
1 5694402
1 7358063
1 2568611
1 5503487
1 6474520
1 4564706
1 7808920
1 5124482
1 8598216
1 7443158
1 2971503
1 3548584
1 6364406
1 1021865
1 2425355
1 1854535
1 4912924
1 2318313
1 9756741
1 1051583
1 9224071
1 9932201
1 3075396
1 1595914
1 3121735
1 991871
1 1828203
1 1011007
1 6639545
1 4724046
1 6607926
1 334318
1 6362639
1 4370782
1 5673785
1 930128
1 1735396
1 6223637
1 8667076
1 4954719
1 9078154
1 2998816
1 498464
1 6901083
1 5062050
1 2864975
1 1230203
1 9458889
1 1149571
1 2423917
1 2490193
1 1702510
1 8235350
1 2403764
1 9683979
1 2578826
1 5559181
1 6236394
1 9180006
1 4380707
1 538507
1 3001333
1 9974167
1 4781792
1 4590188
1 4587455
1 1104122
1 8821978
1 7361564
1 9513142
1 2409707
1 5377891
1 5207086
1 1288641
1 9065754
1 8801509
1 4566029
1 4583061
1 3995062
1 9180296
1 4881568
1 4411327
1 8067991
1 1192452
1 252536
1 3720963
1 4555557
1 2591237
1 1608371
1 9421635
1 8708469
1 7584578
1 7127810
1 6946190
1 1715115
1 7355311
1 2806074
1 9569321
1 417859
1 2818369
1 3668550
1 393584
1 4365674
1 6037876
1 3977875
1 6069275
1 3818276
1 8815764
1 5983552
1 2521655
1 642631
1 8504609
1 9941011
1 8542493
1 2110687
1 7823393
1 3054969
1 8959565
1 6159479
1 5063767
1 7346518
1 4754730
1 2609945
1 6140596
1 3438426
1 8657726
1 1624053
1 2555113
1 5125092
1 9946861
1 3099368
1 4821027
1 8676100
1 5358753
1 4159554
1 7325670
1 7638857
1 9893713
1 9986528
1 3031435
1 4764070
1 6921572
1 4799345
1 6770536
1 9526015
1 2484886
1 5052921
1 1763273
1 4018370
1 2554872
1 8292343
1 6294336
1 6948194
1 1842588
1 603899
1 5539476
1 4678296
1 2595781
1 2739779
1 1498514
1 3758946
1 3232065
1 3696453
1 2410361
1 190576
1 8454912
1 2177523
1 5894765
1 888634
1 8560993
1 5810171
1 5119809
1 8944165
1 2849733
1 6241984
1 3288914
1 3445040
1 1828435
1 5894210
1 2046969
1 5664659
1 9044267
1 4103724
1 6356639
1 3088657
1 1210683
1 9963366
1 4054793
1 7140892
1 3469958
1 2386405
1 5886281
1 9458459
1 6232888
1 8263106
1 97644
1 8325812
1 9350659
1 6343373
1 8083659
1 1722982
1 3668423
1 6778194
1 1640638
1 1370018
1 914286
1 2952274
1 47681
1 7987292
1 7259591
1 914204
1 5260959
1 8794697
1 8663086
1 7454038
1 2063858
1 6502077
1 2355350
1 5380295
1 3941033
1 588694
1 2594637
1 4338520
1 6413575
1 4020222
1 7158150
1 3723106
1 4716515
1 4312474
1 2672083
1 1291281
1 44868
1 5406841
1 7306200
1 7828761
1 3124140
1 8120764
1 2059425
1 1975171
1 9545157
1 1932928
1 8945907
1 4554447
1 5164507
1 9294217
1 2491765
1 7462227
1 9830762
1 1638551
1 3261547
1 6139735
1 5264994
1 8384592
1 3134065
1 3315522
1 7492608
1 5635550
1 2853467
1 5562061
1 7937877
1 2999576
1 4050644
1 6325882
1 2314606
1 3554796
1 687674
1 5564508
1 8616138
1 4487704
1 1369836
1 926932
1 9839582
1 8083118
1 5085733
1 2631193
1 9561960
1 2507577
1 8556608
1 9515707
1 9680660
1 6061586
1 4719308
1 182878
1 5337477
1 5509090
1 8015235
1 218683
1 719338
1 1399869
1 6058691
1 3733875
1 9917366
1 1753783
1 8442746
1 8447461
1 5693976
1 1751857
1 797838
1 4520056
1 2120951
1 6680888
1 1455809
1 2566649
1 9372635
1 4313795
1 9797018
1 1313355
1 6758975
1 1264270
1 8149277
1 4993625
1 501215
1 9399616
1 5648370
1 9780952
1 4749026
1 5151728
1 2248899
1 4768885
1 1205909
1 2304492
1 2846889
1 7552900
1 8008375
1 51247
1 95890
1 3931823
1 7445565
1 4860244
1 8338841
1 2379531
1 1984589
1 4777437
1 3599954
1 1872593
1 943684
1 876653
1 8301935
1 3803845
1 4251136
1 828452
1 174605
1 5915397
1 5734267
1 940201
1 8406503
1 4412825
1 4136308
1 273471
1 724472
1 4109317
1 7941605
1 5702231
1 9470493
1 2504349
1 3597950
1 9852614
1 1948964
1 4324671
1 8710711
1 6318014
1 4598588
1 1096226
1 5587904
1 597678
1 7179744
1 2733114
1 4563257
1 3309215
1 8891456
1 818671
1 8779468
1 8757286
1 999281
1 2222649
1 6836011
1 7178164
1 7563408
1 3825546
1 5174514
1 1469382
1 6259005
1 9477128
1 9540983
1 7788641
1 4776256
1 2271333
1 7870114
1 3841579
1 2743920
1 7112811
1 8796401
1 109737
1 7854101
1 367947
1 9621014
1 8594456
1 3801024
1 3023132
1 8014544
1 3438670
1 7041595
1 3248093
1 5842999
1 3476617
1 1769458
1 2418004
1 9255273
1 8549467
1 4993409
1 268099
1 9737715
1 4678055
1 3879540
1 344970
1 3988185
1 1819921
1 6158968
1 7968796
1 9275252
1 4061843
1 1391437
1 9423861
1 5892326
1 7709264
1 487567
1 1034509
1 7946139
1 512876
1 1131884
1 6577322
1 7191917
1 1686099
1 4351520
1 1449539
1 152917
1 4457426
1 8440834
1 3381600
1 9862093
1 7751460
1 4909659
1 9798154
1 8536815
1 1306660
1 8851105
1 3350570
1 3485154
1 8015554
1 1322322
1 5030141
1 4891274
1 8425577
1 6080456
1 9612760
1 7115124
1 4038719
1 6115301
1 574061
1 5890941
1 1444051
1 2544406
1 8943667
1 6877838
1 7075262
1 3620422
1 6299889
1 9378534
1 9970391
1 8223488
1 4622706
1 4897937
1 678093
1 130168
1 9446810
1 2105629
1 208235
1 718221
1 6549766
1 7858385
1 8973811
1 8792967
1 5769623
1 5753080
1 8319695
1 193566
1 3098089
1 3888594
1 4610078
1 2329982
1 6913697
1 163922
1 6567092
1 2324139
1 5778246
1 1438876
1 640467
1 5780929
1 748799
1 3811747
1 3273539
1 4400810
1 1004137
1 1698062
1 8462233
1 5790630
1 9159900
1 7425506
1 5872974
1 5395152
1 7174691
1 676276
1 8480126
1 7968739
1 3244699
1 3283269
1 4955953
1 117839
1 6854712
1 1396161
1 8339490
1 5383964
1 4064316
1 8859621
1 2049437
1 4320645
1 1150306
1 9543295
1 4410414
1 9773393
1 3291875
1 3509681
1 7505065
1 778024
1 7771503
1 7190977
1 5058858
1 6591533
1 3974469
1 2791079
1 8709622
1 7907701
1 3850537
1 8457561
1 1473853
1 8778282
1 4566599
1 4176014
1 650815
1 804159
1 581480
1 2618716
1 6138669
1 6343425
1 6669131
1 9860477
1 4157379
1 175527
1 6390785
1 9030304
1 3686774
1 8206725
1 758175
1 1683679
1 3958389
1 1642180
1 3942716
1 7579542
1 9331229
1 3074859
1 3778843
1 7081952
1 3638114
1 8254201
1 5888540
1 5815959
1 5017228
1 7126022
1 6492622
1 2458003
1 6727038
1 9228763
1 4005720
1 3755308
1 1811187
1 7565944
1 7924856
1 656766
1 7321759
1 359677
1 5492536
1 3221931
1 5905462
1 2910072
1 1992271
1 3589254
1 6132004
1 8251233
1 5022053
1 5347581
1 2292162
1 9415874
1 5891375
1 1077361
1 3732733
1 8230592
1 9571588
1 5751572
1 6524259
1 6955001
1 1517771
1 4807122
1 3967486
1 6588004
1 287581
1 3081954
1 310690
1 4103495
1 6979825
1 2978345
1 4751422
1 6360769
1 8703656
1 9917641
1 5747090
1 8289126
1 7443557
1 2204290
1 8400495
1 4942627
1 6503075
1 1832851
1 6283222
1 6856503
1 7138956
1 367009
1 5162522
1 9005487
1 6923930
1 435500
1 1618474
1 4119935
1 8068336
1 7094
1 8691481
1 4544216
1 6482404
1 3049406
1 6178870
1 6197650
1 2370082
1 5115539
1 7372141
1 7368286
1 1623814
1 9762123
1 4838761
1 1635577
1 5169144
1 9839394
1 2168072
1 8458418
1 4937868
1 2570828
1 1250060
1 2505726
1 5946716
1 561407
1 2313319
1 3060363
1 8143429
1 6427837
1 3297866
1 2178387
1 5150716
1 2540535
1 63852
1 6856515
1 5033217
1 8167465
1 2735580
1 7767572
1 7974045
1 8596087
1 1656654
1 5100523
1 6830504
1 9331124
1 7673134
1 1930371
1 42159
1 2120146
1 6387323
1 4150867
1 3741037
1 2103660
1 9302474
1 854696
1 8682349
1 7294699
1 1170282
1 8506082
1 5478502
1 4844732
1 654270
1 7713062
1 9873790
1 4143396
1 9293453
1 2676815
1 6990502
1 3996385
1 3256061
1 2987448
1 1648179
1 7595491
1 7220902
1 2517054
1 9727017
1 5749788
1 5711413
1 7265421
1 1779571
1 5718738
1 5219703
1 204471
1 722256
1 196659
1 6165980
1 6026632
1 6576837
1 2585945
1 1598254
1 6064989
1 1559980
1 1346249
1 9671841
1 8645522
1 3546232
1 7362089
1 5270545
1 2062418
1 3358282
1 2389301
1 5075058
1 8869788
1 5232797
1 9044663
1 7940059
1 6172864
1 1432916
1 9177334
1 7482921
1 1337678
1 2937665
1 3816000
1 3977322
1 9310944
1 4342412
1 733912
1 4225333
1 5360810
1 5513873
1 87542
1 4530400
1 6790152
1 3089758
1 3261515
1 4626496
1 1282981
1 9249242
1 7435562
1 3827921
1 747473
1 6335952
1 3368433
1 1026147
1 3696398
1 7783789
1 3596113
1 6244677
1 9969332
1 6914048
1 2773160
1 7187501
1 2764387
1 9250648
1 5283894
1 9113807
1 9178036
1 5744731
1 6902089
1 6287225
1 5038142
1 2888184
1 5019095
1 7319374
1 3350855
1 1240641
1 4729796
1 1488626
1 6457534
1 382120
1 3918445
1 4295110
1 608330
1 1919774
1 1918920
1 5328687
1 7510076
1 5413320
1 190916
1 4130709
1 958756
1 1966696
1 5517275
1 1896444
1 567449
1 1878933
1 7691254
1 7719548
1 6257679
1 8239793
1 6546972
1 5395681
1 4993527
1 2209487
1 456818
1 7317733
1 3540240
1 4926785
1 6449929
1 74306
1 6323546
1 9905898
1 6299915
1 3234026
1 4080416
1 6588273
1 8884693
1 6679980
1 2988475
1 1873645
1 361275
1 5706724
1 2954629
1 3636121
1 1404588
1 8593767
1 9561989
1 151135
1 5970353
1 1260822
1 3524923
1 4046556
1 1518747
1 559282
1 8410743
1 1046489
1 5540100
1 8024907
1 5828308
1 7225869
1 1577798
1 8546881
1 4462323
1 6874954
1 1524353
1 445731
1 2075959
1 1790577
1 6074071
1 7613468
1 4453003
1 693400
1 5096649
1 1875953
1 4216324
1 3235614
1 4914882
1 4993090
1 9804100
1 155681
1 6688251
1 5294699
1 6681577
1 7823942
1 9244006
1 6595457
1 4634581
1 330815
1 6693194
1 4062301
1 1426752
1 6346633
1 2769293
1 1498684
1 4233197
1 5942297
1 2512987
1 8987650
1 1799680
1 4316128
1 4286042
1 6280554
1 7819311
1 4596973
1 783431
1 7117075
1 5704335
1 3479035
1 2663391
1 4263252
1 4547016
1 9638207
1 3489304
1 7369350
1 2203349
1 3289403
1 42586
1 9400042
1 6358793
1 1675784
1 5626997
1 2339099
1 4463969
1 7739899
1 923004
1 5179496
1 8718535
1 5374278
1 941139
1 5903933
1 399919
1 4095719
1 5751434
1 4294036
1 6400601
1 2357821
1 8749380
1 8991810
1 1563423
1 8488980
1 4502820
1 9005853
1 6549251
1 7511972
1 1724011
1 2215589
1 8384611
1 1501834
1 5386637
1 9069053
1 6998091
1 2533118
1 718494
1 2672578
1 2173825
1 9587173
1 5733885
1 4649799
1 4727504
1 1527366
1 5626291
1 7075724
1 5590016
1 9099647
1 5760729
1 4201164
1 801970
1 2197358
1 5159556
1 4355609
1 480879
1 5591687
1 3771094
1 4399127
1 9533430
1 9441185
1 4434646
1 8119704
1 1872650
1 3103272
1 4792647
1 3723248
1 5082495
1 8242444
1 4209314
1 9512796
1 3452254
1 5168382
1 6426321
1 8547367
1 6957909
1 2499482
1 6743218
1 4453360
1 1032513
1 5184408
1 9059596
1 9335456
1 8026799
1 2962848
1 2197211
1 4732714
1 4959025
1 7462786
1 757397
1 1018459
1 132206
1 4511830
1 7021600
1 8102452
1 1778522
1 6731177
1 4113146
1 7121512
1 5050511
1 9854882
1 2717348
1 6573957
1 6871999
1 1111249
1 383894
1 9440480
1 2091270
1 7205287
1 7213427
1 34746
1 7083032
1 4842175
1 640687
1 515185
1 6462346
1 5817235
1 5777042
1 9144709
1 7232429
1 3499468
1 8274927
1 8984612
1 7749560
1 1806434
1 2343934
1 420838
1 7324881
1 4304539
1 7261304
1 9629542
1 7367441
1 3439659
1 7295374
1 8550295
1 9907248
1 4250761
1 2573168
1 7806897
1 1426400
1 475171
1 1738825
1 266136
1 4421424
1 6451171
1 7078802
1 5745034
1 7079214
1 3673785
1 375368
1 8718508
1 5996128
1 5442101
1 9979470
1 8893383
1 8716841
1 2483570
1 1069458
1 3724032
1 7755817
1 2130086
1 6835619
1 5825899
1 1829195
1 1191584
1 783029
1 7055078
1 9061821
1 8753840
1 595783
1 966683
1 9493431
1 7668093
1 8718814
1 3957367
1 2516090
1 4664721
1 5565182
1 1046901
1 4062203
1 6126199
1 4449948
1 8509493
1 5619350
1 1254612
1 737796
1 7863175
1 5414440
1 5892843
1 2068042
1 306331
1 7832524
1 2920635
1 1525967
1 35862
1 9706261
1 8212728
1 2623316
1 4805670
1 3902796
1 46795
1 3015562
1 4341750
1 6396738
1 710309
1 7910194
1 299793
1 6590165
1 3329861
1 6107540
1 4118655
1 9343387
1 6006579
1 1671975
1 1132277
1 8788511
1 9139036
1 4654885
1 3518614
1 2421819
1 5854019
1 9691225
1 687355
1 6706844
1 6348108
1 4580881
1 6217320
1 5951739
1 696350
1 7167370
1 5654925
1 2704735
1 8488788
1 1603187
1 1191762
1 5051148
1 6889029
1 7789781
1 7693131
1 6086778
1 8753492
1 6324118
1 4340115
1 5029042
1 9469805
1 7608422
1 6010674
1 5893376
1 8480386
1 5211021
1 9294348
1 3000508
1 9834376
1 7915344
1 1649097
1 9868786
1 6493237
1 7524922
1 3062235
1 7541315
1 6874991
1 1393485
1 3144836
1 3726259
1 2806795
1 5384299
1 9281168
1 2715375
1 8774482
1 34560
1 1385070
1 4503984
1 6451910
1 4957025
1 1706626
1 9639865
1 8857390
1 2430452
1 3107343
1 1940125
1 198157
1 5767478
1 7104709
1 837825
1 8855762
1 2873925
1 451689
1 6867453
1 556823
1 1612191
1 4680902
1 889433
1 7033909
1 3415471
1 7272682
1 9490472
1 4199015
1 8868156
1 3198491
1 8299187
1 5103478
1 2416599
1 9733450
1 35487
1 8848612
1 2975167
1 8696385
1 1153462
1 5322106
1 3859172
1 8698210
1 8169286
1 2650077
1 8116669
1 4225087
1 3393523
1 7617165
1 1702293
1 5685027
1 7696895
1 5005228
1 3344341
1 630274
1 1322988
1 1025448
1 289188
1 8050832
1 3277308
1 6605409
1 5204621
1 9628683
1 8660174
1 9333552
1 8857637
1 1168314
1 3304975
1 8553573
1 3031390
1 6090242
1 1287942
1 1464468
1 5671602
1 1181684
1 3178150
1 7701647
1 1901240
1 7424116
1 2967515
1 4748246
1 9137113
1 5841708
1 8153344
1 6576344
1 3947010
1 5402905
1 6887962
1 6624306
1 7346256
1 6967831
1 6148363
1 4661046
1 2572868
1 6027697
1 8801983
1 9716903
1 6021751
1 5362742
1 4430363
1 9934881
1 6552258
1 6644113
1 3499834
1 1273655
1 4178057
1 8711068
1 4359003
1 155926
1 8030432
1 5030063
1 1591054
1 8522990
1 2817888
1 2672638
1 6226045
1 3684837
1 2147711
1 7747097
1 5088496
1 3607873
1 6417401
1 8504501
1 9251917
1 1531322
1 745901
1 6010761
1 2348067
1 92154
1 8376878
1 61792
1 5492259
1 7320950
1 9475654
1 890280
1 3638821
1 7047520
1 6635623
1 6577141
1 1552781
1 6479312
1 6221620
1 6141590
1 4384593
1 1752064
1 447761
1 5775410
1 8849628
1 6355875
1 9737154
1 8264019
1 6345984
1 6020558
1 6453621
1 2529811
1 5587931
1 6880395
1 4933191
1 1421173
1 9298369
1 7851078
1 4501866
1 1697286
1 4298044
1 6166602
1 6676128
1 5244223
1 7537539
1 4747409
1 7893022
1 71174
1 3862564
1 2080846
1 3451280
1 5858454
1 4907765
1 6296879
1 5039852
1 9172613
1 6213945
1 3973177
1 1416353
1 1101894
1 6093917
1 9440577
1 4436595
1 1729443
1 1909691
1 1293550
1 1102816
1 115197
1 6765190
1 7223829
1 1661633
1 9125909
1 7713781
1 7194579
1 9398610
1 1356002
1 3869055
1 691307
1 2067281
1 8608184
1 371775
1 5025772
1 7428357
1 8350254
1 3766101
1 515533
1 3010438
1 4859640
1 5981944
1 4328763
1 2025908
1 5688033
1 8046968
1 2491287
1 711429
1 8079488
1 6191660
1 2056003
1 9642080
1 9818199
1 484929
1 8088998
1 4654295
1 8263898
1 6323396
1 5166567
1 3051604
1 2217448
1 5307718
1 4855968
1 4225942
1 5960701
1 5304053
1 9035226
1 2229329
1 723036
1 6179972
1 6229039
1 8163158
1 3432302
1 4509593
1 1745823
1 4449081
1 5148929
1 8999002
1 557132
1 9603
1 8318950
1 6083387
1 7876405
1 3180213
1 1233394
1 542261
1 1861826
1 3309389
1 2901842
1 5705966
1 3842175
1 3384551
1 9964522
1 3230726
1 158015
1 4185120
1 6750145
1 5122019
1 7253064
1 3921983
1 4733856
1 3847790
1 3000814
1 9700775
1 6918969
1 2086559
1 7801249
1 865581
1 6560877
1 7742628
1 9064893
1 5370566
1 8963072
1 7384105
1 1696993
1 6541731
1 6852195
1 1929836
1 532489
1 7456889
1 3967980
1 4654182
1 8127795
1 4211547
1 3674319
1 4776954
1 7761828
1 5781168
1 3309951
1 6820474
1 635483
1 4610120
1 1412732
1 4291350
1 5390140
1 107914
1 372512
1 6591697
1 7302740
1 7530166
1 7873854
1 6801698
1 8067157
1 2076077
1 2567636
1 4277650
1 2485975
1 6650148
1 8579077
1 1026644
1 4092145
1 1622965
1 5506262
1 686701
1 1754212
1 6407278
1 3941431
1 6013149
1 4587583
1 8597442
1 9107303
1 8261723
1 4468206
1 153381
1 7215057
1 2609763
1 4985787
1 1987958
1 8715482
1 8040393
1 5646566
1 4027650
1 813769
1 9712350
1 2646810
1 573180
1 2452893
1 2960592
1 6389617
1 2973302
1 8485072
1 4993551
1 4539522
1 1299503
1 9411018
1 520480
1 5723417
1 4375523
1 1047692
1 6332493
1 606059
1 2950217
1 8424342
1 623743
1 3635579
1 7074791
1 297317
1 2469374
1 9284789
1 3033309
1 5136404
1 8221882
1 6206446
1 8767099
1 1423296
1 2771816
1 5997774
1 6830681
1 9082756
1 6884473
1 5663428
1 1404412
1 6277373
1 2290442
1 7843570
1 1952715
1 8783436
1 7394455
1 7655497
1 4034001
1 6027242
1 6363079
1 8994187
1 4730245
1 5551812
1 1638894
1 9241661
1 4599976
1 1708395
1 3871422
1 2090267
1 4281330
1 895673
1 7102223
1 1081515
1 68909
1 3221153
1 573847
1 8960481
1 8392214
1 8312016
1 8229280
1 6208977
1 9110861
1 5931406
1 7165268
1 3854434
1 7204165
1 7676936
1 4084706
1 9051711
1 6365972
1 1499083
1 5461039
1 6648129
1 8823830
1 977008
1 5487108
1 489071
1 5547895
1 7931916
1 2024193
1 3611211
1 5900300
1 5795855
1 2574144
1 5167498
1 4771601
1 8129037
1 1823282
1 7962106
1 8027814
1 5833262
1 40727
1 6166597
1 915466
1 3858495
1 3444095
1 301532
1 8134705
1 3714253
1 8571384
1 4783071
1 7747485
1 3607741
1 3065695
1 193955
1 6761905
1 5409036
1 4755113
1 2730976
1 5626933
1 4729072
1 1133138
1 6204181
1 3555321
1 2423633
1 205553
1 5165338
1 8658015
1 8316647
1 9409075
1 1246074
1 9201944
1 1463581
1 1907886
1 3537829
1 2861917
1 8911852
1 5419247
1 8785075
1 6084356
1 521116
1 4462763
1 7034591
1 7189740
1 8470970
1 2748857
1 4047518
1 7768021
1 3380297
1 1426914
1 1160764
1 1547006
1 1815883
1 3952907
1 6318403
1 7733581
1 7331653
1 7051220
1 8860577
1 9212214
1 3408011
1 2983270
1 4255297
1 3494179
1 7961510
1 1528953
1 8044779
1 2626636
1 8929614
1 7484959
1 7799307
1 3200114
1 1547617
1 8135153
1 6331875
1 855824
1 2903297
1 4838859
1 7035466
1 2286848
1 9106565
1 8510297
1 8074642
1 8348801
1 908510
1 8082505
1 9405286
1 6957998
1 4288319
1 8897476
1 7226943
1 8766971
1 751580
1 6631541
1 7509688
1 7556461
1 999251
1 7282441
1 3289069
1 5082447
1 989545
1 3297522
1 8245114
1 9101533
1 1801724
1 5017611
1 911216
1 8444075
1 616304
1 846635
1 5211909
1 4662951
1 1733083
1 4074886
1 6310135
1 4489564
1 9112284
1 4545120
1 554455
1 149019
1 8769813
1 9829475
1 3461758
1 2429813
1 3332667
1 9777864
1 9558255
1 3379570
1 7077843
1 3235302
1 5146012
1 7668569
1 9871697
1 6641997
1 4097701
1 665111
1 3533201
1 9654907
1 8252079
1 2110369
1 774864
1 4844177
1 9485608
1 4948808
1 3810123
1 1174936
1 121030
1 9105331
1 9186524
1 5914918
1 3084875
1 6627305
1 2249615
1 8195137
1 1906972
1 6904650
1 2102185
1 7544561
1 4901830
1 9718923
1 6445576
1 3574980
1 2207450
1 1465149
1 4165090
1 8611219
1 4660862
1 4709178
1 2714772
1 5651934
1 3240672
1 4185918
1 9283138
1 7141681
1 2108491
1 7063103
1 1820460
1 1545537
1 4925414
1 7844069
1 7931103
1 1971625
1 2815606
1 4587699
1 653885
1 3745884
1 6671823
1 4916252
1 9387479
1 1612444
1 716808
1 7449015
1 9824100
1 7124615
1 9508936
1 9531078
1 3434309
1 1994714
1 7876535
1 1361949
1 801647
1 7242809
1 6764613
1 450984
1 7823256
1 6150574
1 1862135
1 6523826
1 7584226
1 5638207
1 4938067
1 2582198
1 8385389
1 2849197
1 766866
1 9650576
1 4960416
1 8573584
1 6022096
1 7442615
1 7359569
1 555830
1 3317606
1 8041986
1 7011023
1 6011856
1 8304915
1 1735138
1 8923081
1 6487914
1 1493881
1 8831941
1 1735554
1 3148447
1 7674858
1 3168504
1 3964816
1 3207467
1 5925125
1 4894117
1 2403532
1 3166684
1 8509396
1 9268109
1 6742272
1 5356700
1 5628946
1 3460020
1 6035265
1 2208872
1 6363115
1 4059003
1 8090655
1 8148161
1 1529839
1 8990479
1 7431838
1 2272629
1 6413937
1 7258400
1 49883
1 7360280
1 5834804
1 9766760
1 9629823
1 5067076
1 2122373
1 7789871
1 7645391
1 3383894
1 5972705
1 7818227
1 6911274
1 9103230
1 8946948
1 3601532
1 256751
1 8314592
1 2802764
1 5547794
1 2523424
1 1719243
1 8370318
1 6211044
1 1206213
1 9402776
1 679868
1 9479924
1 7211206
1 5670404
1 6294875
1 8131404
1 4904166
1 186678
1 8171862
1 8086292
1 83124
1 3097028
1 9423031
1 2273432
1 5207796
1 4648414
1 5035078
1 684146
1 5568008
1 6680864
1 3590403
1 3363724
1 6159977
1 5443875
1 6609467
1 4107023
1 3578865
1 5732357
1 7838475
1 5167556
1 9544244
1 9900892
1 2669727
1 3861887
1 8289923
1 3516872
1 7459508
1 8328944
1 3364669
1 6096970
1 5585458
1 134331
1 6682401
1 8800669
1 3901645
1 3073514
1 1535579
1 3079581
1 8930902
1 4562426
1 5376873
1 6515852
1 5226247
1 7238644
1 2688532
1 7230702
1 9544752
1 9309086
1 1782478
1 9701012
1 8335363
1 6365833
1 3124421
1 4802559
1 248814
1 9285708
1 455719
1 4585087
1 3717692
1 471623
1 2702028
1 7768218
1 1764575
1 2158987
1 5335121
1 5288045
1 8053766
1 1191511
1 6265283
1 5251629
1 5325068
1 2455581
1 3078917
1 6837542
1 1763943
1 700558
1 1725418
1 7113815
1 3854819
1 2715242
1 6804943
1 6446363
1 3338701
1 5669639
1 2855136
1 4829361
1 5053679
1 9967664
1 6931396
1 2410582
1 2734454
1 3799444
1 5758382
1 6156734
1 1855073
1 1164654
1 395090
1 1494574
1 8454245
1 2951249
1 282602
1 5083427
1 5378355
1 1571420
1 3823942
1 1904104
1 3022756
1 81917
1 8980292
1 1919530
1 2609799
1 1401425
1 2693818
1 5514574
1 7832331
1 6797070
1 894921
1 9518769
1 4159843
1 3657020
1 1500924
1 6699015
1 4560506
1 3208168
1 519452
1 6836586
1 2391043
1 3944386
1 1539507
1 5576149
1 5871182
1 278538
1 3980138
1 2643648
1 7715694
1 4196775
1 4270244
1 7141508
1 6823167
1 90078
1 8156369
1 7680208
1 7331935
1 7150946
1 9884523
1 7632182
1 959794
1 4089029
1 3176790
1 4839269
1 6484213
1 8761102
1 7383982
1 1848484
1 7251076
1 6939139
1 9204609
1 7633126
1 7447940
1 7573885
1 3899193
1 2349014
1 3932513
1 1306970
1 9545681
1 3622505
1 9346640
1 7510603
1 9189776
1 8999559
1 7109695
1 4727572
1 1568078
1 1523027
1 286551
1 2786594
1 1836316
1 1456486
1 9844645
1 7769859
1 9685929
1 9711006
1 649335
1 7475637
1 8866966
1 4957543
1 7748
1 5181540
1 339099
1 6908195
1 7361725
1 2815354
1 1771721
1 5553871
1 2221032
1 1984815
1 2365860
1 1924184
1 5710115
1 437475
1 8850831
1 931360
1 6525612
1 4838087
1 2049160
1 2753365
1 7972200
1 1091930
1 7652995
1 9741780
1 677433
1 459946
1 5243272
1 6266032
1 4992485
1 1829929
1 4080306
1 7101929
1 412236
1 7316589
1 7473867
1 7114299
1 379089
1 5963766
1 853890
1 2541119
1 2047914
1 3972016
1 172684
1 553044
1 5721885
1 2241541
1 8353000
1 2016734
1 4755711
1 5436800
1 8231128
1 8656723
1 3746376
1 5446989
1 8406498
1 8939031
1 1771430
1 1600935
1 9905517
1 1183421
1 6096608
1 3199812
1 9236309
1 9501029
1 4455221
1 4186506
1 3297485
1 2318436
1 7134510
1 3736175
1 1507315
1 6562216
1 6437879
1 8647053
1 8669371
1 4401876
1 7745256
1 7881307
1 3683736
1 2696756
1 6038357
1 9273041
1 5114445
1 6799462
1 7102957
1 7602730
1 267287
1 300372
1 6005218
1 9038708
1 8669319
1 5679945
1 7645983
1 5784542
1 8214714
1 5727473
1 6644683
1 7421284
1 6678872
1 1428319
1 6092320
1 9788380
1 8552078
1 9353505
1 1007880
1 9658725
1 9408618
1 7544632
1 678981
1 2310681
1 2009359
1 4354945
1 3054003
1 7985604
1 6580220
1 2394134
1 3402803
1 7009859
1 6549307
1 2937301
1 5219286
1 634963
1 3289921
1 5192713
1 587705
1 9620287
1 9783514
1 9161683
1 4893562
1 7816281
1 3709160
1 7786353
1 6291119
1 7024372
1 1523454
1 8091684
1 1949321
1 7105857
1 1116633
1 9186165
1 9864740
1 4576462
1 1169172
1 4009922
1 829356
1 7057910
1 7707591
1 628013
1 1173479
1 8704779
1 2322052
1 7566382
1 35335
1 6776862
1 8601513
1 4005446
1 8186675
1 1996144
1 836868
1 2373888
1 1152949
1 4114829
1 599693
1 5334828
1 9596160
1 9219425
1 3439494
1 8075845
1 3448017
1 1182534
1 3307744
1 5163250
1 1162412
1 2117036
1 469461
1 5114048
1 9372722
1 4902718
1 1309182
1 7949644
1 4868324
1 9136717
1 7856742
1 7662625
1 983446
1 7684352
1 1001543
1 5874126
1 8986113
1 5529716
1 1161447
1 726422
1 4136863
1 2155160
1 9410749
1 4072147
1 2394969
1 6554392
1 2984888
1 8120798
1 334956
1 9868318
1 8637257
1 4866994
1 9884250
1 6908100
1 3574277
1 8701218
1 8354107
1 1183813
1 9602463
1 6799769
1 9022508
1 1060853
1 4403585
1 7145315
1 3090635
1 3353308
1 941361
1 9870208
1 2983768
1 930059
1 2671045
1 9761525
1 1236829
1 2928945
1 2173851
1 8731163
1 8963449
1 4459888
1 7752679
1 1464603
1 4850265
1 6833374
1 3048109
1 2404669
1 6647851
1 1315363
1 3178632
1 1465524
1 779586
1 6267478
1 3059246
1 3648755
1 3288421
1 7997803
1 3034798
1 2809342
1 8329282
1 713421
1 272109
1 2785906
1 2766832
1 7097697
1 1222265
1 1069439
1 5228674
1 8113349
1 767014
1 6755462
1 5018576
1 8051326
1 3824610
1 7694609
1 7138451
1 5645809
1 8323429
1 4768427
1 6090320
1 2819641
1 6030222
1 5171966
1 3831806
1 8965265
1 3830720
1 2013851
1 3142251
1 9745720
1 5945077
1 7376676
1 5296228
1 5761932
1 414486
1 1521233
1 3350890
1 915155
1 9616220
1 1464244
1 4104019
1 2705740
1 1928826
1 7511037
1 3268448
1 4870382
1 758896
1 9880932
1 4460387
1 6768122
1 196823
1 357588
1 6136622
1 2054371
1 4576248
1 853271
1 7783538
1 5994548
1 12887
1 6894386
1 8243933
1 733784
1 3236538
1 1159092
1 9769001
1 6133487
1 497948
1 50516
1 1568730
1 39159
1 6423571
1 8128069
1 396613
1 1766629
1 9914763
1 2871732
1 4571409
1 2737319
1 6181525
1 8064495
1 2883505
1 2398341
1 6983143
1 4011995
1 762079
1 8730642
1 1118384
1 7644419
1 3913723
1 8498891
1 2466855
1 2830743
1 3639885
1 7859574
1 1316524
1 616045
1 7956697
1 5669905
1 3420850
1 7270923
1 3859170
1 6271907
1 5727741
1 2360363
1 7262993
1 5721590
1 2677923
1 7183129
1 8254216
1 8920063
1 9507629
1 9543845
1 1250398
1 9753152
1 4913197
1 4458760
1 4300288
1 3654071
1 8552989
1 8328286
1 1414532
1 5209234
1 670433
1 9170021
1 219444
1 5600200
1 6263342
1 2135105
1 2589648
1 9385498
1 4875615
1 3588096
1 3279228
1 8683398
1 248857
1 3467159
1 5557861
1 9060126
1 9987986
1 7387630
1 6075764
1 1265634
1 5755189
1 2228683
1 8493748
1 8034970
1 3865402
1 6526219
1 7060350
1 324220
1 2573642
1 8467368
1 5742023
1 8079753
1 2742129
1 1568477
1 9744599
1 3350347
1 2953980
1 5945904
1 1286227
1 1537073
1 4825401
1 4564468
1 6283966
1 8431074
1 9236171
1 3033399
1 2805764
1 8867429
1 6925072
1 960790
1 1720021
1 2151542
1 2054771
1 6016643
1 9720239
1 771311
1 6520616
1 6255905
1 4072078
1 3846151
1 7328713
1 3403305
1 920327
1 6395847
1 631137
1 1861239
1 4525620
1 282167
1 8653644
1 2656005
1 4429820
1 1779592
1 7061481
1 7283410
1 3594522
1 1310676
1 308910
1 4927024
1 8379434
1 4438056
1 4915426
1 5651950
1 694884
1 8385057
1 4888204
1 3045647
1 2307728
1 7589196
1 2501622
1 3244198
1 4286124
1 1174405
1 2732616
1 4343619
1 213358
1 2852883
1 7177854
1 7190072
1 6180964
1 9644501
1 9288429
1 4104928
1 6990698
1 2579671
1 451360
1 2194302
1 6287873
1 8864369
1 9685232
1 5962712
1 9792508
1 844232
1 9439756
1 5905573
1 5807931
1 4127071
1 3844684
1 3330173
1 3994099
1 3462576
1 7323410
1 2171067
1 1686255
1 1709910
1 926554
1 2603857
1 2551025
1 5492757
1 8394570
1 4681873
1 6433184
1 8243930
1 3798922
1 3642587
1 7367998
1 2834378
1 419445
1 485928
1 4845347
1 6572704
1 1549096
1 3264214
1 7733345
1 6192235
1 2012483
1 4167142
1 6127843
1 5631477
1 939614
1 966687
1 2751945
1 7949117
1 6783260
1 937202
1 2250993
1 94923
1 1657278
1 2988383
1 5817085
1 3581863
1 6470181
1 8829933
1 9272100
1 4696558
1 5028860
1 865799
1 3118317
1 5301113
1 252348
1 1268799
1 6715786
1 6352651
1 2936545
1 5606115
1 4027059
1 5476444
1 1246447
1 6541976
1 1008675
1 7539567
1 2831011
1 6322674
1 2621081
1 206210
1 8209387
1 5913858
1 7212339
1 4129109
1 6185814
1 3151114
1 891616
1 7364319
1 1170601
1 3184356
1 5910334
1 8049002
1 5826379
1 3823720
1 3913581
1 4139526
1 8089724
1 7242031
1 9814654
1 3675843
1 2010318
1 5284587
1 1801970
1 2613479
1 7081892
1 7127342
1 1056526
1 6999328
1 761282
1 4985008
1 5580278
1 448232
1 7263284
1 1558484
1 9463240
1 1624342
1 6949943
1 4481187
1 837101
1 1061346
1 3909173
1 4820197
1 5746193
1 8845866
1 286920
1 8550193
1 8058851
1 6683518
1 2886479
1 6172482
1 3907131
1 4555929
1 3403992
1 1024006
1 1426506
1 7020475
1 7937336
1 7697091
1 8191282
1 2856771
1 7170765
1 4025934
1 1724427
1 4619227
1 725153
1 7448341
1 7304097
1 9753006
1 9125388
1 2040858
1 6954573
1 8411947
1 5089801
1 5616703
1 3848296
1 7095582
1 6227987
1 1476438
1 423286
1 3929847
1 1669660
1 1821057
1 9587188
1 2250407
1 5659414
1 6525592
1 8343272
1 1032947
1 8367971
1 586928
1 6724235
1 6431922
1 4481919
1 8059314
1 3010138
1 3746118
1 7567312
1 3191114
1 1678716
1 8140559
1 5583334
1 8090548
1 1913856
1 281770
1 3375120
1 9628682
1 2358023
1 2722856
1 4712175
1 1939268
1 1787122
1 2661735
1 9991079
1 2092761
1 1675462
1 7461299
1 2535434
1 2523028
1 630849
1 6465305
1 3683805
1 8120761
1 9324025
1 7980315
1 6772162
1 9841641
1 9007486
1 6645539
1 7170562
1 1715251
1 1509268
1 8745273
1 6116354
1 6312111
1 8481521
1 3125529
1 1128017
1 2707717
1 4904575
1 7519503
1 8326455
1 7719173
1 5930008
1 3490791
1 8091680
1 4666236
1 6509542
1 8960413
1 5839944
1 9093234
1 5950987
1 181609
1 5481706
1 6603476
1 6509813
1 1352313
1 9993306
1 3713440
1 6485662
1 409144
1 7630699
1 9912011
1 827356
1 2909449
1 1660928
1 688147
1 3418799
1 7421674
1 2123137
1 5113400
1 2087049
1 407834
1 802289
1 2935470
1 4040963
1 9656827
1 100946
1 4604807
1 5478753
1 476465
1 9768199
1 1554427
1 6720270
1 8212313
1 163965
1 4667039
1 3608851
1 1789485
1 4705242
1 5178093
1 4439414
1 9618669
1 5282808
1 6734950
1 6294737
1 4431680
1 6029812
1 372559
1 271971
1 1253920
1 4443607
1 9769086
1 1120018
1 9312945
1 9251970
1 3411559
1 3608798
1 254485
1 1467862
1 6802658
1 7706085
1 1827829
1 1080988
1 4532826
1 6220467
1 608993
1 9066227
1 7535985
1 2624190
1 1422946
1 5822539
1 6621928
1 6408765
1 4891328
1 9747112
1 8568051
1 5062212
1 972655
1 5472387
1 3083224
1 9059000
1 5189352
1 3964224
1 9328683
1 9401259
1 5445367
1 2761041
1 1255540
1 6045826
1 2925794
1 8791992
1 7664495
1 43077
1 1399797
1 3124910
1 2360629
1 4814241
1 7286716
1 9973974
1 8338070
1 8082188
1 9688170
1 6708026
1 8153185
1 7367907
1 4394037
1 1666984
1 6796839
1 4896715
1 2266554
1 6601024
1 9171651
1 6673323
1 5438542
1 1374369
1 2427725
1 6894871
1 2650441
1 5209647
1 1576722
1 7035826
1 7973423
1 7716023
1 1395341
1 7063120
1 5334907
1 9902961
1 6168875
1 4013472
1 9989971
1 8315623
1 2616725
1 3404781
1 1781090
1 964213
1 8549967
1 1600251
1 8691345
1 2765021
1 297766
1 6087505
1 6388315
1 9700544
1 1719274
1 2315426
1 7808652
1 8209552
1 5217899
1 9687960
1 7652826
1 857771
1 912855
1 3484682
1 7243955
1 897783
1 6587394
1 9118513
1 4831853
1 9651847
1 67688
1 7933468
1 8931889
1 6310492
1 3968087
1 4885369
1 8466585
1 1240774
1 4441472
1 7100934
1 3329570
1 8730569
1 5872899
1 3064763
1 5819197
1 1861153
1 2376141
1 4051704
1 7301125
1 3983231
1 6322243
1 2316616
1 560440
1 8151266
1 3490210
1 5743361
1 2706035
1 4180249
1 3776442
1 8088914
1 1999005
1 2409533
1 2253908
1 4179510
1 1498045
1 9502785
1 9137958
1 8226234
1 2983953
1 2231932
1 7488507
1 5705753
1 1149190
1 2556134
1 6172131
1 8267180
1 4868661
1 9743653
1 7920475
1 8792150
1 7368868
1 5588936
1 6493847
1 6655461
1 1785618
1 7541302
1 9769923
1 5002749
1 2179941
1 6133035
1 1806758
1 5287215
1 7168293
1 4797801
1 2684220
1 15193
1 3622463
1 2622417
1 5928497
1 406143
1 9936459
1 6386046
1 9696327
1 3928919
1 753640
1 154788
1 1503429
1 5101419
1 735858
1 661788
1 1148107
1 7382061
1 8592684
1 4860443
1 7319449
1 6358526
1 2804302
1 5867541
1 3403049
1 7188182
1 936039
1 1339186
1 1881535
1 5083343
1 3668156
1 9920159
1 6544977
1 1484025
1 9191848
1 9138893
1 4801255
1 4822052
1 3081524
1 2619847
1 831398
1 8891894
1 7426343
1 5668992
1 4875653
1 7226349
1 5278068
1 2086799
1 3436297
1 7575817
1 2570067
1 8876144
1 5062486
1 1994441
1 7213169
1 7519757
1 4055011
1 5750773
1 3101859
1 6111810
1 2430375
1 4970305
1 123797
1 2803126
1 4767787
1 2272918
1 8535009
1 5313466
1 7023653
1 1289529
1 2206444
1 547031
1 1187110
1 8252772
1 485237
1 6550014
1 7803798
1 12192
1 5123103
1 9264736
1 5574950
1 4899375
1 9911771
1 4061480
1 3936716
1 1289562
1 289174
1 1165056
1 7763322
1 7502666
1 3647731
1 370125
1 6012253
1 4818796
1 2167202
1 7789828
1 8380695
1 4960356
1 9388854
1 5249508
1 6161816
1 4377754
1 3060301
1 7688989
1 8145658
1 1883734
1 7519174
1 6588655
1 2036432
1 638027
1 6537342
1 6628270
1 69989
1 1801047
1 4521425
1 1607404
1 9414947
1 5563416
1 6907955
1 4058530
1 6816063
1 6137881
1 557616
1 8564557
1 310899
1 6737014
1 5653464
1 6080284
1 8639068
1 7679979
1 5752118
1 5636098
1 9246424
1 4325883
1 2134968
1 407191
1 2593295
1 4330410
1 218748
1 8950109
1 9222378
1 5573861
1 5832475
1 2251220
1 5995004
1 425658
1 6993665
1 911035
1 4868419
1 2802446
1 1693118
1 1697116
1 7451648
1 3567302
1 1635605
1 8294863
1 546303
1 1517619
1 4010367
1 7710123
1 5078819
1 2736175
1 8228465
1 2103488
1 2284770
1 9279759
1 8052470
1 2461485
1 5885643
1 8965819
1 5552850
1 2197065
1 3788528
1 5621152
1 299136
1 5756437
1 7820442
1 9086895
1 9290270
1 660785
1 3817246
1 1961801
1 4861792
1 7503540
1 8002287
1 4620281
1 2350079
1 7089771
1 4496305
1 9099673
1 6928927
1 5016667
1 56564
1 3932532
1 6274208
1 8147827
1 4683354
1 6998917
1 5125774
1 552899
1 1414375
1 4972744
1 4206800
1 5474330
1 3425508
1 1549484
1 5154761
1 39307
1 9928086
1 8485625
1 7252634
1 5095699
1 1500476
1 3627514
1 1891639
1 589501
1 2525292
1 5592909
1 144305
1 1986858
1 6929011
1 7692034
1 5950008
1 1898126
1 9777829
1 2214096
1 3991754
1 225571
1 723595
1 2980548
1 5735799
1 6153387
1 9053609
1 9281628
1 7077699
1 632523
1 4655800
1 902169
1 3919881
1 4353132
1 3021488
1 5698842
1 718656
1 844620
1 2687787
1 1499353
1 8101904
1 6476750
1 895977
1 8015283
1 326566
1 565287
1 4250668
1 9387431
1 8003877
1 8558404
1 7017416
1 2045822
1 5273101
1 4236954
1 3501504
1 9060537
1 6958060
1 9240675
1 2410769
1 2080306
1 1314265
1 3513591
1 1053846
1 4703792
1 5908001
1 820985
1 217510
1 5776676
1 4772584
1 2764184
1 5446037
1 7102691
1 2367959
1 2190510
1 1105093
1 3156685
1 7977752
1 5512099
1 1595872
1 35234
1 8958393
1 5356607
1 373813
1 4919686
1 1789478
1 9824393
1 9673923
1 4013368
1 7711411
1 6488602
1 7355098
1 2358648
1 8876338
1 3554946
1 9267517
1 7616399
1 2387745
1 4272832
1 1213724
1 535128
1 6954219
1 4343853
1 1668518
1 3604968
1 611535
1 3135128
1 3691527
1 3263642
1 5164050
1 3427504
1 466901
1 969025
1 1628524
1 2544612
1 6563410
1 2354802
1 2818523
1 2385901
1 4313373
1 2766527
1 9782782
1 1717856
1 1674629
1 3330535
1 6159972
1 9874634
1 6126610
1 6459889
1 6332444
1 9010425
1 2604891
1 9110446
1 7336608
1 7207248
1 6389363
1 4191297
1 2847201
1 5905371
1 7474024
1 147543
1 5483787
1 8788956
1 1480607
1 3369841
1 5971137
1 9249048
1 2118183
1 7986598
1 4992072
1 610676
1 4308372
1 896325
1 7797340
1 9116030
1 9900077
1 4974850
1 5787941
1 4814895
1 1664800
1 5029279
1 9815099
1 7234194
1 8110536
1 6362884
1 5604130
1 8962391
1 4881756
1 6669698
1 2142486
1 6964923
1 1235214
1 4563794
1 8621114
1 1196576
1 6301258
1 7849613
1 3007454
1 1641005
1 2182509
1 6883594
1 7490639
1 873429
1 666914
1 7351279
1 6060583
1 8195063
1 6969549
1 6810955
1 2420551
1 8634443
1 5641690
1 2387218
1 9021660
1 6403361
1 6759004
1 2318782
1 9547097
1 4140543
1 4032157
1 393032
1 3299668
1 577434
1 3614226
1 1373017
1 7890577
1 9940435
1 7173291
1 2238084
1 6832353
1 4025681
1 4005382
1 624494
1 1285187
1 8187135
1 7258249
1 4816127
1 5643733
1 6113476
1 8454251
1 9430901
1 1519619
1 4764142
1 833087
1 1581666
1 275236
1 7339821
1 8837637
1 3004287
1 5102171
1 1564933
1 7975645
1 1942574
1 5158558
1 9167073
1 7777019
1 5451386
1 9498705
1 2653503
1 8415167
1 2376694
1 6529408
1 4411673
1 2105798
1 4038925
1 5119947
1 5791057
1 8264142
1 3892280
1 2863049
1 3267962
1 8901709
1 9339144
1 3770801
1 4472971
1 5947483
1 3920287
1 5690002
1 3891951
1 9204355
1 1376187
1 4586103
1 4573191
1 2414543
1 6940914
1 5055074
1 9942352
1 6665485
1 3734928
1 4603040
1 5930849
1 9966965
1 8590809
1 2652354
1 7328259
1 1663271
1 8164780
1 9590748
1 2969873
1 1009486
1 2142884
1 9588759
1 60914
1 7655651
1 4805846
1 1576807
1 4106743
1 5671574
1 9707334
1 6484535
1 7702034
1 9477588
1 2263952
1 5180669
1 9033882
1 1197693
1 2180225
1 3158842
1 1481006
1 5965156
1 1728446
1 3287369
1 9361439
1 271869
1 1754282
1 6311616
1 7650654
1 9781404
1 8816406
1 7282348
1 6390376
1 9606358
1 8948576
1 4028032
1 1420236
1 4209876
1 3439677
1 6641186
1 4594082
1 9758794
1 1434838
1 8529677
1 5686169
1 8185672
1 4796287
1 5513164
1 731866
1 9125978
1 351484
1 961979
1 5554513
1 3822537
1 2533561
1 231963
1 8473931
1 494232
1 3226115
1 9403747
1 7555225
1 1261376
1 1950054
1 6551482
1 1776636
1 2562645
1 7733964
1 9898755
1 3818329
1 5588800
1 1000607
1 2861491
1 2494370
1 324723
1 6080968
1 9855141
1 9940910
1 9704005
1 841844
1 1449081
1 8767882
1 8294687
1 9171036
1 8508490
1 5168927
1 9201058
1 1653952
1 8601983
1 785519
1 7691786
1 2980599
1 9405559
1 6698480
1 9234279
1 6236043
1 7304423
1 3166998
1 978232
1 2904384
1 5129480
1 1460783
1 662321
1 2697063
1 2672833
1 1926887
1 856933
1 6459569
1 6457740
1 2450801
1 5812299
1 8988602
1 2462903
1 6173133
1 2199361
1 8691618
1 9547844
1 9977165
1 8620387
1 5033307
1 4479443
1 5020934
1 2866181
1 5516290
1 287952
1 6283
1 9218449
1 3100486
1 3937297
1 309713
1 2105578
1 3846895
1 326376
1 9836492
1 2055248
1 4682459
1 3808993
1 2040216
1 6015760
1 9588023
1 113583
1 33780
1 3716566
1 4850169
1 1402622
1 8666278
1 2888545
1 2387230
1 2028709
1 196221
1 3458890
1 8211807
1 9539893
1 6297245
1 786925
1 171951
1 5755272
1 2719364
1 8626501
1 5026062
1 9163470
1 4344492
1 9900575
1 3553589
1 2347142
1 4118567
1 3931120
1 1662558
1 9812305
1 7921470
1 2207168
1 9024326
1 1171713
1 5502025
1 7691670
1 9174229
1 7533673
1 7468049
1 9716611
1 5795478
1 1940456
1 2217854
1 8025568
1 1767436
1 1768940
1 7921414
1 2480546
1 5892637
1 1567678
1 9609383
1 8349869
1 207086
1 4400455
1 2465027
1 5331949
1 3885440
1 4394240
1 5233134
1 6182878
1 7237187
1 1903753
1 3958442
1 7687906
1 2793981
1 7435432
1 9993532
1 6546410
1 9164117
1 650373
1 1736842
1 8760057
1 1461199
1 6666390
1 6347320
1 6508255
1 2343325
1 3058858
1 3224057
1 9548553
1 7435518
1 5892680
1 9219844
1 4004214
1 9794217
1 8168156
1 6973446
1 8544458
1 3300332
1 8523699
1 6153997
1 8298605
1 2080936
1 3998206
1 4122170
1 1961274
1 8511332
1 7219655
1 3938045
1 9421564
1 891247
1 1683212
1 2227645
1 4073310
1 220076
1 8101653
1 2265704
1 7291523
1 8963770
1 6522062
1 7988701
1 5343538
1 4464537
1 1538566
1 8593530
1 5979245
1 9356738
1 6067275
1 5367227
1 1872354
1 9198139
1 8004768
1 7870503
1 2974476
1 1889151
1 3293847
1 3633716
1 4209889
1 5719122
1 7256005
1 3938192
1 1411279
1 1236303
1 7318392
1 6181688
1 5502916
1 6575732
1 2953542
1 827279
1 5588032
1 7346437
1 4265947
1 9115347
1 2815223
1 4418491
1 6774162
1 2782807
1 2670171
1 2186522
1 7814317
1 1010683
1 6564353
1 3141853
1 4480631
1 9032702
1 494600
1 5034604
1 5695716
1 7335113
1 7527148
1 7186368
1 7803651
1 3340121
1 9196622
1 7600706
1 2551566
1 3417954
1 2481595
1 1483721
1 128273
1 6513482
1 1917612
1 3378090
1 4130535
1 5725964
1 1078801
1 6479608
1 2902075
1 4571595
1 6665370
1 8698885
1 4399726
1 6451573
1 389613
1 5595306
1 7524797
1 6728611
1 8523271
1 4374959
1 5065373
1 2877394
1 706861
1 2978089
1 4764058
1 504748
1 18864
1 2225476
1 7491953
1 5503070
1 3142184
1 5667908
1 4172015
1 9271977
1 9853674
1 2070160
1 6814129
1 294324
1 4738419
1 6089156
1 7029272
1 4915494
1 7196195
1 146286
1 3049939
1 5053812
1 204066
1 8056870
1 9845548
1 8798162
1 1896587
1 2884597
1 5968814
1 629072
1 5807987
1 344532
1 3415179
1 3626340
1 8716032
1 9308373
1 8667600
1 8519990
1 5104520
1 7116900
1 9680103
1 1777062
1 2491293
1 5301571
1 8524025
1 1002081
1 3309573
1 1923561
1 4763176
1 6544603
1 5297389
1 6523527
1 2687671
1 4433276
1 4900745
1 5606982
1 4347412
1 6139551
1 5525851
1 6528628
1 2785168
1 5265291
1 669397
1 9581078
1 9825250
1 549685
1 7697055
1 3033057
1 7008625
1 4467309
1 5326502
1 2945837
1 4584229
1 544413
1 5719300
1 9216718
1 5251628
1 8832243
1 7082225
1 974769
1 7887686
1 1693588
1 8032117
1 9591625
1 2616025
1 5041570
1 7798480
1 766153
1 93980
1 8954007
1 3256599
1 713605
1 6617704
1 8557629
1 5909957
1 3589862
1 2404722
1 7057540
1 2681960
1 1190381
1 2376304
1 987095
1 1195006
1 2894017
1 3550692
1 4255040
1 2068801
1 6828149
1 2555685
1 3731697
1 612326
1 4797367
1 1224004
1 6553988
1 5352519
1 1820035
1 7741798
1 4064451
1 4557826
1 7433072
1 2320646
1 2841247
1 8617441
1 9160338
1 8649262
1 1242416
1 8147985
1 3483394
1 7374565
1 5560195
1 50123
1 6586366
1 8309322
1 5894429
1 3000438
1 6967904
1 2050697
1 713058
1 8719840
1 809050
1 9944755
1 6010596
1 6783655
1 3799173
1 5515316
1 4962884
1 9073054
1 9462993
1 5876730
1 8214497
1 6732448
1 2828036
1 947387
1 2135515
1 9395956
1 4900600
1 8148078
1 5487590
1 8930962
1 9001912
1 9189531
1 9969622
1 3423986
1 6420751
1 9283469
1 9739068
1 2362684
1 1247389
1 1778692
1 6707821
1 9536736
1 4938162
1 1604399
1 3060185
1 3276928
1 9955137
1 6695368
1 4106081
1 1439998
1 510006
1 3203898
1 4598901
1 8251199
1 7683944
1 6256568
1 6113604
1 3399006
1 6188304
1 7917328
1 3333352
1 4292252
1 3206186
1 9455609
1 9110723
1 4856508
1 4380240
1 9576624
1 4536071
1 1841880
1 5843078
1 3300130
1 1908393
1 4546316
1 6218961
1 7523930
1 4114673
1 7427523
1 7067197
1 5109382
1 995239
1 5111924
1 5477405
1 8423077
1 1961000
1 2471317
1 535631
1 1407763
1 8522260
1 9768174
1 5603157
1 7714749
1 8100878
1 1786143
1 6591436
1 6356469
1 436465
1 1562288
1 142287
1 2488541
1 9357875
1 6435522
1 3155479
1 1968987
1 7746399
1 227056
1 6760318
1 4628158
1 4404280
1 1384081
1 8808947
1 5588903
1 7925412
1 8444946
1 1784128
1 3423706
1 3549394
1 5002385
1 5802245
1 5676866
1 308235
1 4776394
1 2823047
1 762829
1 9069874
1 9927178
1 5350617
1 5321927
1 3361740
1 6155434
1 4406113
1 1901133
1 9906911
1 8017035
1 5975071
1 125218
1 7089164
1 5022949
1 3048312
1 8564778
1 2849253
1 3092609
1 3681755
1 7588384
1 501888
1 2212842
1 9769704
1 4796603
1 3322043
1 1001602
1 6412071
1 549952
1 4585321
1 4409371
1 7077834
1 3443201
1 2282124
1 2542084
1 8128135
1 8693633
1 9417140
1 1891659
1 3906055
1 3358712
1 4283456
1 4944760
1 6229523
1 1158585
1 912520
1 6256716
1 965100
1 8474950
1 4333530
1 6973613
1 6641983
1 3312530
1 7636360
1 2247602
1 7099179
1 4216437
1 7838447
1 6791680
1 5599110
1 9250770
1 5084036
1 2601222
1 3876262
1 7025869
1 1998176
1 2065948
1 2271665
1 212040
1 4510977
1 1343771
1 3311217
1 7835427
1 4178666
1 1259427
1 564667
1 3693179
1 3065886
1 7587333
1 4725846
1 4911774
1 6885200
1 2212050
1 2446993
1 9367445
1 4345642
1 6625758
1 9787031
1 5022941
1 1671825
1 3276830
1 5466944
1 2300151
1 1683710
1 3024508
1 3154006
1 162710
1 1284706
1 6369793
1 2386967
1 5726982
1 3976676
1 9277891
1 7399925
1 9606903
1 8540461
1 4065318
1 1174164
1 6116875
1 9442191
1 2057625
1 5451670
1 2701775
1 8590836
1 7333183
1 3246647
1 9674354
1 1010020
1 1521609
1 7876867
1 5455080
1 188375
1 4843346
1 1912633
1 2943370
1 1767859
1 1898494
1 1077911
1 827431
1 3629473
1 217447
1 3004199
1 2315173
1 1274858
1 2853853
1 2671155
1 4466923
1 7016421
1 3768881
1 2451227
1 5186379
1 4563257
1 3950115
1 2575109
1 946091
1 6844238
1 9276940
1 5371974
1 4521655
1 7188382
1 3896998
1 8101062
1 1830607
1 2929066
1 2908431
1 3939478
1 2553498
1 9364890
1 5146681
1 5928659
1 9800020
1 8038614
1 3878337
1 8430030
1 2787897
1 3361849
1 7810460
1 8302851
1 383642
1 791224
1 4004305
1 2451616
1 8774382
1 1248244
1 6763549
1 2101704
1 1866412
1 4478920
1 2899300
1 7974546
1 816791
1 9458149
1 3693888
1 1201049
1 2921388
1 2450659
1 5732568
1 1972095
1 317702
1 6911658
1 6934247
1 4813661
1 1308138
1 3835176
1 2151092
1 1092827
1 810051
1 5225603
1 7317282
1 5410070
1 9424438
1 2437457
1 1711755
1 4789072
1 5458142
1 7545289
1 6780753
1 1913991
1 1279637
1 1173397
1 6009219
1 1434427
1 8576710
1 2133394
1 5004981
1 8736558
1 7131796
1 2125122
1 1019084
1 5197039
1 7524590
1 8842191
1 3140321
1 4659606
1 8839809
1 9436368
1 4124985
1 4393770
1 4061374
1 7125745
1 8723940
1 2297994
1 2419833
1 2434040
1 2968895
1 6730233
1 3104736
1 1482996
1 7204788
1 7198747
1 6481183
1 1511060
1 3840229
1 5617822
1 7692095
1 6561866
1 6149365
1 6380263
1 9909135
1 6495432
1 8095626
1 107568
1 9130217
1 6357620
1 4205421
1 979280
1 262105
1 5124279
1 8502415
1 6359407
1 8914300
1 8275350
1 4749140
1 8658651
1 2741013
1 934755
1 7350892
1 4761184
1 1327955
1 6316732
1 2921922
1 6205200
1 66653
1 361732
1 4100267
1 5007803
1 3998273
1 699171
1 4617889
1 3309503
1 3581965
1 7690979
1 2198544
1 7013553
1 4702643
1 7990498
1 6440061
1 3413709
1 8155528
1 3738841
1 5977022
1 271691
1 8287836
1 6962404
1 2634125
1 1656739
1 499249
1 7041988
1 3551599
1 7579515
1 3310196
1 905712
1 5354050
1 9114315
1 987226
1 6689077
1 8615462
1 9338099
1 6083637
1 2275866
1 6284459
1 3317797
1 9032897
1 988766
1 8230652
1 4131296
1 7344223
1 2891952
1 3141853
1 8944202
1 4863299
1 2266274
1 9752268
1 5082595
1 6870040
1 2837515
1 1166648
1 9398159
1 8529091
1 242303
1 7375292
1 4904960
1 7444436
1 3854068
1 1829422
1 8635401
1 9523357
1 5270615
1 7074036
1 7680554
1 2663165
1 9937116
1 3911143
1 4163612
1 4935197
1 977103
1 6959265
1 6351676
1 4519615
1 4568960
1 3123093
1 7724257
1 9162757
1 1489278
1 9806270
1 3272474
1 6938027
1 149402
1 2372430
1 1608341
1 2991034
1 2370242
1 5011736
1 7343566
1 5687201
1 8274339
1 9810470
1 7257535
1 1682766
1 8952568
1 4997290
1 4376857
1 1548477
1 7654077
1 4415603
1 3347171
1 8637060
1 2813238
1 4107338
1 594473
1 6622296
1 9523809
1 2551785
1 4058040
1 1153419
1 3376501
1 5657354
1 6705858
1 9604456
1 8294656
1 1521152
1 7520250
1 4761174
1 2699829
1 7130883
1 3364563
1 3948874
1 5047689
1 230410
1 7437198
1 9245452
1 8239712
1 8820347
1 6745551
1 4103157
1 396939
1 316003
1 7106137
1 2748013
1 50369
1 7641001
1 6373379
1 2669585
1 9029915
1 8855381
1 8242415
1 979940
1 2998850
1 2208556
1 6079221
1 3095910
1 8117961
1 1191492
1 8146497
1 6742921
1 9848940
1 4599442
1 2242172
1 5339389
1 8607606
1 7466991
1 7642751
1 5633315
1 228369
1 8905681
1 8713952
1 3369016
1 9686672
1 1904167
1 5198349
1 9299264
1 6847234
1 5174981
1 2718855
1 6745667
1 2770025
1 2527972
1 2502359
1 8864679
1 2259810
1 8146308
1 3173668
1 5531752
1 7154850
1 8142047
1 2852340
1 8839687
1 5525677
1 4023282
1 3398564
1 9426480
1 4698449
1 1086149
1 3176178
1 2757562
1 5773178
1 4197651
1 4102985
1 3431474
1 2924534
1 1886909
1 7847864
1 4357821
1 1705164
1 5220934
1 5022063
1 2846402
1 2688252
1 5723244
1 6200681
1 7582886
1 5059264
1 7423549
1 266852
1 676438
1 7383861
1 8232749
1 1287267
1 9818471
1 750208
1 890117
1 998015
1 3003191
1 4201699
1 8107102
1 9812163
1 6486571
1 2766252
1 4005906
1 9175959
1 1881283
1 7510748
1 91093
1 5012111
1 3192379
1 8445122
1 9281542
1 318451
1 5335814
1 8825822
1 8111918
1 8763182
1 1933649
1 7756335
1 8214711
1 4966940
1 1997474
1 135432
1 8225083
1 9448819
1 8204611
1 5301458
1 6685404
1 4012090
1 4995596
1 7986592
1 2016955
1 5155580
1 3917730
1 4983631
1 3327935
1 9732412
1 5257286
1 9799841
1 3552862
1 5461602
1 9501880
1 9379971
1 8809525
1 7752132
1 9640289
1 9734197
1 3346047
1 3477981
1 7938469
1 5413085
1 6049151
1 3717355
1 1439758
1 5207027
1 4416515
1 4028371
1 8884213
1 8543541
1 3337382
1 276167
1 8775831
1 3910120
1 1980059
1 4402016
1 8564521
1 4074501
1 1268916
1 4348399
1 9125046
1 6740898
1 8862022
1 241021
1 1697653
1 1898947
1 9142441
1 6338905
1 844318
1 3301269
1 2566022
1 2535851
1 5720869
1 9323147
1 5154605
1 4453372
1 7354805
1 4385655
1 4139814
1 4040980
1 2707814
1 1408302
1 6175760
1 7471081
1 5991362
1 7988199
1 4628339
1 2068957
1 8500325
1 4429813
1 8701365
1 6137815
1 9492453
1 6432194
1 4760310
1 9032621
1 4117954
1 361567
1 7327855
1 7116210
1 114365
1 2422892
1 2098478
1 8620471
1 3264893
1 1052911
1 2347295
1 6824348
1 5204539
1 8178121
1 5405444
1 2205621
1 6401889
1 9737107
1 7824183
1 3378681
1 8034397
1 2766546
1 3361135
1 1535497
1 7231789
1 7594049
1 913790
1 7274598
1 6519161
1 7962414
1 1464897
1 179008
1 5258255
1 9155545
1 4249383
1 9014119
1 2004790
1 9511048
1 5285886
1 922736
1 2424882
1 7380576
1 607436
1 1451227
1 5354362
1 1882375
1 8649660
1 6147159
1 2955557
1 554318
1 425936
1 6255062
1 6816937
1 3130663
1 7404348
1 1586702
1 52957
1 9315560
1 4729583
1 6984690
1 8121996
1 7415183
1 9234159
1 7239203
1 9911576
1 4851163
1 2581759
1 7892317
1 367912
1 4420593
1 6634805
1 5080918
1 7308153
1 1252946
1 2079107
1 9171653
1 807463
1 9603568
1 1311560
1 7768144
1 5385442
1 1596347
1 2522774
1 6956188
1 9115435
1 8206024
1 1692139
1 4471058
1 6840569
1 7553240
1 8809734
1 1844200
1 2949464
1 3983009
1 7361723
1 7970962
1 6084228
1 2244245
1 9412742
1 4308058
1 9044001
1 647369
1 4283042
1 5638423
1 9797768
1 9216901
1 8986614
1 1947251
1 9033000
1 7288029
1 855993
1 1443513
1 1320563
1 732516
1 5095269
1 3989919
1 9206395
1 5565222
1 7806854
1 1113665
1 2370150
1 5315592
1 7791548
1 8127475
1 3825950
1 2765432
1 8744893
1 1431886
1 4513504
1 6395321
1 7877110
1 2946894
1 7163776
1 737029
1 392302
1 5824947
1 67154
1 327058
1 193962
1 9328270
1 5314723
1 7309868
1 4899043
1 4427917
1 4091455
1 2827373
1 886359
1 1212374
1 2215691
1 7133863
1 2768984
1 4098711
1 5865531
1 687128
1 7411489
1 9412795
1 7135814
1 9191504
1 9187817
1 8188121
1 3665267
1 1212867
1 8209008
1 2721325
1 7529608
1 8892917
1 2733855
1 9698218
1 9140637
1 8196549
1 2611734
1 2058086
1 8036162
1 3048840
1 2595339
1 2706970
1 6672971
1 2442532
1 7277959
1 7338082
1 8154103
1 1785588
1 9449021
1 8404978
1 6863382
1 326857
1 1741924
1 8929393
1 895119
1 5621063
1 7569293
1 1296198
1 606199
1 4310112
1 6240338
1 4819352
1 7786246
1 1382925
1 9082154
1 6483740
1 1586229
1 2488639
1 1546541
1 7348425
1 9836379
1 3787547
1 3002374
1 6199251
1 3885589
1 4877738
1 4718176
1 2776240
1 1917513
1 6255468
1 5866962
1 1620853
1 9377165
1 5549585
1 5582935
1 2620474
1 813561
1 8199500
1 6526837
1 3416161
1 5652285
1 6797437
1 469831
1 4244234
1 2323711
1 6367124
1 7152687
1 1959891
1 1696741
1 1471101
1 9036619
1 1012639
1 3651673
1 8588924
1 9276731
1 446792
1 5263373
1 4477113
1 8105852
1 7405066
1 312393
1 1230603
1 1067905
1 2788978
1 9485913
1 8547832
1 7367426
1 6064389
1 3585284
1 2498628
1 8881028
1 7437550
1 4561885
1 7855884
1 828671
1 8605631
1 1046433
1 7073055
1 9267373
1 172551
1 2404332
1 8570012
1 8677691
1 6786805
1 482983
1 182973
1 991488
1 8059238
1 5715179
1 5839025
1 888005
1 6152895
1 5516201
1 454498
1 111111
1 5233161
1 4177755
1 8333516
1 6897633
1 3823612
1 3277664
1 4653669
1 1988675
1 772472
1 6251050
1 3349886
1 2173563
1 4682652
1 2717469
1 8821977
1 2393019
1 708413
1 2829406
1 8670417
1 6213395
1 2987401
1 7340554
1 6200475
1 1012874
1 74521
1 1340488
1 152525
1 8687246
1 9887561
1 2312042
1 549126
1 1918863
1 9335330
1 930321
1 2707623
1 5792096
1 9837819
1 6487439
1 2689752
1 2344275
1 3518064
1 1644619
1 2887954
1 5113050
1 5475730
1 1506195
1 9523728
1 2813939
1 3014015
1 6786227
1 3191711
1 3241247
1 3724775
1 2010406
1 2179044
1 8414579
1 1840830
1 6681105
1 1791470
1 4800868
1 5938783
1 3926842
1 3389184
1 6156371
1 3408305
1 2075861
1 8101452
1 7548039
1 251666
1 8930040
1 5397131
1 7409420
1 2589966
1 9978743
1 4745708
1 756682
1 3209442
1 6466111
1 9494933
1 7728068
1 5724482
1 6097653
1 1835468
1 7281008
1 6746669
1 1972573
1 4573026
1 7185164
1 7548082
1 5528928
1 860802
1 9565522
1 2851496
1 8830501
1 5414889
1 6621108
1 4193734
1 6499471
1 9768807
1 5161689
1 8411031
1 8319981
1 2921213
1 4906654
1 524628
1 6432815
1 4961738
1 4198537
1 838392
1 926898
1 9220704
1 5531941
1 908395
1 4330817
1 3501528
1 9858831
1 8346691
1 4007943
1 4066970
1 3108650
1 8049337
1 8851340
1 61210
1 6890111
1 8282975
1 8744136
1 5595409
1 707337
1 3154398
1 5961718
1 8792569
1 3874918
1 2475693
1 1204988
1 4366469
1 3279672
1 6025371
1 163274
1 1723183
1 9796112
1 1942091
1 5573423
1 9692560
1 6009773
1 2335998
1 5780486
1 5740176
1 3808435
1 5843141
1 9209444
1 8503888
1 6599580
1 2030727
1 3394036
1 9642020
1 2999839
1 7492560
1 9587948
1 8382829
1 2250746
1 227972
1 1170859
1 8387237
1 6496713
1 4496589
1 9267502
1 6938129
1 4553476
1 8038982
1 5946509
1 3532450
1 8836979
1 3023373
1 8263139
1 9591750
1 3494463
1 3865468
1 931249
1 8473136
1 5802836
1 3989299
1 2645451
1 7744511
1 5576432
1 1750138
1 4830447
1 6934602
1 1794675
1 6718223
1 3951545
1 1611905
1 4151314
1 3339227
1 4488873
1 9595682
1 2886893
1 2598849
1 4127460
1 8964939
1 3163843
1 4341092
1 4778084
1 6238204
1 1323852
1 6755543
1 6273871
1 8476461
1 4328750
1 5693015
1 8940262
1 3120363
1 6898447
1 6903424
1 1665726
1 3279878
1 7985489
1 6204109
1 2306406
1 4378090
1 2622353
1 8800386
1 559020
1 6174196
1 6228606
1 403967
1 5149315
1 8404032
1 9261146
1 8592468
1 4721961
1 9672442
1 4064615
1 8335259
1 8588001
1 3504056
1 613282
1 5596144
1 3368085
1 9978941
1 1410919
1 5431219
1 442415
1 5488160
1 1823965
1 1126741
1 6289135
1 9998895
1 5620743
1 2483176
1 5537366
1 3090564
1 4797672
1 3641049
1 6030748
1 2774001
1 455328
1 2204075
1 3062963
1 2566826
1 8255791
1 9832632
1 8599445
1 1303750
1 3120462
1 3565030
1 4408173
1 3762270
1 7488553
1 4863518
1 9830862
1 558871
1 418868
1 9864168
1 3182500
1 9608266
1 5303298
1 9767665
1 2239856
1 4071867
1 9809516
1 5605443
1 6767010
1 1976874
1 2707188
1 5296850
1 4724303
1 3990002
1 6085624
1 7564919
1 5330525
1 5030501
1 2784922
1 6287748
1 1730740
1 5165993
1 2052042
1 6227984
1 8508227
1 8523303
1 144136
1 4560243
1 5817017
1 810757
1 1068243
1 4298902
1 1901585
1 7636591
1 7762100
1 9803284
1 4496384
1 6538748
1 2695666
1 3838572
1 8791141
1 28507
1 191385
1 7326516
1 4554094
1 2585896
1 6444931
1 9047543
1 2868564
1 4964727
1 1891670
1 4056870
1 4091858
1 7076089
1 5887012
1 9211154
1 2908514
1 9501817
1 9868219
1 3726118
1 8707291
1 3639673
1 3307157
1 1193065
1 6642047
1 1050233
1 1567063
1 3002087
1 383759
1 814931
1 3351742
1 3145525
1 7487857
1 3018715
1 36194
1 6141783
1 5502802
1 2987811
1 6131115
1 1600055
1 488114
1 5717425
1 6961153
1 3164099
1 1453133
1 8756656
1 7548641
1 5190597
1 4226420
1 7812796
1 1161291
1 1175030
1 8188710
1 1197534
1 2635543
1 2444884
1 8960926
1 6871425
1 5221891
1 2288678
1 5835786
1 8135857
1 4174761
1 4145360
1 7311839
1 6310050
1 7265569
1 7944112
1 849221
1 6177041
1 3699940
1 6812255
1 793877
1 4766722
1 2682400
1 3395403
1 9571546
1 6150713
1 7654762
1 2882181
1 6127463
1 8117635
1 1438987
1 9551998
1 9893673
1 8961445
1 824022
1 5613387
1 7696558
1 5517043
1 4169825
1 8020444
1 2208041
1 403264
1 8086809
1 8824455
1 362486
1 5406940
1 425177
1 3363495
1 7967075
1 1091570
1 9919967
1 2567928
1 9600629
1 8056116
1 2615869
1 1691562
1 838939
1 6942111
1 4404431
1 4943837
1 6353231
1 1481496
1 2219264
1 3935074
1 5493068
1 8203221
1 476417
1 5137770
1 5628906
1 6103228
1 6906927
1 5764088
1 9535834
1 3186201
1 4472996
1 7338205
1 1843451
1 1862761
1 1465677
1 5257530
1 4667269
1 372507
1 8417953
1 9972345
1 2565539
1 7554327
1 5903286
1 9020940
1 4447738
1 1633054
1 6024200
1 6049684
1 8030331
1 3181314
1 710547
1 418818
1 1966540
1 2704713
1 7804697
1 4476695
1 1401445
1 963400
1 6980711
1 6805823
1 9868567
1 6144706
1 6140185
1 9826399
1 2404549
1 728861
1 4804253
1 5761710
1 8500203
1 3150974
1 9825134
1 3554232
1 8482036
1 3325658
1 370876
1 8098365
1 6468559
1 8798707
1 778243
1 9330546
1 8700504
1 82882
1 2229009
1 709674
1 4131630
1 5359690
1 7988131
1 5633618
1 8717888
1 5357118
1 9609669
1 527430
1 1589361
1 4984057
1 8654145
1 525229
1 9729117
1 7147488
1 5321395
1 267370
1 6833807
1 1233207
1 7380218
1 384929
1 5425121
1 7160890
1 7271493
1 3593008
1 1835700
1 2998593
1 1069419
1 5084459
1 847746
1 3781201
1 231697
1 4768910
1 9466617
1 6161316
1 518537
1 8575387
1 5103099
1 7226363
1 1514425
1 7882673
1 6951052
1 688825
1 2394517
1 5313493
1 461535
1 5021505
1 2782728
1 2642290
1 6076605
1 9312915
1 884109
1 2720082
1 4657287
1 8992658
1 6307228
1 338335
1 3208724
1 9942654
1 9629220
1 1617768
1 6865265
1 1848042
1 1420962
1 7898716
1 1906750
1 7405272
1 3187395
1 6023659
1 8633155
1 6740036
1 9668067
1 8805203
1 134051
1 8437048
1 9104256
1 9720980
1 7057320
1 6760072
1 8849791
1 4536643
1 1560432
1 6349834
1 2439529
1 1298349
1 9000820
1 1715771
1 558701
1 7731040
1 7125609
1 3388640
1 5837834
1 1474653
1 1684183
1 6808144
1 648092
1 3260555
1 9315887
1 5297424
1 301985
1 3164481
1 3192767
1 2247599
1 1034783
1 6679761
1 9498091
1 4408180
1 9347411
1 986350
1 3110308
1 7203604
1 28598
1 3668267
1 5620480
1 5692630
1 5810362
1 6786308
1 7472106
1 4306150
1 1791587
1 8980226
1 5679142
1 9441397
1 5486972
1 5754714
1 7029931
1 5847463
1 4092670
1 4080827
1 8682223
1 2093407
1 7500145
1 3809511
1 5775055
1 9888736
1 5175209
1 21279
1 9557448
1 6850418
1 8375647
1 9443527
1 9351547
1 7439009
1 1590870
1 8120984
1 6042523
1 4404224
1 3905034
1 720280
1 7962849
1 3383787
1 2965100
1 5212344
1 5287018
1 5308938
1 3702194
1 4617843
1 3606104
1 6461086
1 4471895
1 2681163
1 3394210
1 8077953
1 9398252
1 4980667
1 1319395
1 4505943
1 7414473
1 460626
1 772020
1 9741474
1 7412762
1 2461284
1 2646673
1 8208319
1 4690478
1 8585305
1 7058102
1 1327593
1 7068385
1 2017909
1 1699853
1 8821832
1 5937173
1 6037183
1 1774431
1 9663171
1 3431301
1 646570
1 4855632
1 6938571
1 9375681
1 7468078
1 6230264
1 7007846
1 8296511
1 5658884
1 8952128
1 1947964
1 7695963
1 6224534
1 4664136
1 2403423
1 637398
1 4654669
1 8816871
1 154222
1 4674523
1 823644
1 1706550
1 5327409
1 3054384
1 1713217
1 9520928
1 2122039
1 6529586
1 9309493
1 9309724
1 9159353
1 8835206
1 1796241
1 3661958
1 8835501
1 5260206
1 141023
1 99651
1 9308421
1 429256
1 2555471
1 2958849
1 9268875
1 9296646
1 4167821
1 1111276
1 9608980
1 5392278
1 9213900
1 8798033
1 1295365
1 4206842
1 7934404
1 1244519
1 1761301
1 6210576
1 2694402
1 9030573
1 3174570
1 4061091
1 8677008
1 2584110
1 5510139
1 7515222
1 8554662
1 2435818
1 1478819
1 4059297
1 9438725
1 1505108
1 3720280
1 1582690
1 9548957
1 719186
1 4583499
1 1187404
1 331107
1 4492695
1 7466099
1 651516
1 6690696
1 7524796
1 3516226
1 93579
1 3381434
1 7222820
1 3158839
1 4857283
1 2980359
1 3548124
1 4568259
1 1545597
1 6525102
1 7094666
1 5869929
1 8961410
1 1821894
1 2585042
1 2160011
1 7774594
1 5681729
1 5845342
1 1199131
1 2552916
1 3817242
1 7243537
1 9484815
1 7273085
1 5733130
1 7231141
1 59596
1 6245834
1 2968605
1 69939
1 4120688
1 6307440
1 9345300
1 5453691
1 5109422
1 1545990
1 5763013
1 4330361
1 9477867
1 169217
1 4458151
1 896170
1 3090269
1 776176
1 9801282
1 3742162
1 8452048
1 6827745
1 4953788
1 3322414
1 1160559
1 3376040
1 184951
1 1134178
1 5765599
1 203884
1 864744
1 808023
1 491650
1 2653375
1 3084455
1 742226
1 1394288
1 570673
1 8771928
1 225555
1 6587846
1 3853804
1 4102762
1 4384378
1 7450417
1 4208675
1 1704843
1 8997480
1 8342128
1 6890789
1 5712691
1 3715310
1 6163464
1 9234183
1 1757580
1 6692097
1 3271554
1 896867
1 5530779
1 7881450
1 4035441
1 7978458
1 3216404
1 4772504
1 2224415
1 3218189
1 5515081
1 568309
1 4964105
1 4271028
1 4614100
1 4411073
1 8461546
1 9138078
1 2399082
1 7621005
1 8343636
1 8425581
1 5648385
1 4550882
1 9866289
1 4430028
1 2660238
1 4552310
1 5381745
1 77272
1 9389658
1 2416131
1 4546578
1 5282760
1 561313
1 7438461
1 8374974
1 5781072
1 7583863
1 7134593
1 3235304
1 5346052
1 875623
1 7599781
1 2723547
1 94434
1 9362450
1 5480909
1 2271065
1 1643494
1 731862
1 3366931
1 7339360
1 6383172
1 2621730
1 9029454
1 3843330
1 8221502
1 8126327
1 534789
1 9345335
1 9931603
1 1294846
1 2507941
1 6621034
1 2828754
1 6598301
1 5770819
1 9743297
1 2524100
1 2641314
1 4220699
1 677379
1 2629367
1 245046
1 3795632
1 9024022
1 7055781
1 734621
1 9086282
1 4054068
1 2944482
1 2563675
1 4805443
1 3738868
1 8007660
1 6594616
1 1063688
1 8667073
1 4352218
1 103231
1 2274845
1 827520
1 7728913
1 5133386
1 1036230
1 5205022
1 4576120
1 6280294
1 8504532
1 9692605
1 9298818
1 9304326
1 9352441
1 4152077
1 3370232
1 4947583
1 3470375
1 7176915
1 6173873
1 1016837
1 2542096
1 3960941
1 595777
1 214344
1 7053305
1 5811040
1 4849536
1 6053013
1 3845195
1 4997842
1 4778648
1 9874664
1 4870620
1 21479
1 111008
1 3628438
1 9965387
1 5214720
1 8607507
1 4335163
1 373604
1 1358091
1 2194534
1 1649986
1 6828280
1 702692
1 1793866
1 9911670
1 2371561
1 1427152
1 9722744
1 9492106
1 8549947
1 8377144
1 4421554
1 9074631
1 310739
1 8353194
1 3364133
1 9736380
1 6443720
1 6859858
1 5574316
1 3580804
1 2480844
1 246073
1 703328
1 8863134
1 6123020
1 3208290
1 7086999
1 7732007
1 4626148
1 6087844
1 218827
1 243465
1 1311629
1 8800486
1 7634182
1 8786284
1 7669002
1 7018668
1 6938249
1 6754254
1 3523994
1 8133752
1 7640142
1 2666098
1 1285361
1 4592759
1 6107067
1 3252469
1 7553264
1 738985
1 1449610
1 9403945
1 5659998
1 620930
1 6693180
1 2606810
1 7595421
1 2046905
1 4658380
1 7518236
1 4096382
1 4509049
1 3939238
1 7560793
1 8868392
1 6046874
1 7836636
1 3139732
1 8789433
1 577147
1 2773113
1 6990630
1 4004631
1 8135200
1 5190841
1 8503479
1 5298275
1 9541523
1 6191144
1 336713
1 1751979
1 3232234
1 2801431
1 7911607
1 4181461
1 872472
1 6183178
1 2386186
1 1943218
1 2413346
1 2741178
1 4278111
1 7450015
1 5648647
1 7613005
1 5298769
1 5830886
1 3945707
1 2828607
1 2713706
1 9294255
1 3308127
1 6514152
1 8142108
1 1353987
1 5171452
1 3345620
1 3005016
1 6074288
1 1117252
1 4038688
1 1923230
1 1911556
1 8939639
1 5993000
1 2600154
1 1790307
1 7675543
1 4693133
1 2084506
1 579004
1 4345050
1 1887256
1 1368261
1 6355053
1 6111764
1 2713851
1 7836646
1 870720
1 6896778
1 6881876
1 9526088
1 2019694
1 2078663
1 1746984
1 8521583
1 783116
1 8873577
1 3681937
1 4171879
1 6676516
1 9565161
1 7089958
1 9723112
1 5440045
1 5938722
1 3832513
1 6653642
1 8680700
1 4207611
1 711245
1 7753294
1 1991764
1 8424674
1 7488439
1 3718007
1 9361135
1 7404521
1 3352953
1 7446448
1 4395678
1 9142442
1 2214915
1 7044201
1 4966965
1 177771
1 6343388
1 7572709
1 1155414
1 8101249
1 6538189
1 2843703
1 1247061
1 3317500
1 9438910
1 3621124
1 3135083
1 3321214
1 3095109
1 575171
1 8998088
1 3713099
1 7757989
1 7313837
1 8714890
1 1492013
1 6455411
1 631706
1 2185274
1 9847307
1 8532796
1 9732192
1 4814302
1 3171277
1 9499020
1 1354852
1 1131521
1 2839910
1 4041797
1 43288
1 4328412
1 3143653
1 9064582
1 3158693
1 9776917
1 8931895
1 6888969
1 5629833
1 3997501
1 4151556
1 4323523
1 3368063
1 5212072
1 2776456
1 6465624
1 189202
1 2166960
1 7967241
1 9289053
1 8892534
1 8967524
1 5198261
1 9332118
1 8027183
1 9546884
1 1461275
1 8650512
1 7254111
1 1819094
1 7591794
1 1708340
1 1230986
1 8333206
1 477009
1 7288834
1 788827
1 9229767
1 3735976
1 2611694
1 5663584
1 8092939
1 2595413
1 9195699
1 7540280
1 4105775
1 3765699
1 441890
1 6994697
1 1173418
1 8861770
1 4939304
1 2634256
1 6729366
1 8137206
1 7226518
1 9632024
1 426565
1 9505069
1 9879787
1 6696371
1 4639712
1 8184875
1 1468070
1 9334224
1 5952633
1 628772
1 2106488
1 9526703
1 6855304
1 6917731
1 1463369
1 8636340
1 2706859
1 841704
1 8031724
1 9986595
1 5506375
1 5816900
1 7479760
1 5019765
1 5144754
1 7098955
1 2095794
1 8712903
1 831119
1 4636673
1 5118460
1 7661132
1 1977861
1 6101607
1 4416268
1 2750079
1 4343754
1 5836200
1 796266
1 2274622
1 113240
1 814911
1 9959563
1 6757588
1 5261760
1 3741310
1 9951424
1 9401544
1 3368065
1 820125
1 9255343
1 490577
1 8874361
1 2708016
1 7905618
1 6306678
1 597227
1 2208532
1 7564723
1 3491545
1 9661064
1 1589458
1 5435398
1 5361791
1 2034987
1 4686236
1 119169
1 9179562
1 9826926
1 1600642
1 8276020
1 2772707
1 6962185
1 3342768
1 3647224
1 8707179
1 3372125
1 4574623
1 4795389
1 1279364
1 9658082
1 1370664
1 9629748
1 7760630
1 2817466
1 5472940
1 5679088
1 8101918
1 8979656
1 7175160
1 9658968
1 4662891
1 2875732
1 7858919
1 1552329
1 6176535
1 9831434
1 8925344
1 1926948
1 1214758
1 1625617
1 1780212
1 4795715
1 3650837
1 1282824
1 2490659
1 268005
1 1352784
1 8321462
1 596094
1 5806007
1 322182
1 8697470
1 4643127
1 5643833
1 2458223
1 8036099
1 952254
1 5401132
1 8523396
1 4136498
1 185465
1 9671374
1 2045341
1 5696206
1 2271474
1 9099913
1 1194084
1 3191426
1 2627921
1 2623033
1 3783740
1 3746592
1 2752157
1 394443
1 8021440
1 4851186
1 2019183
1 8137625
1 3530080
1 6805615
1 3631200
1 7706285
1 8160360
1 8602351
1 1470342
1 1867127
1 324848
1 3099227
1 9582129
1 4069756
1 831976
1 6850272
1 9398106
1 6803145
1 6202177
1 8464696
1 4696733
1 5940280
1 2557210
1 7079550
1 4324895
1 9671533
1 4052460
1 803657
1 4487941
1 4932721
1 9783195
1 7197060
1 4757601
1 9007041
1 4597052
1 131962
1 3993961
1 208623
1 3173386
1 3558811
1 7190636
1 4971395
1 6027138
1 3342322
1 6915322
1 1310708
1 6147115
1 8080181
1 2489324
1 9853800
1 509770
1 1818128
1 5214928
1 3744268
1 8790617
1 5975241
1 6311657
1 306649
1 3153577
1 16795
1 4962914
1 4295580
1 5838971
1 3598048
1 3550396
1 2361175
1 8896092
1 8909999
1 783594
1 4589223
1 9952870
1 2087571
1 6203286
1 283651
1 1062750
1 2370006
1 8589033
1 1466887
1 8346757
1 25101
1 5575899
1 9148232
1 3181633
1 9809276
1 9319013
1 2646288
1 7724007
1 4981480
1 158350
1 3242515
1 2468705
1 3669789
1 2827853
1 8176656
1 638111
1 4794784
1 3285635
1 5052481
1 2489949
1 8276213
1 9772372
1 5394201
1 2335691
1 3812690
1 6762411
1 307761
1 9776748
1 9776507
1 7300757
1 2743160
1 9470842
1 6223814
1 5066141
1 8693287
1 5582560
1 6069528
1 5627706
1 8910828
1 1985782
1 9124735
1 8224607
1 5492969
1 758670
1 8515342
1 3813713
1 8549699
1 9044789
1 2124211
1 4619310
1 1269523
1 3894345
1 2160061
1 6044259
1 7848671
1 7162849
1 7036672
1 1479784
1 9864804
1 8385552
1 548409
1 5342342
1 4025732
1 7429572
1 451154
1 4910054
1 3449195
1 2820849
1 637332
1 7647427
1 4334082
1 541926
1 8848439
1 6912026
1 1879725
1 3612633
1 370406
1 9868925
1 950883
1 5872086
1 1479774
1 4044947
1 9587241
1 8572321
1 7651103
1 3815390
1 7761076
1 9907115
1 2411258
1 4593497
1 6234862
1 9735656
1 5179936
1 6545192
1 3887382
1 8093132
1 8916328
1 294869
1 5789763
1 1628333
1 6706563
1 663520
1 5803309
1 9004971
1 5764912
1 1320355
1 9211830
1 5492191
1 2855720
1 1464493
1 7774426
1 7603235
1 9802003
1 9299140
1 2307224
1 6352713
1 5358956
1 4929143
1 8827311
1 4843522
1 3664562
1 4757703
1 232412
1 8918875
1 398218
1 3658047
1 4531575
1 696654
1 5582174
1 3193114
1 421936
1 8148192
1 4386214
1 3841828
1 773156
1 4728615
1 3720412
1 9050441
1 9505979
1 6041159
1 6854029
1 6678245
1 4112374
1 4956087
1 3572028
1 1624817
1 308878
1 6968459
1 9921063
1 1664526
1 3453681
1 9731828
1 3875884
1 7762652
1 2166616
1 7217389
1 2031928
1 3208672
1 2152695
1 5082199
1 7492415
1 7255695
1 9522188
1 2320454
1 4997860
1 7920639
1 6899920
1 6811208
1 3039244
1 91388
1 5413888
1 66364
1 3300347
1 7394352
1 3980126
1 4434681
1 8579996
1 3385437
1 5939847
1 6067626
1 8473002
1 1901470
1 6036142
1 3479018
1 3444716
1 6148332
1 8989603
1 6195678
1 8405195
1 8766629
1 4796231
1 7028641
1 323438
1 3383038
1 1803633
1 2730756
1 1284608
1 9479982
1 9260495
1 282627
1 7453543
1 3723873
1 2688873
1 1091171
1 8354941
1 6869138
1 6959072
1 3184876
1 8671582
1 6116897
1 494101
1 7646101
1 923131
1 6115025
1 847974
1 5511169
1 5156546
1 4684220
1 7054987
1 3024540
1 9188297
1 5424140
1 2004845
1 3756535
1 3571940
1 7893659
1 4375505
1 3369903
1 1996023
1 9924455
1 8124224
1 2963394
1 9826361
1 8152546
1 2761792
1 9873338
1 9690867
1 4640352
1 1892635
1 8370903
1 4805771
1 6936955
1 9186664
1 6038928
1 2973376
1 8415255
1 2548159
1 455132
1 1166984
1 941191
1 3780718
1 139608
1 2778824
1 3674631
1 7210983
1 7884027
1 4734275
1 4785865
1 6012070
1 5400090
1 1683088
1 4759167
1 9288870
1 6145413
1 7082578
1 4400683
1 1095288
1 6737040
1 5060017
1 1647605
1 1058458
1 1906181
1 2816304
1 540896
1 4069219
1 4681683
1 2793683
1 976796
1 8549134
1 6372463
1 982278
1 3492113
1 4507111
1 5595640
1 557412
1 358274
1 3108323
1 7870290
1 7244248
1 8639860
1 4412655
1 9139760
1 9480634
1 6798460
1 5875337
1 429744
1 1523029
1 1893469
1 2946815
1 7266383
1 1472455
1 1897633
1 8684038
1 245495
1 4199543
1 7951138
1 2525598
1 1549758
1 4588255
1 6809986
1 9963372
1 8452240
1 1235219
1 7491811
1 6817568
1 9450601
1 7347941
1 7281538
1 9582528
1 5099274
1 3853366
1 3033554
1 5939483
1 2774644
1 7842911
1 1089618
1 8071533
1 6437420
1 2417302
1 7315293
1 6389265
1 4963738
1 4047812
1 3269470
1 652797
1 9728782
1 2687258
1 9002519
1 8773299
1 8288705
1 1724319
1 8872847
1 2725740
1 8692502
1 5294439
1 5200245
1 9085776
1 3447922
1 1768445
1 7853331
1 2548147
1 1642413
1 1685504
1 5662759
1 7384400
1 1763759
1 5275955
1 8313187
1 734654
1 5529844
1 2360774
1 4321183
1 412675
1 8078934
1 1414329
1 5319850
1 9896871
1 9899754
1 9594106
1 2138600
1 6142200
1 7330864
1 4929193
1 7916770
1 5306131
1 505853
1 1494521
1 4723977
1 2236875
1 9958435
1 2768487
1 6058826
1 7476806
1 2291398
1 2985736
1 5690486
1 5181870
1 8387572
1 7502827
1 4624554
1 9573937
1 6721058
1 5610757
1 476700
1 6876909
1 1236252
1 9799809
1 9903431
1 4038333
1 7641097
1 9902409
1 3620001
1 3027996
1 2630622
1 6276217
1 704771
1 9438913
1 5997563
1 2015083
1 5316583
1 1949466
1 2845880
1 9845510
1 4371801
1 2624484
1 1674536
1 9434749
1 2424299
1 751285
1 7000404
1 2335345
1 3019147
1 1114512
1 3144835
1 8764717
1 4682668
1 7809720
1 2808893
1 7335581
1 5612859
1 5268607
1 4907087
1 6371692
1 5276098
1 8732299
1 5435794
1 2762558
1 7463400
1 9604298
1 3718200
1 5046062
1 6576277
1 3450484
1 5645863
1 4866131
1 9294629
1 5858944
1 5327571
1 1303657
1 1134309
1 6234197
1 2441872
1 1668461
1 3444468
1 4710380
1 320648
1 9382343
1 2241561
1 4587673
1 6872624
1 767100
1 7458867
1 6554999
1 9662276
1 8723178
1 9768427
1 2652420
1 2071031
1 1868826
1 2169432
1 9288087
1 4342552
1 4302617
1 8836812
1 1075281
1 5463076
1 2416263
1 5794766
1 3114715
1 3020076
1 5309335
1 6431773
1 3291653
1 1085852
1 6091709
1 5307643
1 8894382
1 7858822
1 987211
1 1989903
1 2854600
1 73162
1 8530746
1 771719
1 4974925
1 7839666
1 8271834
1 2872348
1 6792497
1 323547
1 7388496
1 2767304
1 9134851
1 3903399
1 8632203
1 1489499
1 5954433
1 1127898
1 1294294
1 8827218
1 7648089
1 2036717
1 1244527
1 3317064
1 7063364
1 5218166
1 7419367
1 993501
1 4984630
1 2602159
1 1975316
1 6340098
1 9449824
1 628443
1 7437240
1 3470333
1 1420263
1 1327368
1 5961982
1 399137
1 3288119
1 8393381
1 682440
1 6646524
1 6769905
1 4588279
1 1057265
1 1638634
1 2203656
1 1795458
1 4127346
1 6248880
1 1954979
1 3935241
1 6515202
1 2092388
1 6347671
1 2576432
1 6555880
1 2788712
1 8249528
1 9320052
1 3184247
1 5362104
1 6777635
1 2250809
1 1336831
1 378585
1 333143
1 9904236
1 8820801
1 4499789
1 8971799
1 37455
1 2442988
1 5953641
1 7606522
1 1789103
1 6260845
1 2724559
1 6034670
1 3667237
1 1679103
1 6699411
1 266170
1 4881314
1 9644183
1 7712450
1 6158018
1 326095
1 8793778
1 2230061
1 7546274
1 5926059
1 6335619
1 3727288
1 2860010
1 7290401
1 6952132
1 6489985
1 2025444
1 7091805
1 9749989
1 8300705
1 8716737
1 2029640
1 883859
1 716194
1 4463694
1 650322
1 2067397
1 3067982
1 2242198
1 8438433
1 4952165
1 853897
1 5288241
1 6786253
1 1459694
1 5308330
1 8276595
1 3577805
1 5845915
1 5440747
1 8700246
1 5047308
1 3649539
1 9916601
1 9351925
1 5406696
1 7988944
1 1093189
1 2253646
1 8240415
1 9576945
1 8560331
1 625502
1 5235412
1 7420882
1 6154932
1 363509
1 6971869
1 2944187
1 2818876
1 3086113
1 45098
1 7230472
1 7330719
1 8979101
1 8684827
1 2984971
1 6430856
1 2847387
1 95305
1 7571797
1 5007658
1 9078906
1 7679517
1 6405923
1 2333896
1 3688065
1 8262883
1 1567629
1 6346113
1 8927563
1 144441
1 2755639
1 6000376
1 4770458
1 6584196
1 7771777
1 3498232
1 1434036
1 5396121
1 3988803
1 6526840
1 2667657
1 947865
1 146458
1 9742353
1 4364726
1 543251
1 5249294
1 7814781
1 2790437
1 3428653
1 5330752
1 2350936
1 4333370
1 4087397
1 2049598
1 2867180
1 1075955
1 2447015
1 992785
1 80361
1 16496
1 4021120
1 1266040
1 2978425
1 3608610
1 323529
1 7697508
1 5319338
1 8445814
1 4773235
1 9595637
1 1155218
1 2580250
1 8229302
1 6697964
1 6267479
1 2404660
1 4029623
1 3630167
1 4391248
1 28949
1 5382982
1 3790924
1 4863533
1 5751671
1 5197820
1 2964391
1 1646041
1 9991966
1 7685336
1 1476893
1 3473340
1 2360535
1 9439034
1 5813241
1 5066809
1 8760977
1 1364485
1 3976699
1 4055142
1 8510996
1 738665
1 7352395
1 5742704
1 2017316
1 768501
1 6725657
1 7451598
1 1110017
1 8309036
1 6716924
1 2991926
1 6917759
1 7427926
1 1749583
1 4828449
1 442476
1 5029932
1 8525975
1 8640863
1 6092639
1 7773009
1 5625344
1 7436414
1 6941892
1 7107492
1 5717905
1 7581686
1 3517960
1 6203600
1 2880131
1 2104556
1 9220957
1 4393245
1 3824224
1 3390272
1 533663
1 2536936
1 3281526
1 8050443
1 2794402
1 6315284
1 8840380
1 9888991
1 9542047
1 6400888
1 1607796
1 662426
1 8920524
1 2908034
1 4881919
1 2786256
1 6915226
1 5236942
1 6636298
1 4832746
1 8630646
1 4367107
1 2530385
1 9414812
1 168422
1 7182699
1 2411275
1 2308757
1 6684474
1 459263
1 4811780
1 4163601
1 3355102
1 6134535
1 9688507
1 1061667
1 5477347
1 7962541
1 2946833
1 1296702
1 6108270
1 6215096
1 4178925
1 3037759
1 4016268
1 1566728
1 7561929
1 4518011
1 1907734
1 112158
1 685206
1 327276
1 417346
1 1551535
1 2296338
1 2386298
1 5749370
1 5348046
1 5226804
1 505028
1 1222441
1 2411318
1 9538504
1 8915318
1 8210355
1 9972167
1 7455885
1 42132
1 5921298
1 3102975
1 7346546
1 9898155
1 9766642
1 8968363
1 9974753
1 1893167
1 5161938
1 8266331
1 5246480
1 8925191
1 219400
1 5082784
1 9453182
1 1762673
1 4409543
1 7275703
1 3852030
1 6862324
1 3125115
1 801146
1 5093675
1 7867302
1 9878926
1 7992192
1 5523178
1 1902639
1 9727181
1 3571272
1 5205451
1 5536384
1 7425859
1 9919367
1 7647527
1 2134074
1 116034
1 5152591
1 7439160
1 2180973
1 7383914
1 6763653
1 9626859
1 4793056
1 9577176
1 9341455
1 1532401
1 4593978
1 177651
1 6457953
1 6249474
1 2010927
1 9073027
1 2010356
1 2164121
1 9747834
1 2179946
1 2209932
1 281874
1 1766324
1 4012885
1 1028095
1 5916052
1 8742110
1 6906859
1 8913763
1 66161
1 8624132
1 1757993
1 3050726
1 691867
1 6223404
1 3815719
1 5359243
1 2431518
1 2543904
1 201238
1 4695789
1 8958051
1 7081793
1 2846497
1 3869685
1 1252672
1 2452989
1 9941325
1 457047
1 319357
1 5333441
1 5638511
1 58036
1 75588
1 6709376
1 3307377
1 2951743
1 3729023
1 8873492
1 7228731
1 4591689
1 2245441
1 2382068
1 60756
1 4083295
1 9458818
1 9184586
1 5740876
1 2478442
1 3787952
1 3950079
1 4019892
1 4005391
1 9226772
1 3694774
1 1673528
1 1757555
1 2827793
1 6386383
1 8263138
1 9713977
1 9099293
1 6103020
1 2068460
1 5960195
1 488914
1 1226309
1 3440814
1 3819372
1 654870
1 8244282
1 2848067
1 8744988
1 133976
1 4310351
1 3979835
1 4053096
1 7919992
1 3543291
1 4948417
1 1872416
1 7473069
1 7793108
1 8527533
1 6931679
1 3537375
1 3152661
1 359355
1 9887010
1 6712037
1 511511
1 1758428
1 8879135
1 983540
1 6013739
1 3273913
1 3916192
1 8227906
1 5252849
1 6515862
1 6030713
1 6075745
1 1582617
1 5217084
1 8885829
1 9878913
1 401212
1 7582479
1 2210772
1 2900110
1 4561745
1 4306616
1 4617574
1 2761638
1 2530066
1 6835303
1 1047505
1 7470745
1 5932974
1 9664479
1 2941764
1 7869246
1 6500190
1 6767374
1 5133689
1 768821
1 1326078
1 9734162
1 8491744
1 70293
1 6415897
1 6795489
1 2341209
1 8325741
1 1786658
1 7801378
1 9947677
1 6091241
1 2155379
1 3538196
1 1863569
1 8602601
1 4384131
1 8399382
1 9645088
1 2069978
1 8957227
1 3100211
1 5802096
1 764396
1 378870
1 4994775
1 2509106
1 7076141
1 9102111
1 123647
1 2405712
1 6434606
1 6379935
1 3615757
1 3969020
1 6455496
1 2697882
1 3646208
1 2522095
1 1321244
1 6831108
1 1088755
1 4731912
1 797641
1 6039990
1 2443668
1 172204
1 6416833
1 9262485
1 7947227
1 2323839
1 6885203
1 7718160
1 8424625
1 1268599
1 1868273
1 1419766
1 5016265
1 9296110
1 7929255
1 2121825
1 739834
1 6547873
1 6545613
1 7922197
1 4917369
1 1329650
1 7956044
1 196021
1 8359905
1 4725477
1 3482717
1 4452080
1 1669742
1 4310241
1 4077908
1 9190945
1 4672313
1 3310531
1 5359170
1 92816
1 3046073
1 3418177
1 3645105
1 3639128
1 9397273
1 472810
1 2132138
1 8103380
1 6342806
1 4346844
1 2982071
1 1275830
1 5103296
1 8927826
1 2904138
1 207159
1 9103778
1 2704853
1 6588637
1 9149215
1 2791641
1 3048367
1 1693900
1 2336431
1 5261265
1 8527963
1 7801836
1 9611403
1 210240
1 8604631
1 9711954
1 8452230
1 5190756
1 594178
1 6999060
1 454894
1 3892039
1 6117530
1 1974531
1 2874651
1 5403962
1 5571086
1 9898528
1 7998240
1 5461084
1 509200
1 7629495
1 3239675
1 9269738
1 387569
1 146813
1 9429407
1 1181519
1 4587877
1 978177
1 6028662
1 9098715
1 2071272
1 8386583
1 5080878
1 6821426
1 4255778
1 4305956
1 7504948
1 2453229
1 8326555
1 189438
1 8721436
1 3010742
1 4958375
1 553312
1 141265
1 4473754
1 5843010
1 7907423
1 9647174
1 436038
1 9896405
1 4728417
1 3982626
1 8048451
1 1590835
1 1658629
1 7105502
1 2190724
1 9750509
1 5941193
1 6264871
1 1351832
1 4689699
1 2876082
1 7374167
1 2528095
1 1831404
1 9881962
1 8316942
1 4997951
1 9901179
1 2460030
1 6226955
1 9731262
1 9708545
1 9855524
1 8884943
1 321034
1 5171056
1 2086634
1 9324179
1 2875048
1 7768199
1 8535394
1 8254819
1 5095040
1 2412805
1 5825405
1 4692277
1 3630779
1 8772178
1 4926480
1 7021106
1 5852219
1 6207716
1 2421937
1 9685334
1 2446174
1 4593754
1 9166891
1 9919456
1 4124871
1 7749829
1 4606620
1 3287063
1 2920960
1 7860017
1 9496571
1 4090477
1 4378666
1 2239465
1 8806229
1 2682735
1 6985626
1 5473101
1 4464032
1 9723236
1 1239235
1 2929319
1 6122236
1 7474000
1 6952945
1 2550317
1 6148462
1 8864019
1 7219304
1 4981730
1 4241748
1 9674651
1 8043330
1 8504176
1 5507478
1 2439397
1 9039217
1 5496082
1 9880402
1 9479303
1 2066095
1 3734226
1 7652754
1 303300
1 4734351
1 8981122
1 7651711
1 1269177
1 2355945
1 2621416
1 332925
1 7151644
1 1292349
1 1920569
1 4993870
1 3886260
1 715939
1 1419790
1 5758472
1 97786
1 1223846
1 9804310
1 227299
1 6027650
1 6014105
1 7272452
1 9529665
1 3509594
1 4323192
1 2099513
1 2553440
1 7074602
1 4727516
1 7404235
1 6757790
1 7285929
1 8017073
1 77205
1 4081917
1 4917542
1 7386150
1 133
1 9961623
1 4394564
1 3423766
1 5747861
1 4715336
1 5771411
1 2379729
1 600261
1 6197138
1 7779485
1 8478588
1 8450534
1 4829461
1 4454369
1 4792213
1 2805104
1 4421810
1 9623296
1 3040086
1 3155241
1 182382
1 4523355
1 3596114
1 4187284
1 6823500
1 8159816
1 9072348
1 8838457
1 8640497
1 233369
1 8669669
1 5435786
1 8980584
1 2500819
1 2998913
1 8507714
1 5666633
1 3275853
1 6908451
1 3899065
1 2847995
1 6326826
1 2235690
1 7714243
1 3887313
1 3759913
1 426643
1 1474708
1 8022703
1 848346
1 2876374
1 30568
1 9213893
1 9562663
1 3444820
1 195609
1 1266880
1 1413437
1 740366
1 3467201
1 5573511
1 572054
1 6101226
1 4043051
1 7645915
1 9343082
1 9883959
1 1709655
1 9746697
1 3265269
1 2102264
1 3416948
1 5724122
1 4394172
1 7080922
1 1568149
1 8509047
1 342844
1 8134437
1 6953526
1 2257985
1 3577311
1 6782436
1 4039682
1 8070322
1 2333163
1 2283477
1 288251
1 5032833
1 6820034
1 8116153
1 9243371
1 586918
1 4804313
1 2950720
1 3497054
1 8919031
1 7756394
1 6688182
1 9924833
1 9778993
1 4504459
1 404454
1 7470334
1 8256722
1 2613707
1 5310903
1 7002321
1 2393759
1 9139149
1 5218770
1 3324574
1 9314906
1 5434033
1 9173477
1 6683936
1 1088542
1 1307180
1 2278194
1 7771921
1 6520975
1 6401141
1 5066760
1 1967350
1 3656237
1 1574316
1 4703512
1 5968871
1 2752563
1 996643
1 6647658
1 1691184
1 8550317
1 4795930
1 4149343
1 219841
1 5461964
1 703975
1 1885787
1 4728408
1 5787441
1 574085
1 6056861
1 4883649
1 102702
1 3242908
1 8220432
1 3124756
1 8776991
1 8524247
1 2055914
1 560402
1 6129036
1 6709646
1 1277038
1 2727861
1 7779939
1 9108814
1 4516820
1 6247422
1 4643568
1 8244664
1 80022
1 2054737
1 3861492
1 9895585
1 6266699
1 6068484
1 7788776
1 9959853
1 922935
1 5741797
1 9161371
1 2733835
1 7339729
1 202132
1 5328324
1 2584307
1 3966353
1 2284082
1 2853108
1 4182789
1 6653291
1 3401647
1 1821506
1 3347594
1 8523630
1 8760343
1 6976332
1 6122800
1 4283259
1 9938158
1 5985706
1 9660601
1 113185
1 7744258
1 6780440
1 8036140
1 6086729
1 6273190
1 782604
1 8408004
1 7688802
1 9203275
1 3884564
1 5668877
1 4845908
1 8540583
1 5194327
1 9597245
1 4601495
1 5076637
1 7173826
1 3035627
1 4514532
1 5454407
1 8333565
1 8477452
1 8961245
1 4746213
1 2808645
1 8996146
1 6780487
1 2716028
1 9007307
1 6521135
1 768932
1 4138136
1 1053803
1 4607629
1 6613525
1 4916620
1 1888725
1 9117797
1 8254630
1 2256797
1 46466
1 1415026
1 5791652
1 642566
1 4812121
1 4336556
1 19847
1 1627002
1 6940987
1 7551516
1 7881767
1 4639628
1 2073130
1 8098333
1 4489715
1 2499262
1 3048386
1 6954886
1 5414309
1 4362150
1 8015921
1 3711411
1 5831816
1 852432
1 6198750
1 2325784
1 8506801
1 9633232
1 8573998
1 6821805
1 2683745
1 7718486
1 3845732
1 6583342
1 2965508
1 3157760
1 5604757
1 3247822
1 3235455
1 3135850
1 963639
1 6698557
1 9939838
1 6246447
1 2452016
1 7664587
1 9395765
1 5293477
1 458100
1 7089520
1 8795856
1 3154929
1 6280321
1 5235959
1 8470659
1 1964985
1 144104
1 6870067
1 7087980
1 7021982
1 9655264
1 1500836
1 7358451
1 4299026
1 8165775
1 8867561
1 2744781
1 6681993
1 6659199
1 2979399
1 9784077
1 4841717
1 7390928
1 9864095
1 9341881
1 3351805
1 21750
1 6760718
1 6624736
1 4236250
1 1312175
1 5680566
1 3180500
1 3194029
1 2631459
1 9840485
1 5812373
1 5913957
1 4322047
1 1058676
1 5459205
1 363879
1 3731036
1 3730780
1 2827223
1 5800358
1 904194
1 8556951
1 9079100
1 9953143
1 5362902
1 6166724
1 9167134
1 8994271
1 5400533
1 5483185
1 85515
1 9294380
1 1556888
1 8251813
1 9774901
1 8888012
1 1145749
1 3511191
1 884482
1 4437314
1 3441610
1 9388806
1 5671944
1 7920056
1 6071659
1 6060703
1 9259741
1 3585191
1 2066170
1 3090973
1 3384249
1 6215954
1 3700854
1 5968707
1 1761224
1 4119881
1 712947
1 9726441
1 8940765
1 9289835
1 2221997
1 1216860
1 698699
1 2239958
1 2280530
1 7483455
1 9458063
1 3259649
1 8335178
1 407810
1 7449648
1 5693952
1 7037697
1 3514493
1 4896765
1 4649787
1 1158459
1 6262481
1 442922
1 5668520
1 9388474
1 918895
1 5402525
1 2053581
1 7967311
1 9591634
1 8408549
1 8496409
1 8181441
1 3957964
1 9102958
1 2375077
1 4538800
1 9031341
1 6765730
1 9993717
1 3409142
1 1343030
1 9879401
1 8599311
1 4153990
1 8562830
1 9497922
1 6963747
1 516655
1 9609404
1 8018334
1 3568831
1 7325415
1 8022508
1 4576805
1 7646699
1 9042305
1 8270013
1 6239253
1 8370938
1 3961074
1 1881035
1 4508943
1 5479559
1 3642853
1 9307790
1 5325892
1 7366333
1 4169503
1 5433017
1 2284537
1 3598916
1 4219165
1 7392347
1 6877310
1 5849177
1 7269159
1 1594790
1 1933503
1 6138411
1 5264061
1 3785520
1 8427131
1 3282622
1 4940090
1 7968427
1 5130871
1 2480613
1 7595607
1 6773036
1 4841584
1 2855930
1 2383994
1 9632435
1 1310821
1 1832211
1 6316338
1 6686844
1 1050118
1 9317190
1 1572753
1 4951734
1 561077
1 8197312
1 7475265
1 2114281
1 295621
1 1404127
1 7821791
1 1905507
1 2091425
1 1076029
1 3684909
1 2886258
1 1482788
1 3595103
1 151083
1 8879137
1 8077467
1 4017636
1 3173188
1 7667616
1 9926306
1 5852555
1 5144587
1 150946
1 3748520
1 997873
1 4283135
1 3756355
1 454741
1 6900853
1 6951896
1 2869168
1 2148233
1 1917101
1 885239
1 4421575
1 7079784
1 6393944
1 1754668
1 3908133
1 7379045
1 5107886
1 9005905
1 4470175
1 1159332
1 8111793
1 6844184
1 7499627
1 2776987
1 8574827
1 6755273
1 6659118
1 6923815
1 2042389
1 8879553
1 8400718
1 5152683
1 9694715
1 2804396
1 9171800
1 9176622
1 4966404
1 8719717
1 6395048
1 5930292
1 3178439
1 7874111
1 7607431
1 4883865
1 6660583
1 4599447
1 4725009
1 4919446
1 9795717
1 1312571
1 2271734
1 8743385
1 9222323
1 299992
1 1772593
1 1998210
1 7784520
1 9468319
1 5632915
1 963976
1 9283368
1 8445779
1 6436894
1 1957494
1 8896661
1 1133547
1 6209599
1 5628239
1 5952859
1 810495
1 6372969
1 86064
1 958419
1 8920359
1 4525521
1 2400155
1 2547324
1 4833591
1 3797093
1 3980331
1 945144
1 2336888
1 8128215
1 8443487
1 8531971
1 2414718
1 1313778
1 870126
1 7742825
1 9252441
1 2211631
1 2259231
1 5804913
1 4787417
1 3716182
1 534264
1 7156114
1 7232917
1 5475016
1 9505584
1 1959808
1 4925484
1 6457508
1 3855017
1 674533
1 9058077
1 8190201
1 2491049
1 3586539
1 2702512
1 6912272
1 9314863
1 9403271
1 2534315
1 6280438
1 850299
1 7381480
1 7725016
1 1691337
1 2469334
1 7456526
1 9620030
1 5755498
1 6009022
1 533811
1 2237567
1 5884229
1 2851648
1 8825361
1 3528102
1 875220
1 2037297
1 7425446
1 5331502
1 7693059
1 7972178
1 4373753
1 4738785
1 4210756
1 2195641
1 6354073
1 1167508
1 405406
1 2995807
1 467506
1 5168787
1 665100
1 4102574
1 1862711
1 9216339
1 8483601
1 2250711
1 4369536
1 9823367
1 3229019
1 6460161
1 3154064
1 7991410
1 1220504
1 8488287
1 9739209
1 8196047
1 3383578
1 1656647
1 6437783
1 9043550
1 3497668
1 4838222
1 6691139
1 5268554
1 4870877
1 5903471
1 1882924
1 50212
1 9633949
1 1168403
1 7864669
1 9537841
1 7095596
1 1081827
1 6507994
1 2907603
1 1672255
1 6097335
1 6988293
1 2335270
1 7053853
1 2377538
1 9592727
1 7472824
1 2664083
1 1572778
1 5270695
1 6192158
1 8377210
1 5892928
1 8225988
1 2230023
1 3221125
1 8064396
1 9141291
1 2181398
1 6137935
1 986942
1 6557081
1 2654569
1 9214307
1 5155724
1 7134728
1 128256
1 1877950
1 6700685
1 9759233
1 6432627
1 1764695
1 1692044
1 5054567
1 4286851
1 5704161
1 1200352
1 6572791
1 3429369
1 4738363
1 4790696
1 8629029
1 576844
1 2502016
1 538521
1 5866367
1 3651644
1 6516653
1 3771604
1 7728763
1 5066017
1 380272
1 2445497
1 5810444
1 7603687
1 9775570
1 839813
1 6227011
1 2399562
1 3673265
1 9786817
1 3709338
1 3247862
1 6936227
1 3325155
1 5128714
1 7181255
1 2272152
1 9573868
1 4089934
1 5210371
1 3690442
1 8572446
1 2351072
1 403911
1 6250505
1 3483478
1 6332383
1 873727
1 8954854
1 8726666
1 1543034
1 3766255
1 3856939
1 5516301
1 160474
1 8249904
1 9197803
1 9160320
1 8771635
1 6434341
1 8877601
1 5481255
1 8873577
1 1354166
1 3520470
1 2793936
1 9125144
1 8149115
1 5708854
1 1612897
1 2885683
1 3164024
1 8131425
1 4722672
1 3168418
1 2798235
1 7266405
1 1479873
1 608956
1 1990315
1 7072905
1 7631180
1 8645325
1 5107651
1 4262039
1 5028898
1 4983099
1 9333160
1 7041551
1 7386477
1 2597657
1 8334750
1 7855450
1 4134837
1 6585442
1 4753939
1 5100321
1 886406
1 8242077
1 6773122
1 8156693
1 6995528
1 7747059
1 8237218
1 8469936
1 9934054
1 5307839
1 2070953
1 9489166
1 2755183
1 1113116
1 597211
1 7006896
1 6803686
1 7302686
1 8137674
1 1146668
1 8168031
1 9251974
1 3573120
1 6380319
1 438572
1 7294596
1 9772860
1 4698262
1 8476276
1 3051199
1 4164413
1 2860400
1 8058288
1 5490099
1 7638410
1 5594384
1 6952544
1 1870634
1 1475960
1 3414381
1 7204061
1 1613867
1 1835435
1 3903673
1 4672128
1 3782727
1 3815707
1 6921281
1 2452061
1 8794763
1 7717691
1 2738134
1 2657580
1 4640717
1 3339427
1 2960208
1 2790446
1 4914227
1 1939129
1 8983189
1 4795881
1 4944918
1 4569855
1 2439228
1 643865
1 3088905
1 5423617
1 7686049
1 9128641
1 9035661
1 4230920
1 6509641
1 2988834
1 8600422
1 7811382
1 4778292
1 5610938
1 8356181
1 3267258
1 208080
1 400382
1 1079913
1 5195753
1 8910004
1 4210530
1 1186228
1 2769081
1 5621679
1 7061101
1 2060287
1 9627084
1 9185954
1 5154030
1 3840778
1 3488561
1 444210
1 1018697
1 3078957
1 5219306
1 4088888
1 1117670
1 5718694
1 1491050
1 6518941
1 3076745
1 2182535
1 4210847
1 5646843
1 1123018
1 9560573
1 8162579
1 1152230
1 8693581
1 1372353
1 5502844
1 1950321
1 3386164
1 3137442
1 2678165
1 4279007
1 5143070
1 1387092
1 6889142
1 5391898
1 7703738
1 153252
1 3797315
1 7155067
1 3520908
1 3811778
1 6959207
1 6366141
1 175041
1 7777000
1 4543786
1 1372879
1 4639986
1 1538449
1 7417175
1 3966436
1 3050924
1 8260471
1 7612340
1 1576112
1 922713
1 5137830
1 9097289
1 3679240
1 5601334
1 384668
1 4035534
1 5694053
1 8242176
1 7996464
1 9531298
1 7328270
1 8329625
1 3753757
1 5137413
1 7953645
1 8991307
1 6669482
1 5920326
1 2288996
1 6027425
1 9987193
1 1987381
1 6551296
1 1875573
1 9330669
1 640944
1 7007333
1 6840478
1 6551148
1 5886697
1 5750569
1 704531
1 6254782
1 8981925
1 3988032
1 6498252
1 5182863
1 4119517
1 7727391
1 1555389
1 5257904
1 7921284
1 505292
1 1642914
1 5348620
1 8910269
1 5431902
1 2245020
1 2976184
1 5306891
1 2769930
1 1288131
1 2992254
1 676243
1 8261508
1 7462093
1 1641929
1 4280122
1 6568318
1 7329872
1 4288236
1 3587170
1 3299741
1 6567619
1 2751979
1 1016467
1 4546827
1 377310
1 6593151
1 5562288
1 1308799
1 9147369
1 8086884
1 531163
1 8139837
1 7894695
1 8339640
1 2191408
1 1252692
1 7319870
1 7993637
1 7764832
1 2052339
1 8917302
1 2118586
1 3925042
1 8335451
1 2426762
1 3962603
1 4302632
1 3512879
1 3505332
1 1697217
1 4984997
1 8968038
1 4130787
1 8591323
1 7912879
1 7494444
1 4247782
1 4961938
1 8645276
1 9220822
1 7561540
1 5549956
1 6580132
1 8454581
1 2043454
1 2245928
1 8508766
1 3976996
1 6165233
1 6869241
1 6890798
1 5401188
1 7453819
1 793357
1 5068627
1 6544668
1 8748361
1 5188738
1 2147316
1 9411467
1 5984622
1 4948235
1 8797387
1 2257086
1 8346642
1 5667403
1 887007
1 4521683
1 1378872
1 1069738
1 3762795
1 8478458
1 2580861
1 3923380
1 4309142
1 1913417
1 3350446
1 9260247
1 6308447
1 5623644
1 2983059
1 3612018
1 7734636
1 9834301
1 2653726
1 8479610
1 5899901
1 4725317
1 6172242
1 157757
1 3843640
1 5987951
1 2923826
1 8757491
1 2402355
1 792402
1 4333571
1 9174168
1 9897827
1 5099293
1 8931034
1 3307140
1 6945214
1 1744536
1 7837811
1 3950812
1 5149064
1 2315217
1 7844428
1 7122152
1 1154158
1 2006384
1 8228488
1 9358738
1 8983245
1 7404562
1 3378883
1 1333426
1 1274241
1 8367279
1 2086031
1 1167352
1 3614428
1 380420
1 4017668
1 3631106
1 2766761
1 5658758
1 3438926
1 9598974
1 1710325
1 3738009
1 4232623
1 9793594
1 9178516
1 2168097
1 2318954
1 9243849
1 5007687
1 723400
1 4937367
1 6756012
1 736693
1 3069826
1 4098006
1 7673253
1 8873280
1 3412977
1 6373954
1 1620845
1 8864683
1 7008082
1 8912312
1 9318965
1 6838737
1 761238
1 9979641
1 3202324
1 4519690
1 4733569
1 1183509
1 7487206
1 867001
1 3271703
1 7618843
1 9637761
1 3841270
1 2042117
1 4273743
1 8482069
1 2452758
1 8720442
1 2136554
1 4417575
1 2979649
1 7081056
1 7971900
1 2918691
1 5046163
1 7742560
1 127090
1 1575690
1 8497167
1 7385665
1 9198371
1 5762580
1 3547872
1 4103100
1 2223077
1 8084285
1 4200699
1 7243298
1 6754889
1 4763361
1 2149560
1 5925814
1 2700635
1 8654909
1 4336821
1 1917811
1 6725965
1 8168474
1 5708791
1 5497440
1 1947801
1 7744772
1 7035341
1 4478674
1 2357028
1 509980
1 8919592
1 8891687
1 522272
1 2829303
1 2365563
1 5374688
1 1150162
1 3749179
1 1296927
1 465029
1 3533478
1 4208853
1 8046381
1 8231485
1 3962040
1 1351062
1 7684046
1 406660
1 30533
1 8474059
1 8272238
1 2713069
1 5881970
1 1780811
1 7559236
1 900657
1 7533832
1 2544344
1 1628622
1 4787907
1 2628281
1 3404378
1 4103676
1 2769920
1 6087860
1 1277585
1 8490123
1 9139553
1 2824109
1 5837917
1 1682251
1 3323169
1 7572451
1 885453
1 3088191
1 8043891
1 5017678
1 6273027
1 9821657
1 96165
1 4770882
1 8871440
1 5954059
1 2485938
1 2963191
1 3659272
1 9327196
1 9028923
1 2450544
1 6765818
1 9375558
1 2255639
1 45433
1 4338365
1 6188368
1 7710114
1 117474
1 7636237
1 2974929
1 8852782
1 5832034
1 9049453
1 3442472
1 427198
1 8782271
1 3791931
1 5865163
1 7429716
1 6521050
1 7447468
1 8848385
1 4890092
1 628970
1 6497500
1 3797059
1 2909215
1 9697450
1 7951977
1 1506660
1 641812
1 6178861
1 7951080
1 2351698
1 6980727
1 2112045
1 2112110
1 4043263
1 8496761
1 9952402
1 1177744
1 8417790
1 805706
1 4955767
1 7884884
1 7570635
1 6827797
1 4547770
1 5469461
1 6516073
1 9536334
1 9369845
1 8778710
1 1695439
1 6385844
1 5895484
1 8820610
1 940586
1 7998201
1 8965910
1 7946410
1 2377743
1 5334662
1 6651073
1 8608432
1 1249484
1 3839449
1 7781793
1 9530813
1 8959165
1 1097854
1 9673950
1 3391847
1 3067773
1 3187606
1 8553818
1 8099029
1 6363120
1 1847677
1 8898647
1 3462934
1 944592
1 5997820
1 8800608
1 7410090
1 3847846
1 7598771
1 3373540
1 8794027
1 8177120
1 8142647
1 7163396
1 155925
1 4946114
1 9945811
1 4036361
1 6449554
1 4830039
1 8196897
1 5166245
1 7320723
1 1529314
1 7677920
1 5110336
1 2840206
1 3033548
1 6566578
1 8829125
1 5669791
1 4197662
1 8299649
1 6364383
1 2374631
1 6958706
1 2120883
1 8159240
1 8519342
1 7474580
1 303213
1 6797923
1 5863274
1 2525666
1 4726785
1 2481369
1 6279626
1 8800003
1 1600182
1 8406525
1 2983597
1 1970735
1 8144268
1 192384
1 2217016
1 1547835
1 3160798
1 9078189
1 9706198
1 5919727
1 3342479
1 9134338
1 8494811
1 6023047
1 4818523
1 7209060
1 4779529
1 6832246
1 2899580
1 8669740
1 1005567
1 4934671
1 6420162
1 2520325
1 5952677
1 5502815
1 6354814
1 5369278
1 1110769
1 9781488
1 3698265
1 3860939
1 9770260
1 4921846
1 6267702
1 273205
1 9347351
1 1929734
1 2551550
1 4261097
1 1281734
1 5517865
1 684832
1 8012064
1 2792545
1 9802439
1 8890201
1 1915215
1 8576564
1 8341937
1 7842285
1 2711986
1 5691543
1 1363129
1 277940
1 5890890
1 3761223
1 3029954
1 3910690
1 3766883
1 7509265
1 1266764
1 123104
1 5900393
1 5544284
1 9118140
1 9583376
1 5143628
1 6482107
1 8711335
1 565721
1 3135809
1 430702
1 9132033
1 7174864
1 4118627
1 8428231
1 1563863
1 8619735
1 7466524
1 8691101
1 9214508
1 9903404
1 8894455
1 1035428
1 5073072
1 7729647
1 9886908
1 8902803
1 4938265
1 2316373
1 724001
1 5905072
1 9050751
1 3524428
1 5416888
1 5975973
1 4019446
1 8646422
1 3848924
1 3659099
1 1337967
1 8269937
1 4334865
1 1350366
1 7154424
1 8234171
1 6361064
1 1702660
1 6341907
1 9417002
1 7978216
1 1365058
1 1508606
1 7690345
1 1088358
1 3803270
1 9899854
1 2063863
1 9741599
1 8619266
1 4462215
1 2545333
1 6095149
1 4189065
1 5473340
1 8273390
1 8742582
1 8897593
1 6911604
1 7174810
1 5528294
1 9070618
1 104455
1 284421
1 7530130
1 9974957
1 2039660
1 662818
1 1877865
1 4903408
1 3668077
1 9766663
1 3455641
1 6272778
1 7316694
1 6923133
1 8754106
1 2562019
1 1439832
1 7854180
1 7296192
1 3068376
1 6797402
1 2952022
1 7066986
1 5566236
1 4126634
1 9271315
1 6468879
1 3781227
1 6445003
1 1639897
1 694771
1 885634
1 6836905
1 943785
1 9784252
1 4544729
1 9107560
1 4562925
1 8643752
1 6079176
1 7944296
1 1532608
1 3750616
1 5531304
1 4808596
1 2649099
1 9904943
1 5109319
1 4386935
1 6261948
1 8924243
1 604160
1 3240560
1 8778062
1 41401
1 9659694
1 2747912
1 7350403
1 4973042
1 9065595
1 5385332
1 8874335
1 1407215
1 9252698
1 723455
1 6018740
1 8007860
1 5583267
1 1052841
1 570035
1 4426860
1 7013068
1 1019768
1 6263254
1 3067330
1 8914248
1 8400953
1 8485204
1 7948692
1 7674640
1 7109203
1 5673707
1 423528
1 2733685
1 4788930
1 4229283
1 697999
1 4303200
1 443109
1 785799
1 8235569
1 4696545
1 3530246
1 6291108
1 2180109
1 727474
1 2306243
1 6603470
1 2870377
1 7535953
1 3772746
1 8020673
1 6793476
1 3333155
1 8613380
1 8904255
1 8381222
1 7442479
1 2007307
1 5436294
1 2307015
1 6185313
1 8229560
1 4591821
1 1838656
1 5971030
1 2362776
1 173372
1 5672373
1 7633804
1 249067
1 9043823
1 9668045
1 8317010
1 8240603
1 5178165
1 8235243
1 299227
1 2755611
1 1091343
1 9404635
1 4268400
1 9960748
1 9584457
1 6035134
1 5723798
1 3173318
1 8936451
1 338436
1 3515696
1 415449
1 7954322
1 9951445
1 590011
1 4514355
1 1284591
1 6359191
1 5786247
1 2099083
1 8916133
1 6077020
1 6125943
1 4865496
1 8881345
1 3297158
1 5449144
1 250592
1 509503
1 8594435
1 8654796
1 4497074
1 3417142
1 2525462
1 7776049
1 7028319
1 9644325
1 3176083
1 3698390
1 3600765
1 9143504
1 5524449
1 3366401
1 3932308
1 8255280
1 3170875
1 6877108
1 2911739
1 4371314
1 3720560
1 959452
1 2072868
1 9030983
1 2818302
1 6825067
1 4675783
1 5674563
1 5521895
1 6843627
1 3427779
1 815670
1 2895802
1 8912310
1 6526469
1 397680
1 7147606
1 2584679
1 9757878
1 8399086
1 1091946
1 4813006
1 3969819
1 1000597
1 1037200
1 5629875
1 2597343
1 4460226
1 7278790
1 6122997
1 5045657
1 3726961
1 2951695
1 4364140
1 779379
1 3607359
1 5255661
1 2920393
1 4140009
1 8660703
1 6687907
1 2664341
1 9553413
1 4898119
1 3560428
1 2168237
1 6749045
1 7144839
1 9332235
1 8433909
1 691798
1 5653119
1 4096965
1 6987027
1 2008817
1 9639500
1 4755689
1 9238432
1 8617125
1 5520319
1 1431843
1 3099019
1 8573836
1 1354304
1 1344660
1 7035703
1 5302020
1 1904114
1 9435585
1 1860345
1 4979514
1 1897568
1 8923485
1 1894326
1 1657234
1 5128831
1 6920475
1 3860337
1 1748802
1 4528281
1 7701388
1 1497673
1 5205274
1 8382486
1 941073
1 2556624
1 4292128
1 935576
1 8483021
1 6753924
1 731860
1 509148
1 5732858
1 4785715
1 8849514
1 7065835
1 1302781
1 5787823
1 2967520
1 9949110
1 1945514
1 5177429
1 3185224
1 2269785
1 7485942
1 9359902
1 3620893
1 6885926
1 1279144
1 5943251
1 6239066
1 32676
1 8259112
1 606418
1 2740327
1 697822
1 5215302
1 2260173
1 9212429
1 1591698
1 7778844
1 3252959
1 7947413
1 1737378
1 2596265
1 6973933
1 8565322
1 6846810
1 3500445
1 4033171
1 1667193
1 5645504
1 5700171
1 4198467
1 6313840
1 6977415
1 7467705
1 8788525
1 2141575
1 6918249
1 6508950
1 3646384
1 2060774
1 603403
1 2026112
1 6602305
1 2883524
1 7714121
1 8003419
1 8958783
1 6735135
1 4992002
1 3868035
1 5923671
1 1381993
1 9092942
1 3741045
1 86850
1 290646
1 2620669
1 156207
1 649842
1 6866118
1 1071498
1 1540463
1 780806
1 7132966
1 1409249
1 8866338
1 2306922
1 2025631
1 8995635
1 6514058
1 697425
1 2721370
1 3373582
1 5586271
1 1005680
1 3083788
1 148612
1 5526695
1 257965
1 1879076
1 8639775
1 1691588
1 4325358
1 4114046
1 9239912
1 5916471
1 6718445
1 231138
1 6590900
1 4224409
1 7770541
1 6318726
1 6708656
1 2825801
1 6811207
1 1149930
1 5701736
1 1475476
1 7378276
1 1987018
1 6261899
1 8307470
1 4794852
1 4060954
1 4691389
1 8212720
1 8998752
1 8355357
1 8868078
1 3643099
1 6198171
1 4999569
1 3352655
1 5489565
1 8872816
1 27446
1 3412519
1 1368736
1 3701530
1 2672374
1 7585485
1 659526
1 7793474
1 7309138
1 3064746
1 470673
1 4880622
1 5801380
1 7823447
1 8552272
1 30243
1 3351754
1 889255
1 5798493
1 9172296
1 5938563
1 8356353
1 1247629
1 3047149
1 1714098
1 6451270
1 1398069
1 9022666
1 9548725
1 9615497
1 946651
1 5414898
1 8898816
1 848731
1 1903
1 4478501
1 3444116
1 2767696
1 4433709
1 4741196
1 8906832
1 7933765
1 5232966
1 5264255
1 1706427
1 485281
1 9766089
1 45519
1 6167725
1 3171671
1 144445
1 885613
1 4602644
1 7732614
1 7948700
1 1511575
1 7569199
1 1188925
1 8866252
1 5743569
1 128708
1 6439008
1 8546362
1 277667
1 8725433
1 4983123
1 7693139
1 497098
1 6484204
1 3810660
1 8081214
1 3248157
1 7488202
1 8545446
1 5100982
1 7801222
1 8978002
1 8520857
1 1865267
1 6093118
1 9909619
1 946570
1 7086720
1 675130
1 8972765
1 6199354
1 4650415
1 869872
1 5868002
1 3842733
1 1728784
1 6213305
1 4763902
1 2195763
1 3053281
1 4906858
1 2042985
1 6057715
1 4706293
1 6864171
1 1387048
1 6653382
1 1629885
1 2493570
1 6682497
1 4086870
1 6934419
1 392178
1 9075818
1 5236628
1 3642203
1 6921562
1 3016854
1 7147053
1 298488
1 6947916
1 6294822
1 5457175
1 5928717
1 4154302
1 1694115
1 9495313
1 1612515
1 1390714
1 6815363
1 7536559
1 6154905
1 3183304
1 178003
1 2579737
1 1914807
1 7758671
1 5438795
1 3161576
1 7752136
1 529356
1 5368722
1 9587606
1 2120720
1 8764393
1 5216165
1 1588792
1 3953119
1 432353
1 7234485
1 1072978
1 7876671
1 3756544
1 1788964
1 9478897
1 1937988
1 8303757
1 3942656
1 1613128
1 2999450
1 7223016
1 6303829
1 8538483
1 7903653
1 5691019
1 4996661
1 7488534
1 3610980
1 7679271
1 7303758
1 2263253
1 6645824
1 1216796
1 8219647
1 4510194
1 7907309
1 9473186
1 794775
1 8790385
1 959653
1 5577114
1 9871782
1 5903675
1 640923
1 198470
1 9292424
1 4497446
1 4185533
1 6674840
1 2797638
1 1972117
1 7417940
1 6888550
1 6921778
1 5861206
1 126489
1 1069412
1 9937745
1 42259
1 6370904
1 2867453
1 3920813
1 2077446
1 3883759
1 3096487
1 7207603
1 6500094
1 9948547
1 3779691
1 5949740
1 7043306
1 7798327
1 4407568
1 9009633
1 2528434
1 8454626
1 9476346
1 7999944
1 6749986
1 2444354
1 6773802
1 2643651
1 6563268
1 8913783
1 8391089
1 3560789
1 6967751
1 333720
1 6976451
1 6515452
1 3378514
1 8791715
1 4394662
1 824473
1 7423197
1 1223014
1 8675670
1 1460233
1 662980
1 9199034
1 2341782
1 2765101
1 8662316
1 5814826
1 9325540
1 6302527
1 3891583
1 3567785
1 7538459
1 7158052
1 5196772
1 8837696
1 2465885
1 9809065
1 1394228
1 7800080
1 9057446
1 4179430
1 9564257
1 1820943
1 9265005
1 1871801
1 9749985
1 3763254
1 3783204
1 2535720
1 8108225
1 2105081
1 5586025
1 6210473
1 4773077
1 6936299
1 1563350
1 3514617
1 240808
1 6563863
1 3741625
1 6463636
1 6454787
1 3222708
1 6532228
1 41166
1 3521962
1 3581751
1 5479616
1 6910394
1 1341917
1 1154638
1 8524686
1 1646488
1 565866
1 8537355
1 2086027
1 9860842
1 7957270
1 9167695
1 4415445
1 6909519
1 7959136
1 5421693
1 7473333
1 9077231
1 5508179
1 908104
1 6698879
1 7975359
1 9353522
1 2906853
1 661060
1 6902984
1 9287531
1 905188
1 7126298
1 1961195
1 467659
1 856985
1 6174694
1 150382
1 8985828
1 8331321
1 6387521
1 9339709
1 1847222
1 7499332
1 136692
1 3411203
1 4975801
1 1866661
1 4389041
1 9857482
1 1573936
1 6736015
1 8507226
1 6121036
1 9774042
1 9871889
1 6531912
1 2796700
1 264017
1 8992639
1 7167898
1 7613639
1 9198922
1 5049888
1 9775131
1 680120
1 1717737
1 4187749
1 2335816
1 7602219
1 8554418
1 2039474
1 1615782
1 7639271
1 6118915
1 2989872
1 1564776
1 8015296
1 5471673
1 2891350
1 3111898
1 2624069
1 5143349
1 6120197
1 8948375
1 3813232
1 2284047
1 6447180
1 3316969
1 373809
1 7561795
1 6011607
1 9403549
1 2426026
1 4232258
1 7524514
1 5713804
1 7377686
1 6384623
1 6506026
1 6051672
1 7843344
1 154234
1 7566967
1 1718436
1 5121585
1 476655
1 1557292
1 7173401
1 8969576
1 5764495
1 9133267
1 7530097
1 7842371
1 998921
1 8495617
1 2058648
1 7240713
1 7592924
1 4475965
1 2292059
1 5283349
1 922513
1 2429467
1 2605810
1 8388946
1 520274
1 8558427
1 6935192
1 7478599
1 4400405
1 6079686
1 9968091
1 52106
1 2707022
1 5416803
1 386533
1 3309676
1 9448952
1 7205547
1 6557784
1 9876351
1 7468450
1 833221
1 1550233
1 9136868
1 4095841
1 9517623
1 8752501
1 3854938
1 421984
1 2628135
1 4231953
1 3918932
1 4462277
1 6880441
1 4348540
1 2798166
1 9714361
1 1948636
1 7091948
1 1878712
1 9724596
1 1080303
1 1651468
1 3634260
1 1636997
1 7526406
1 9559572
1 5503067
1 9848873
1 4365431
1 8724718
1 4164653
1 9721388
1 9020102
1 4278472
1 9703281
1 9194294
1 2909641
1 5874380
1 9816424
1 3070456
1 1008048
1 9644074
1 3496888
1 9034075
1 8703248
1 812680
1 5019180
1 4912829
1 4243863
1 1981254
1 4233613
1 7758024
1 7251747
1 1292508
1 1214743
1 8945675
1 8252232
1 9467426
1 4561735
1 3169377
1 1609628
1 6810772
1 4616361
1 3895071
1 120147
1 2080156
1 6125932
1 1989196
1 4632800
1 1853308
1 8342251
1 8195051
1 3149080
1 2255033
1 5442916
1 8055920
1 5451767
1 1785975
1 1352348
1 5231352
1 2586879
1 3983430
1 3238667
1 6327634
1 6004267
1 7414524
1 4869844
1 3277908
1 587703
1 5527249
1 6842044
1 5266682
1 3933733
1 7021486
1 9877883
1 3442486
1 5574659
1 3794900
1 6093576
1 2053242
1 2016276
1 4506333
1 5053980
1 3791509
1 1047462
1 40206
1 8676079
1 7398281
1 6891608
1 8435182
1 7778688
1 5870680
1 8115516
1 6945088
1 2457455
1 3929697
1 6285063
1 808432
1 955895
1 5311089
1 6339993
1 846755
1 912338
1 8707323
1 850449
1 8769563
1 6147075
1 2299695
1 9650824
1 6062664
1 8199455
1 5840755
1 2040835
1 1982055
1 4336990
1 2684527
1 6509246
1 666473
1 5357492
1 3147614
1 1327051
1 9501024
1 6874595
1 8190956
1 6458506
1 1740535
1 8156675
1 5951960
1 1535014
1 3249923
1 7619108
1 7602229
1 5812299
1 6757703
1 6265817
1 7143556
1 8567676
1 5729254
1 9521592
1 7511571
1 3575840
1 5474472
1 1738983
1 6609151
1 6870
1 59668
1 5591704
1 8803045
1 8935594
1 9557904
1 5882324
1 205971
1 8052736
1 6000639
1 1412703
1 3389898
1 9382936
1 4876676
1 7380348
1 9855336
1 255880
1 120763
1 893746
1 1504594
1 9682868
1 3932930
1 9177775
1 4286671
1 7028495
1 8198421
1 4029254
1 6670163
1 7734409
1 2523056
1 2230335
1 2986096
1 8011033
1 1750416
1 6036209
1 8725360
1 3707447
1 5316615
1 5574080
1 6084577
1 2436738
1 8180208
1 2239538
1 3239816
1 7141055
1 1108619
1 1357013
1 7349764
1 2323404
1 1362069
1 1986827
1 2601873
1 9409117
1 2340044
1 2755162
1 3369789
1 6357394
1 9364899
1 1034970
1 8622337
1 8499433
1 1895513
1 3333178
1 9232023
1 1332866
1 3112814
1 1341225
1 6894631
1 7852298
1 9860888
1 7307702
1 2853282
1 4126696
1 9969151
1 4516556
1 7037385
1 2708980
1 4337181
1 5699458
1 6665490
1 6158112
1 6115576
1 2218742
1 6313576
1 313730
1 4160595
1 3690335
1 3424614
1 9973648
1 8100229
1 579989
1 8840789
1 3746079
1 7213508
1 8221921
1 7916680
1 4855757
1 7628998
1 9863496
1 5393204
1 7707955
1 1145418
1 4292343
1 8858639
1 9765930
1 2586035
1 418012
1 1722355
1 3247872
1 1606758
1 1640880
1 2431604
1 7184829
1 6712807
1 2707348
1 8449610
1 2536019
1 9932918
1 9338733
1 9023357
1 9825483
1 4996433
1 4020386
1 1738913
1 7445686
1 6987735
1 2966833
1 8767901
1 5656127
1 1983103
1 1639571
1 7095561
1 5870466
1 1765281
1 1535037
1 3186757
1 7858942
1 7686285
1 7041491
1 6396658
1 4327950
1 9213436
1 1656027
1 8104492
1 1930436
1 4503100
1 6398854
1 821990
1 3995600
1 6321395
1 17256
1 7830963
1 1818808
1 5414846
1 5101348
1 6581443
1 9095405
1 6214622
1 2882605
1 5654111
1 9917543
1 878362
1 9718899
1 6246306
1 7471134
1 1989227
1 8269264
1 1242435
1 4217330
1 8092963
1 5595586
1 2346337
1 1364298
1 6827072
1 6754857
1 4575947
1 9011648
1 1711262
1 2369748
1 2379745
1 7209487
1 4677747
1 4519749
1 6455376
1 7405044
1 2727650
1 3231530
1 3479253
1 3004476
1 8852672
1 9813541
1 4899476
1 8504658
1 440667
1 3582924
1 803935
1 2970413
1 8631073
1 5677567
1 790735
1 3347892
1 717754
1 6316046
1 1495355
1 741584
1 3382243
1 6142342
1 8773719
1 7530391
1 4123543
1 1327273
1 1171847
1 750107
1 3165847
1 1373317
1 589421
1 7708981
1 3881725
1 9657089
1 6534323
1 3938779
1 8905279
1 8257333
1 6764435
1 1293490
1 6450233
1 260253
1 6766282
1 3968539
1 4520109
1 5577566
1 8342393
1 6347232
1 8650029
1 3826526
1 2012955
1 3430158
1 9423392
1 6143380
1 7531548
1 8850842
1 8968968
1 5440039
1 4614667
1 4054271
1 2486973
1 9736532
1 3510296
1 3427109
1 7299325
1 6589558
1 2352779
1 8544869
1 4628465
1 6881488
1 2036910
1 9668820
1 679308
1 7230187
1 9694859
1 5797220
1 5681311
1 2172729
1 3187041
1 491821
1 2575247
1 5754191
1 5955138
1 7200009
1 8481240
1 7631709
1 300032
1 1371660
1 219488
1 5250104
1 6118091
1 8786770
1 792967
1 869007
1 8402169
1 9030193
1 6713707
1 362037
1 9008236
1 6579508
1 2187128
1 1538537
1 1009725
1 9464841
1 6322358
1 5325404
1 9558741
1 5392436
1 477252
1 23847
1 9544846
1 9785490
1 4662278
1 8687326
1 1984816
1 6843823
1 8807713
1 4634515
1 1454868
1 5268491
1 380016
1 8186252
1 5184498
1 3345455
1 8101439
1 9661148
1 3161184
1 5124404
1 3193246
1 5297767
1 8337591
1 4980625
1 5134091
1 3522695
1 5812875
1 6188753
1 805211
1 1901670
1 6453865
1 8260530
1 2912749
1 6325393
1 2786474
1 6405843
1 9672487
1 8133058
1 1368619
1 253849
1 1417056
1 8065295
1 8714549
1 8395237
1 2867292
1 9097459
1 2882546
1 8269323
1 3077346
1 567862
1 6569456
1 4132302
1 6019492
1 2478865
1 9637095
1 3585177
1 1762372
1 3755867
1 3127545
1 2575194
1 1747639
1 3129942
1 8363246
1 3530004
1 2331310
1 6157981
1 5780073
1 4787139
1 9811566
1 6800020
1 5954764
1 6454627
1 9140243
1 6825125
1 8455729
1 6289372
1 6399493
1 1172604
1 8952128
1 450866
1 1626116
1 3619115
1 4788003
1 1574819
1 4180651
1 9057669
1 3428302
1 7129073
1 5944531
1 9236573
1 3809384
1 3935310
1 7207743
1 6122615
1 2162674
1 1722013
1 7356711
1 6512661
1 2590878
1 9881900
1 1987709
1 7842244
1 5842854
1 1547758
1 591690
1 1174270
1 9783754
1 3727594
1 8803833
1 9669263
1 2183207
1 8470588
1 470872
1 5045025
1 7536140
1 3270690
1 6971863
1 3315005
1 1724379
1 8015641
1 9890235
1 6328907
1 3196644
1 6630538
1 2378716
1 5662785
1 5666219
1 5874181
1 6420921
1 5416584
1 8883798
1 9143140
1 8525202
1 227240
1 2729806
1 6554016
1 6363324
1 3971014
1 1388074
1 4754769
1 8637134
1 4273721
1 4219187
1 6240577
1 7693773
1 6164551
1 6526611
1 4097481
1 1698461
1 5274079
1 5156468
1 9247041
1 1717792
1 2797078
1 6477153
1 1702244
1 9471519
1 8268992
1 1259856
1 5671401
1 260778
1 5087945
1 6311647
1 4959340
1 2978581
1 3580397
1 9048372
1 4976233
1 3730993
1 2950267
1 5691355
1 3198915
1 3466302
1 9279392
1 146309
1 5075646
1 9741082
1 3418776
1 3327345
1 672650
1 82714
1 8745288
1 9586308
1 7619023
1 6796568
1 995380
1 1856746
1 7430025
1 6721290
1 9475209
1 6106817
1 7267607
1 1600601
1 534946
1 1075113
1 7790905
1 1809025
1 1903058
1 4035072
1 5433304
1 7011286
1 6842708
1 5727806
1 643625
1 1885113
1 3163785
1 4696025
1 8476374
1 1454093
1 7962263
1 7303900
1 4585694
1 900310
1 6740016
1 6031781
1 4555205
1 9746033
1 1493529
1 7392464
1 1297844
1 6424911
1 6026787
1 5304202
1 1773669
1 2870599
1 3746726
1 5506183
1 9750546
1 5675995
1 5531140
1 9866190
1 6081871
1 4465056
1 5782573
1 4908207
1 6894303
1 3543233
1 4080126
1 7882095
1 9341083
1 2709576
1 732598
1 131060
1 2484556
1 8093220
1 4986876
1 1935573
1 3198545
1 4912567
1 6114765
1 2792719
1 9660389
1 2378601
1 8749619
1 5269473
1 5953071
1 5092767
1 2617061
1 5581677
1 8475605
1 746680
1 7506999
1 8555301
1 4155301
1 3674506
1 362339
1 4512732
1 7507579
1 93378
1 9272837
1 9159993
1 8601976
1 9816121
1 3759587
1 94537
1 112328
1 5541110
1 6578813
1 7746177
1 1076714
1 3061447
1 5218495
1 9906749
1 9628612
1 9061987
1 5524342
1 6411764
1 8542396
1 7517235
1 1787679
1 174284
1 412662
1 3315835
1 6626311
1 4728244
1 8718996
1 5926936
1 6939139
1 450925
1 5010574
1 4641415
1 1393807
1 9652596
1 2997380
1 792947
1 7204508
1 5108959
1 7219773
1 5367544
1 2217863
1 3294591
1 639219
1 5345593
1 4504387
1 7279794
1 2003057
1 7363267
1 7077659
1 5875127
1 9907825
1 2758627
1 8722737
1 329666
1 8142701
1 8439705
1 3118106
1 6066246
1 5133715
1 715207
1 8694429
1 6372616
1 6783714
1 1692170
1 5445897
1 3029118
1 6817586
1 8164073
1 6062999
1 9350320
1 6698686
1 2431480
1 6893787
1 9085884
1 7543817
1 2523988
1 4197237
1 1353898
1 3866844
1 8002944
1 4970444
1 9125704
1 2816528
1 3905086
1 2140219
1 7151903
1 1194997
1 2140083
1 655690
1 9795059
1 1980296
1 6192593
1 1610895
1 7902199
1 7236864
1 375905
1 8725574
1 5143156
1 6746704
1 6408351
1 1146467
1 1225969
1 3452809
1 5723383
1 7354615
1 8977761
1 3180720
1 4998272
1 9150027
1 8417405
1 8174094
1 5237204
1 4764577
1 3879127
1 8883673
1 5389333
1 8756599
1 2699019
1 3415281
1 1473894
1 5311128
1 2332338
1 4681762
1 732451
1 5309683
1 9064221
1 7786847
1 806938
1 1184120
1 3114373
1 9584401
1 2086155
1 3706237
1 5512092
1 3921214
1 4642744
1 3423968
1 1316910
1 2197736
1 1962103
1 862742
1 1209415
1 6459287
1 1040717
1 3010895
1 183075
1 3479840
1 8687482
1 8560210
1 2269070
1 4998367
1 96059
1 3618386
1 4404513
1 553299
1 6367435
1 1357652
1 3578009
1 8054057
1 4820164
1 1753838
1 7434816
1 2795835
1 6911253
1 9564303
1 1563813
1 2807945
1 2299476
1 9285340
1 9835491
1 2385427
1 2111561
1 8132008
1 9731002
1 3791820
1 9517770
1 6362425
1 4355727
1 5861720
1 2652551
1 2394536
1 1490135
1 6751167
1 7573185
1 6170504
1 1867331
1 5908931
1 8308141
1 7700049
1 8468566
1 2647394
1 6658451
1 938712
1 8255873
1 137454
1 897390
1 6361946
1 4544267
1 7719266
1 9832771
1 4089579
1 8879051
1 9681298
1 1594269
1 7868427
1 4751341
1 3295308
1 2571503
1 3526787
1 9313495
1 6619267
1 8554757
1 2370176
1 6459248
1 3249776
1 779915
1 4467177
1 4027384
1 9397013
1 7963471
1 8055749
1 6788579
1 7752056
1 471554
1 5562021
1 5803403
1 6495815
1 3883076
1 1067973
1 9237095
1 2436010
1 3547157
1 1168502
1 5708985
1 6034297
1 7540550
1 7098312
1 9256963
1 4359683
1 6152027
1 7577260
1 7941479
1 7083300
1 3145956
1 7129357
1 5588584
1 1140094
1 7209163
1 2184118
1 8761499
1 1073385
1 775875
1 5008421
1 7859930
1 2615275
1 5885742
1 3065887
1 6379302
1 7418977
1 2499142
1 9786984
1 3251063
1 3508152
1 9154786
1 4931540
1 3606444
1 9829944
1 3320916
1 2356393
1 3203382
1 4252425
1 5520672
1 9359134
1 6956076
1 9491788
1 575207
1 104314
1 3937191
1 3125041
1 8918729
1 4233248
1 1885942
1 687186
1 5191109
1 2442679
1 80060
1 5099770
1 5394908
1 9270702
1 2400623
1 7129203
1 5421914
1 2158159
1 5378110
1 3256198
1 6364212
1 4311034
1 8090826
1 5778276
1 4683137
1 7681701
1 2069153
1 7481312
1 6712845
1 3297924
1 3680837
1 9674208
1 6160291
1 6949133
1 407924
1 8254719
1 3159614
1 8204293
1 1672270
1 6338221
1 7025239
1 3157591
1 7462628
1 8518988
1 7148915
1 4245982
1 9256219
1 1514621
1 2898836
1 3852115
1 3834519
1 706732
1 5386896
1 3796897
1 5822835
1 754795
1 1909699
1 450794
1 9071847
1 777218
1 7811928
1 2556229
1 9909595
1 5211771
1 2973307
1 3116950
1 719472
1 7916143
1 8024483
1 7487631
1 3207334
1 3717691
1 9673140
1 4021844
1 2372568
1 4409492
1 2162809
1 7422348
1 2271563
1 3222050
1 8748847
1 3988589
1 9518089
1 4040253
1 3414483
1 7918548
1 6857592
1 7900116
1 8023421
1 7784488
1 8792157
1 5215428
1 7029190
1 5470430
1 8523004
1 5300392
1 9267138
1 3282969
1 4269173
1 9428542
1 1911161
1 1796876
1 8274301
1 6056133
1 6207164
1 2916404
1 1869424
1 8174067
1 8662100
1 1344008
1 4529333
1 6072559
1 3330340
1 8660029
1 6662419
1 4711069
1 2158168
1 2395269
1 8265777
1 7062736
1 1638229
1 1810954
1 1751161
1 8450509
1 6534409
1 2968429
1 7803521
1 2253736
1 9068076
1 1489850
1 6906799
1 1120099
1 8820172
1 9592625
1 7362748
1 9382014
1 4974860
1 5820629
1 3411706
1 2444565
1 3651693
1 3924424
1 2660559
1 1091112
1 5958092
1 5490442
1 1904914
1 1353566
1 8097254
1 8801457
1 1915581
1 4953588
1 814669
1 8295496
1 7335508
1 8859595
1 2429840
1 8997628
1 3813976
1 1476435
1 2714489
1 1461139
1 5245232
1 9118907
1 1161792
1 2945512
1 4980093
1 8092068
1 2851518
1 5454627
1 9325980
1 2075187
1 9763487
1 7642095
1 5996422
1 7424825
1 1549170
1 7215397
1 9511051
1 5806067
1 842459
1 7440912
1 7498156
1 118760
1 1670272
1 5353296
1 3270318
1 279715
1 2084831
1 9750489
1 4064758
1 5599550
1 1561216
1 1564269
1 6576178
1 291124
1 702342
1 61672
1 5098848
1 6766263
1 2182292
1 783810
1 941583
1 9415906
1 1538179
1 7476038
1 5629704
1 8580286
1 6401494
1 1460691
1 850396
1 3993810
1 2954665
1 7257299
1 4249037
1 1972948
1 2400687
1 2044095
1 5043826
1 5672757
1 5450817
1 8698813
1 6439879
1 1110418
1 4695133
1 6111368
1 6175335
1 1878235
1 6536901
1 4926170
1 7678194
1 14956
1 6347867
1 6931745
1 8246445
1 367014
1 6393406
1 6567156
1 7389181
1 6585785
1 4710109
1 7413478
1 2042571
1 4419073
1 3132274
1 6146266
1 5300633
1 30765
1 4103021
1 9967368
1 6157193
1 3525973
1 1632353
1 946465
1 1569777
1 7187943
1 7061555
1 4800616
1 3196053
1 6772699
1 5503109
1 7057030
1 5537215
1 795472
1 4323260
1 8077926
1 6227571
1 1740536
1 6718641
1 5475980
1 8004430
1 1410246
1 9956357
1 7619331
1 5300775
1 1090418
1 132443
1 6680870
1 5440780
1 4691568
1 3715111
1 8017715
1 899942
1 6869051
1 8135482
1 7057101
1 4581863
1 2127213
1 2000990
1 3102415
1 3395757
1 9477105
1 8954665
1 2710902
1 80117
1 5557073
1 6636268
1 8166247
1 6500779
1 9013849
1 1108396
1 3147999
1 8078510
1 8676360
1 5386410
1 2249750
1 6379403
1 3738119
1 9774129
1 8399492
1 7667113
1 6189155
1 2614245
1 3116236
1 6862964
1 3099371
1 1925296
1 7214318
1 9136823
1 8067621
1 4471969
1 5882635
1 4673432
1 9390811
1 1039379
1 8472855
1 8259845
1 8948262
1 9161412
1 2697048
1 8919523
1 4540141
1 9794258
1 3208875
1 9125665
1 4757093
1 6763927
1 437879
1 5303304
1 7198846
1 3134933
1 5259636
1 3322999
1 596159
1 3876799
1 5684913
1 1393159
1 9467150
1 9507718
1 2387735
1 6943705
1 701425
1 7053367
1 1991612
1 6166871
1 8043728
1 9260613
1 6307059
1 6466126
1 3851232
1 4920359
1 7920912
1 8458398
1 2743040
1 5509237
1 6423496
1 6382840
1 8340056
1 5347082
1 1589410
1 2200279
1 9682474
1 4394757
1 9501119
1 4226052
1 344142
1 1777998
1 8649147
1 1233709
1 155437
1 2589274
1 8775270
1 9178182
1 7261798
1 5477012
1 6452904
1 3416997
1 5005095
1 3562993
1 4107584
1 3951512
1 8044798
1 9112637
1 2603769
1 8188959
1 5925156
1 7674940
1 3339629
1 6974019
1 885075
1 269667
1 419352
1 265767
1 7746515
1 4208393
1 8312881
1 323202
1 5471445
1 923992
1 7718117
1 9093759
1 6253996
1 6397695
1 2074732
1 3778473
1 2356621
1 9866483
1 5708991
1 8232071
1 7570412
1 1410413
1 9119728
1 1943900
1 6611067
1 6001759
1 6974396
1 8277517
1 7678066
1 368936
1 4382479
1 7506358
1 5960281
1 7585689
1 362614
1 6058487
1 5149072
1 4318549
1 4596203
1 4965089
1 1311218
1 3722297
1 7844617
1 2688365
1 4844114
1 8582718
1 5431139
1 4829468
1 5609826
1 5488699
1 2989870
1 7788227
1 1789925
1 2024362
1 1145951
1 8237886
1 9932244
1 5509487
1 3026519
1 6283705
1 3577837
1 9390097
1 5381119
1 6110688
1 7926339
1 3971214
1 8478075
1 122354
1 7012867
1 8841788
1 8262303
1 1521911
1 5804822
1 8447743
1 8950347
1 8701551
1 6566605
1 5961016
1 5076439
1 5166264
1 1733447
1 2852294
1 1405132
1 6319207
1 2197412
1 2704761
1 9425462
1 1672011
1 3433615
1 770276
1 647496
1 1189913
1 3989302
1 5721954
1 5327902
1 9698292
1 4421115
1 9433164
1 9272878
1 1089125
1 2153101
1 9279383
1 783997
1 3830643
1 4294688
1 7565276
1 4924865
1 498976
1 7195263
1 349929
1 881677
1 7164605
1 1743435
1 8210722
1 1423670
1 846920
1 7336982
1 1799045
1 2790402
1 8697696
1 5337718
1 635061
1 1186920
1 5151156
1 2741961
1 6530984
1 7060799
1 3878575
1 7663016
1 2792414
1 8173508
1 6416557
1 2232610
1 111443
1 1779531
1 6272267
1 1656812
1 6043320
1 9531505
1 269027
1 5092738
1 5272377
1 5792367
1 5589691
1 1383421
1 4053553
1 3288376
1 7549949
1 6131315
1 3021309
1 7615585
1 815085
1 276359
1 818182
1 7665177
1 1713997
1 7763492
1 9701160
1 4966677
1 6605861
1 7253033
1 2411077
1 558883
1 2204320
1 5322023
1 277756
1 7048001
1 781994
1 3353165
1 8455065
1 1525511
1 4681191
1 7304884
1 6992913
1 7813852
1 9242034
1 1861826
1 5583890
1 3180125
1 450383
1 3013879
1 1222483
1 1442127
1 4010614
1 1840370
1 888215
1 9239252
1 6870520
1 1195797
1 6727490
1 5880339
1 9901570
1 7389022
1 665270
1 7122920
1 3071119
1 4167886
1 4617428
1 6675787
1 3037057
1 6414912
1 375909
1 445713
1 9644208
1 8639365
1 6103678
1 6656136
1 4731901
1 4704839
1 4193514
1 2248097
1 1769644
1 5375598
1 5116814
1 7870813
1 6788720
1 911081
1 3742870
1 2778203
1 6829572
1 1355904
1 5122081
1 6929715
1 4254695
1 2588910
1 8659871
1 7189699
1 3415354
1 750759
1 8819480
1 7359746
1 8680796
1 5719015
1 2470871
1 834928
1 2202635
1 8670614
1 8694741
1 7754448
1 330226
1 9257299
1 7593512
1 1332260
1 7196082
1 6071182
1 8693311
1 7026741
1 1100077
1 6952528
1 1974636
1 1315388
1 684241
1 276153
1 5096232
1 3907556
1 177689
1 9144876
1 6758174
1 9647220
1 5770550
1 320433
1 2597052
1 1280227
1 247856
1 4666865
1 9801208
1 7138521
1 8049515
1 7596609
1 7403785
1 8459585
1 7032690
1 9979816
1 8875831
1 9155382
1 7844585
1 2906344
1 8528311
1 8893603
1 3471976
1 3730409
1 4768448
1 9223371
1 5930397
1 3922869
1 9139300
1 7840389
1 5107624
1 9079053
1 2826819
1 8510406
1 5851115
1 8347332
1 5331822
1 6803933
1 4310626
1 6940633
1 5747374
1 1058628
1 3717501
1 6679792
1 9727281
1 812323
1 3977393
1 7255886
1 9019221
1 2393468
1 9527297
1 4708428
1 4290261
1 5551136
1 7622672
1 4025346
1 8377875
1 1680961
1 63129
1 5663019
1 7270094
1 106777
1 7110938
1 3820239
1 3455143
1 2026577
1 5269739
1 7479146
1 1607305
1 4532392
1 8038693
1 7573373
1 1565464
1 254217
1 323902
1 3721880
1 3542903
1 1001455
1 3302541
1 1111822
1 5696183
1 5142544
1 4264883
1 3585244
1 4924889
1 5761002
1 9686732
1 640695
1 1718481
1 1899784
1 4593135
1 1757650
1 2766487
1 4001855
1 8521018
1 2463127
1 4807036
1 4118466
1 5454411
1 3180080
1 1711744
1 2152412
1 6294335
1 6094362
1 884653
1 2529343
1 3551966
1 6506017
1 7521034
1 2197969
1 6584862
1 8366584
1 1218647
1 6243083
1 1688807
1 5044753
1 8535301
1 2027909
1 9473784
1 4238113
1 1955401
1 4062705
1 4934581
1 8353296
1 114116
1 7621260
1 6642411
1 3506324
1 2873022
1 859220
1 2130701
1 7994339
1 6300964
1 4245320
1 4043587
1 8233644
1 1589500
1 9053816
1 2315322
1 9412765
1 9321126
1 3011252
1 8716857
1 9058841
1 7517223
1 4987450
1 1350482
1 5802114
1 6410270
1 8641578
1 2651287
1 8479673
1 219858
1 8010124
1 845341
1 8652319
1 7949712
1 4413883
1 4097262
1 9110396
1 3199523
1 9868402
1 1641138
1 515130
1 8297576
1 5763218
1 1718788
1 6898542
1 8551135
1 3887857
1 9201408
1 9792044
1 6386493
1 4007140
1 6989265
1 2726409
1 9291841
1 9968441
1 655217
1 8036014
1 3615121
1 3938721
1 3493955
1 8757776
1 5542598
1 8563748
1 7141676
1 9442580
1 4659055
1 9811755
1 6014669
1 1181358
1 7697320
1 9323013
1 7199220
1 5507662
1 2635838
1 3271095
1 5115895
1 4656727
1 1621875
1 1484086
1 3749689
1 4356837
1 9365820
1 1712657
1 1952924
1 7433648
1 9276168
1 7809027
1 2565066
1 232133
1 3243978
1 8808144
1 3230758
1 7746415
1 9223287
1 2852513
1 3638577
1 1598196
1 773593
1 3600280
1 4650900
1 2996192
1 7221238
1 6259496
1 3899562
1 8225821
1 7842388
1 5083630
1 1264366
1 1645841
1 2573020
1 6747106
1 2969662
1 3683671
1 6038349
1 6204362
1 127025
1 3628800
1 7526448
1 993434
1 8394330
1 4037524
1 9927163
1 8868198
1 4394780
1 9745307
1 3782365
1 9259012
1 6077746
1 726791
1 4562495
1 8294862
1 6098350
1 9516869
1 7873888
1 1093853
1 3323754
1 8971016
1 3618510
1 2988130
1 5598702
1 3570844
1 6836999
1 8812606
1 4218134
1 9806188
1 5616224
1 6521521
1 9506691
1 2636073
1 5617178
1 2071951
1 7086227
1 7886499
1 2500664
1 1398259
1 6298626
1 8769882
1 1435043
1 8431656
1 5059311
1 5181668
1 4557014
1 7138542
1 6985573
1 2481992
1 410339
1 9319209
1 8703320
1 2159721
1 6499585
1 197123
1 1581085
1 117165
1 1468114
1 3822491
1 9623633
1 5520063
1 6132862
1 615912
1 3412484
1 8347486
1 5723914
1 2660996
1 7535987
1 3197237
1 5316890
1 8070819
1 9062969
1 8034573
1 7827970
1 4968749
1 329827
1 6240606
1 4623385
1 567246
1 8748788
1 8154014
1 2879803
1 9269179
1 5957453
1 4422872
1 2110063
1 3210702
1 8686913
1 5919910
1 8903708
1 5853701
1 6292228
1 1681128
1 907482
1 2608255
1 4996878
1 2604865
1 8128380
1 4162240
1 3105375
1 6268596
1 6387517
1 1390766
1 2176888
1 1923911
1 4161115
1 4567139
1 7171481
1 3498209
1 9642514
1 802692
1 583283
1 8964801
1 4373048
1 3206069
1 9091661
1 5624269
1 327710
1 7446206
1 7751311
1 9334625
1 3110614
1 7651355
1 1758215
1 9453936
1 9328697
1 4232586
1 5292880
1 9162692
1 878615
1 3898989
1 3604859
1 9294658
1 9513541
1 8938273
1 8553057
1 671599
1 2942805
1 1829649
1 7798336
1 2915871
1 4748118
1 1741657
1 3913473
1 6163987
1 5321187
1 950004
1 5847141
1 1329014
1 1657823
1 8438641
1 2685257
1 2521368
1 206591
1 1935568
1 2543996
1 4668671
1 4381172
1 8591976
1 8678577
1 4868775
1 9766771
1 8418965
1 8716457
1 2543686
1 4118037
1 501417
1 9063800
1 2238360
1 38704
1 1881643
1 9494230
1 4970
1 2227170
1 5014347
1 5779758
1 3874824
1 7219277
1 4553437
1 4678084
1 282165
1 1622952
1 3601039
1 6602715
1 1459025
1 3690099
1 540758
1 2389732
1 1718452
1 4909860
1 9021729
1 6004456
1 4352494
1 994359
1 9611780
1 8933241
1 3934846
1 1943654
1 8524983
1 5762809
1 6789876
1 9723967
1 1559608
1 8756957
1 97965
1 3265790
1 8786631
1 8604628
1 9582962
1 2952683
1 7696486
1 1657684
1 9833242
1 9366894
1 4361504
1 4474556
1 2691837
1 4154568
1 2245279
1 9560566
1 3097233
1 4415186
1 5798563
1 487932
1 4708354
1 9263619
1 6914737
1 4482031
1 2042688
1 6875523
1 6547243
1 8613595
1 9385375
1 8218766
1 4598647
1 9558958
1 888302
1 8624001
1 9547477
1 3849730
1 4781965
1 1009321
1 7824579
1 5156949
1 2242140
1 9321153
1 1909829
1 9511927
1 2388678
1 8075663
1 3155768
1 1928733
1 1373731
1 7841526
1 5088011
1 4666015
1 5964426
1 1757204
1 9491591
1 3970952
1 3805397
1 9445536
1 4142598
1 3362682
1 1335776
1 743902
1 2617391
1 8324477
1 6625612
1 8982439
1 5793974
1 105567
1 1339680
1 423305
1 889667
1 2920443
1 713805
1 9937233
1 4751877
1 4146240
1 6984113
1 2805777
1 4262096
1 8208100
1 1968069
1 574992
1 8367286
1 7412092
1 2760584
1 6381472
1 4821179
1 3630168
1 9323066
1 5218981
1 5626743
1 5507288
1 909271
1 6037235
1 7240073
1 3641366
1 5362649
1 48581
1 9997334
1 5452039
1 3845342
1 5100772
1 5990941
1 9077237
1 8138179
1 1552469
1 3457259
1 6999849
1 6839021
1 7541860
1 1764489
1 4247418
1 4742572
1 2421633
1 8215806
1 6387696
1 3387121
1 4207085
1 430768
1 2924006
1 4544897
1 7037575
1 7312005
1 8193118
1 9428373
1 9442271
1 9297534
1 6094122
1 1651504
1 9376355
1 8782083
1 5606165
1 1191606
1 7582953
1 3359354
1 7355852
1 2446369
1 6625622
1 7102576
1 9276680
1 2825744
1 1105824
1 7591232
1 445041
1 5588429
1 730752
1 4615860
1 2411654
1 655649
1 9580507
1 824347
1 6089837
1 745939
1 5557769
1 9107939
1 9085911
1 8813102
1 4120098
1 6178831
1 7979211
1 1613576
1 5892097
1 4204419
1 4143292
1 1192898
1 1456377
1 7106169
1 9320517
1 9992595
1 4345930
1 9396074
1 6473821
1 1728606
1 8456221
1 5096143
1 264104
1 3550355
1 3424763
1 7776442
1 831208
1 4387424
1 6314716
1 324080
1 8415830
1 8226013
1 3588835
1 5470807
1 9222822
1 5577157
1 778839
1 228312
1 1620174
1 9783034
1 3811415
1 4930958
1 9950099
1 7182292
1 1806537
1 3158869
1 8955006
1 485290
1 2257802
1 5259585
1 6933701
1 5457329
1 8209783
1 7456507
1 7175467
1 3303120
1 2946654
1 4321113
1 1917578
1 4008604
1 5574057
1 46630
1 5636401
1 4783316
1 4019546
1 3797248
1 4324619
1 1035287
1 5610323
1 1141999
1 3226889
1 4049020
1 5895505
1 4520660
1 9900805
1 3279373
1 9703919
1 5168015
1 4889382
1 9473396
1 3628862
1 8520411
1 7401217
1 6727792
1 54855
1 6072061
1 8969953
1 4698321
1 7902387
1 7408342
1 9828770
1 3310159
1 7771542
1 1816199
1 8262349
1 5587747
1 909752
1 685838
1 2168799
1 2307372
1 1838307
1 463043
1 5067996
1 159489
1 6675058
1 2342894
1 8515487
1 1832491
1 8630058
1 9974257
1 8218246
1 6744302
1 5411377
1 6773793
1 3754659
1 3202805
1 8403471
1 5818595
1 1366900
1 2749376
1 9724035
1 8553876
1 7651057
1 7976083
1 1728352
1 4179868
1 8110539
1 77801
1 7419558
1 868629
1 6240165
1 6323942
1 6337782
1 9898475
1 880584
1 4165979
1 9051471
1 1979199
1 7903860
1 7464058
1 9426540
1 4506041
1 1602145
1 6022338
1 283252
1 1290394
1 2770206
1 9898041
1 4722796
1 5918801
1 4100136
1 1223196
1 2451288
1 7102402
1 5074961
1 5082218
1 4532204
1 5053247
1 741058
1 3350472
1 5896936
1 9874121
1 51225
1 4409213
1 925555
1 3488932
1 2913604
1 6232456
1 1841005
1 4488776
1 4034688
1 7145370
1 2433489
1 104216
1 6601695
1 6027569
1 1538874
1 154675
1 1382402
1 6148354
1 5226865
1 1002622
1 5601580
1 1377847
1 961602
1 2274510
1 7690005
1 5941043
1 8795318
1 1732854
1 5396564
1 8533520
1 6522955
1 8791382
1 5001871
1 4425486
1 6367146
1 7155481
1 931001
1 1334729
1 641181
1 5447548
1 1468992
1 569537
1 3493818
1 5726803
1 8181288
1 7154094
1 7732268
1 6256160
1 8121907
1 164494
1 1298023
1 3703970
1 7965087
1 4511768
1 3920447
1 9758344
1 269221
1 4122253
1 9259280
1 8551142
1 660482
1 4535982
1 9867288
1 2015084
1 6841057
1 6997321
1 360319
1 8338093
1 5036640
1 8692274
1 4319969
1 6570983
1 1183531
1 9591867
1 242996
1 5595306
1 8128023
1 4845221
1 8639199
1 6521028
1 3347198
1 9757811
1 3499473
1 4113338
1 8587565
1 5708798
1 6708450
1 4648779
1 3999285
1 9057847
1 3695420
1 445701
1 3971578
1 6496990
1 9960516
1 9108452
1 4316980
1 2312782
1 1127836
1 2074756
1 1666256
1 7392315
1 1479856
1 5101342
1 5992022
1 4504710
1 4679026
1 7094318
1 5774750
1 3464681
1 7032620
1 570118
1 4355588
1 1866967
1 2821334
1 6166315
1 3355599
1 1874470
1 4762682
1 5283048
1 47175
1 493112
1 4227795
1 2889141
1 9409892
1 1324730
1 8569904
1 2714292
1 5096619
1 9365219
1 2623703
1 747260
1 1713586
1 6232397
1 1955536
1 6888326
1 4121382
1 6929215
1 4088900
1 5185105
1 2355442
1 438881
1 1360577
1 500477
1 2836919
1 7239454
1 7021989
1 1605170
1 5352612
1 3112827
1 9092837
1 9100495
1 4689003
1 2365005
1 3224601
1 4205909
1 5682556
1 8646002
1 3539775
1 2011961
1 8304011
1 1429040
1 7475241
1 9352205
1 8893778
1 6437535
1 3189103
1 5378914
1 6900148
1 378452
1 9647392
1 849066
1 8291012
1 444577
1 3914714
1 5647452
1 6704936
1 833462
1 5185498
1 4070086
1 5476172
1 7975811
1 1166156
1 9689031
1 9201529
1 7514740
1 3210359
1 1514262
1 1980652
1 3342002
1 3818497
1 1538104
1 3135798
1 5643846
1 4918815
1 7295340
1 4493979
1 388804
1 7478715
1 5738843
1 4103943
1 3766554
1 7051022
1 5385449
1 3103303
1 4580395
1 1252990
1 1881662
1 559574
1 1840280
1 4298425
1 8733695
1 1808038
1 9348136
1 3470137
1 9935355
1 6137590
1 4265814
1 4586583
1 325994
1 6713338
1 1707039
1 2451174
1 8886554
1 9289825
1 2265600
1 1031049
1 5572385
1 9937454
1 7312485
1 7057355
1 3746433
1 2069031
1 2838179
1 7224674
1 9232016
1 2447473
1 9822354
1 8989430
1 999041
1 5560105
1 1678985
1 2330824
1 4253973
1 1661214
1 4040993
1 2218696
1 6789048
1 4204570
1 3642400
1 5196848
1 3867614
1 9330348
1 9693843
1 8758619
1 3734895
1 7837173
1 8348211
1 8419912
1 146442
1 7919432
1 9419451
1 2443132
1 2673719
1 6163400
1 9176776
1 2661124
1 474535
1 2383401
1 675630
1 7377297
1 2147854
1 7965822
1 3414113
1 5787781
1 8448798
1 4053237
1 1213403
1 2932879
1 7027591
1 9050528
1 9682902
1 4978232
1 4026240
1 4559040
1 4557400
1 7227988
1 3630660
1 8366945
1 2124268
1 5153260
1 3894830
1 777163
1 6193182
1 6220802
1 8342571
1 9404739
1 9345578
1 6717057
1 1225864
1 131423
1 7126070
1 2720773
1 5744817
1 8887332
1 4481086
1 7613721
1 8808380
1 5510432
1 7763890
1 3802980
1 1574605
1 3043553
1 8333719
1 2717431
1 1745500
1 167366
1 3768078
1 3615933
1 1799497
1 3609683
1 2511846
1 6212553
1 9540772
1 2787457
1 9501674
1 1695320
1 5500466
1 8935938
1 485893
1 8940992
1 8594731
1 5807560
1 7700815
1 8555604
1 3355195
1 6322852
1 1582049
1 2405632
1 5004862
1 9381782
1 7101145
1 3070555
1 7226433
1 7604543
1 7343835
1 2996017
1 2881168
1 9691624
1 3710863
1 8225549
1 9865910
1 1422497
1 2324626
1 785891
1 5406890
1 1488134
1 7744644
1 9715417
1 9812156
1 3531865
1 9948811
1 2355410
1 5930160
1 8409142
1 1468722
1 206376
1 3861164
1 3919295
1 5261617
1 4255812
1 1156878
1 2208621
1 6118046
1 4790160
1 5695307
1 5699694
1 770156
1 4020000
1 6516223
1 3348477
1 5327102
1 1433501
1 5004946
1 3575865
1 9397986
1 3912989
1 3353096
1 1481091
1 7430656
1 3814722
1 1723776
1 5817676
1 9616544
1 9934354
1 3719452
1 1109056
1 8182704
1 1569266
1 3506814
1 3359939
1 9945137
1 6323858
1 7417470
1 212916
1 6003828
1 9555076
1 742961
1 2083378
1 3483477
1 3705791
1 3250319
1 645829
1 9331864
1 2973061
1 6826437
1 9043116
1 2275367
1 7660918
1 6653481
1 6349498
1 5530319
1 8252516
1 3483354
1 4873599
1 1151799
1 9221534
1 8247001
1 5155268
1 1408422
1 3102631
1 9144274
1 7445371
1 5732621
1 6086728
1 5570022
1 5913194
1 5069211
1 4786734
1 1685421
1 5854388
1 5009976
1 1739550
1 9624420
1 523434
1 9019856
1 1709714
1 6204370
1 5781270
1 8000852
1 3860083
1 6091422
1 1156611
1 7139634
1 3127935
1 3860669
1 6761429
1 6088972
1 5242926
1 9154132
1 8736473
1 5010385
1 1463786
1 7799482
1 1049385
1 555052
1 2819990
1 1874878
1 9691615
1 4509677
1 9901580
1 8203405
1 6498529
1 629027
1 7295442
1 8116217
1 2440067
1 2855212
1 9061236
1 2379202
1 8343450
1 2836284
1 1841361
1 4963259
1 1814762
1 2962542
1 801710
1 6086174
1 8059029
1 5625153
1 7850525
1 7989111
1 5544265
1 5319850
1 8757615
1 2040261
1 1085267
1 6761206
1 8273813
1 424757
1 9669486
1 5191241
1 3739685
1 4371091
1 7544023
1 7643753
1 9486665
1 2107286
1 3441943
1 2175469
1 8703423
1 322620
1 2944806
1 7866930
1 9317511
1 2182906
1 8603211
1 9561008
1 4577491
1 7035087
1 4058386
1 1771124
1 4840637
1 2275267
1 7803101
1 6581070
1 3923064
1 5077604
1 4558272
1 9415688
1 5252303
1 6513754
1 1031271
1 9148636
1 3006812
1 4019967
1 6071583
1 1248584
1 5819674
1 790561
1 8199417
1 946278
1 1571340
1 2502318
1 9771443
1 3141810
1 8947475
1 8441777
1 1486046
1 2342382
1 3751688
1 9881860
1 301349
1 5451793
1 8223203
1 2439955
1 700040
1 325755
1 5951421
1 1422973
1 1292277
1 7364586
1 6837825
1 6531775
1 4253806
1 4245563
1 6336333
1 8514119
1 1843340
1 2398240
1 8834591
1 567348
1 2569879
1 7082471
1 5365403
1 1386871
1 1792082
1 9479194
1 7089877
1 1913727
1 8152123
1 6106932
1 2812816
1 6441138
1 9445095
1 4346154
1 3342169
1 948926
1 8406836
1 5958143
1 6773462
1 725589
1 7974782
1 4150544
1 4948167
1 3198071
1 3083734
1 5552710
1 539784
1 9024548
1 1289444
1 9684432
1 239496
1 8334102
1 2875491
1 3457458
1 6346444
1 5178380
1 325975
1 5359976
1 3468523
1 884469
1 4210963
1 4935413
1 6766939
1 7406626
1 7566255
1 6100370
1 6320614
1 5026617
1 9076078
1 5163596
1 7559495
1 6160808
1 1150657
1 7794252
1 2703845
1 6316511
1 2647103
1 6696171
1 2608771
1 8377112
1 1300387
1 883344
1 9713439
1 2020976
1 2832970
1 2844827
1 3568024
1 9640682
1 6318924
1 8111512
1 2990734
1 1838124
1 2961559
1 3802031
1 6758836
1 6502315
1 7927599
1 6996456
1 1194549
1 3069209
1 8220119
1 2229454
1 7320329
1 718862
1 9537048
1 3856111
1 1816160
1 676217
1 6046141
1 8560300
1 1040809
1 5022723
1 3286939
1 975094
1 1063656
1 3238672
1 8504851
1 9131924
1 1041404
1 3560130
1 949050
1 4770568
1 4592454
1 3324975
1 1401503
1 579798
1 2336783
1 8529988
1 5531087
1 2533894
1 3048926
1 3011118
1 2605489
1 7012005
1 2851142
1 6982383
1 2459402
1 1606510
1 5820762
1 8116239
1 2910877
1 667807
1 6290980
1 6421971
1 6749284
1 5868374
1 1171173
1 313396
1 4127587
1 5393788
1 2572404
1 1727304
1 4904264
1 7977232
1 6134654
1 9762698
1 4936165
1 9715734
1 2497568
1 5857644
1 2432670
1 7739791
1 3368696
1 6037063
1 720136
1 2743946
1 1791315
1 1570572
1 5116653
1 7227307
1 2243370
1 9104840
1 8670310
1 5283345
1 6468824
1 4996769
1 7651688
1 9782835
1 6602054
1 238916
1 3509516
1 1582745
1 7204746
1 5487710
1 7164681
1 8508671
1 1353580
1 5160010
1 3406768
1 7178411
1 4958988
1 4947027
1 1106203
1 3562953
1 1035686
1 2107523
1 6010084
1 4551392
1 4634899
1 4976213
1 1833537
1 2037913
1 6944421
1 7571274
1 1680107
1 4783543
1 6215523
1 9465627
1 6602846
1 9397626
1 7563999
1 4891773
1 9205631
1 6192786
1 4550692
1 6165277
1 5980141
1 9794123
1 771336
1 4065575
1 5188460
1 1315693
1 1604345
1 228237
1 7113448
1 4142927
1 8917740
1 18649
1 7227050
1 1187657
1 3032470
1 8220872
1 2027364
1 2391179
1 7897070
1 4378435
1 6462602
1 769127
1 8119266
1 9828605
1 1348804
1 6622362
1 837853
1 4008675
1 2794614
1 2282435
1 3080675
1 1111472
1 5729028
1 694657
1 9455791
1 823855
1 1471631
1 9571280
1 1758465
1 9780383
1 5289981
1 4717043
1 9893076
1 5547967
1 5061358
1 4218052
1 1053253
1 5923345
1 9541
1 9526113
1 2895015
1 5651666
1 6604303
1 7848381
1 8727264
1 7172415
1 5678538
1 6921898
1 1794718
1 6216771
1 7558435
1 7491427
1 735545
1 2453737
1 6125040
1 3733429
1 7200175
1 625942
1 2304765
1 6113665
1 5879350
1 6284204
1 2550169
1 5701666
1 767165
1 7400912
1 4323832
1 2203044
1 1926333
1 1888790
1 8326219
1 9750001
1 2303134
1 9326972
1 7772461
1 7563414
1 8325507
1 3612719
1 6964765
1 7193086
1 1019955
1 2945367
1 1069258
1 9157687
1 7015293
1 6171381
1 5454456
1 7396709
1 6071027
1 7205434
1 1102207
1 2784388
1 5903417
1 714786
1 7951519
1 3591042
1 6236718
1 3398611
1 7421454
1 8416019
1 7961239
1 1521793
1 829720
1 6412867
1 5754212
1 8723914
1 9589857
1 6282086
1 4109052
1 3193405
1 1852979
1 2757553
1 1920396
1 9355095
1 8722957
1 2306859
1 1068879
1 1467812
1 4265536
1 3414660
1 4774528
1 1356861
1 4097044
1 9521325
1 6896245
1 2380619
1 1913926
1 8906186
1 2287562
1 3009220
1 8584577
1 6305120
1 1020477
1 8335449
1 1370290
1 4880433
1 3446518
1 9386575
1 6566285
1 3244184
1 2069140
1 1729200
1 4414781
1 2120672
1 7491037
1 1526397
1 8462106
1 9931242
1 2313533
1 3948801
1 5260158
1 7470768
1 533805
1 3813965
1 5623931
1 8481336
1 7760442
1 7508959
1 1786277
1 1682398
1 5312340
1 7988595
1 1365483
1 2184053
1 7187261
1 7684377
1 8225416
1 9751371
1 2708062
1 1865275
1 3258453
1 3164969
1 9198486
1 798692
1 5515104
1 6123194
1 1021689
1 4934781
1 9362275
1 278716
1 4010743
1 2406905
1 3172422
1 7193523
1 3949777
1 3636489
1 8737480
1 9196054
1 5996362
1 5607311
1 5487222
1 6405603
1 5392499
1 3241134
1 4776360
1 2936972
1 6119883
1 1613062
1 8090692
1 9649962
1 1994830
1 7913901
1 1081294
1 4177656
1 8571243
1 6338570
1 6893362
1 9967389
1 6531711
1 4331346
1 1477451
1 4908711
1 3314791
1 203346
1 7660087
1 2106363
1 4633677
1 2512893
1 3075052
1 6295544
1 6194659
1 4733102
1 370485
1 9197950
1 119742
1 7547149
1 9452360
1 89304
1 5400658
1 1172980
1 5550577
1 9171612
1 3949938
1 2641892
1 3861932
1 6445836
1 5259606
1 2093046
1 6001727
1 500773
1 5865603
1 2657562
1 828777
1 7161507
1 1761860
1 8042930
1 2761370
1 5096222
1 1124577
1 8870093
1 6432682
1 8347462
1 9484254
1 6915880
1 7429388
1 931937
1 7257310
1 9744932
1 71840
1 484464
1 3466999
1 3646696
1 7312688
1 4598104
1 8394277
1 1848643
1 515753
1 2404389
1 209978
1 236498
1 8136084
1 3145797
1 659944
1 1408471
1 5577398
1 4955417
1 4869708
1 4124103
1 4117732
1 7390622
1 1280951
1 919399
1 9763480
1 8780778
1 1490148
1 6269631
1 8658037
1 5241314
1 6475356
1 498057
1 481193
1 8866843
1 2880396
1 3850171
1 4923374
1 4576931
1 4509614
1 1443589
1 8198992
1 5604866
1 1984043
1 990960
1 5786855
1 3068636
1 1498595
1 6619414
1 8203628
1 6526982
1 4276206
1 2912602
1 606797
1 1472382
1 6435993
1 5984247
1 2408908
1 5347801
1 1438643
1 3090714
1 1887703
1 2681204
1 296100
1 2604606
1 6653600
1 7966303
1 2490949
1 5697045
1 7759176
1 3575780
1 5752366
1 1105388
1 1927290
1 4392978
1 768736
1 5407656
1 9365003
1 2487786
1 3963305
1 2958479
1 2500123
1 678709
1 330880
1 8760695
1 3828780
1 275262
1 4934095
1 6203362
1 9490390
1 2851709
1 3031397
1 2755309
1 7608133
1 3704954
1 5305498
1 7025029
1 3450472
1 8687031
1 3297361
1 628532
1 4725526
1 4390521
1 6728045
1 3285138
1 5027937
1 6819528
1 8935324
1 5653863
1 8172761
1 5549819
1 6199244
1 4169460
1 9767690
1 6117108
1 8787263
1 6180059
1 5847976
1 9275323
1 3442941
1 537559
1 2432589
1 8649698
1 4851392
1 4306562
1 2626110
1 1855967
1 7514259
1 7735918
1 6749402
1 7678303
1 2153541
1 5003768
1 8412109
1 5584201
1 2485646
1 7570443
1 9041647
1 6508364
1 4346240
1 9807710
1 7760133
1 8392419
1 5556414
1 7330227
1 5913568
1 6635151
1 7596893
1 9049900
1 5871831
1 7484891
1 500551
1 7329837
1 2344020
1 4455142
1 951068
1 9362495
1 5362109
1 9688694
1 115790
1 8987074
1 7741022
1 7782249
1 2624461
1 6089609
1 7869304
1 5614695
1 4699260
1 6666482
1 5482988
1 9795487
1 6226293
1 7703787
1 8761579
1 7289613
1 8655602
1 3919196
1 7859717
1 3165551
1 6572524
1 8619658
1 2835329
1 4199568
1 4598012
1 9288064
1 8726690
1 7511059
1 1944056
1 5487991
1 840446
1 6424498
1 1802431
1 7373164
1 274363
1 48335
1 9219502
1 133965
1 8820285
1 1722378
1 9864506
1 6267961
1 8167516
1 5586151
1 6263004
1 9977103
1 2478212
1 8055798
1 4800224
1 8691632
1 4282358
1 3043521
1 6994190
1 851855
1 3902811
1 5577043
1 2983454
1 1340225
1 5089392
1 2126162
1 4927472
1 3895747
1 6191259
1 359198
1 1715097
1 2447446
1 8064641
1 8732650
1 3364212
1 4134268
1 6358166
1 5801024
1 8585162
1 6429704
1 7847553
1 4074975
1 3856888
1 9746122
1 4127949
1 4793985
1 7446553
1 225473
1 1116809
1 2532166
1 2727203
1 8236801
1 9006766
1 1208090
1 5119394
1 3054673
1 6438575
1 6851745
1 1099208
1 8692849
1 627401
1 9391939
1 3066678
1 3017908
1 8744269
1 9170845
1 2155247
1 8949878
1 9752946
1 9147364
1 4230436
1 855077
1 8134345
1 282125
1 2470739
1 3616973
1 6655217
1 436348
1 4905830
1 898863
1 1878574
1 242579
1 6038723
1 369714
1 6237366
1 3043553
1 6001322
1 4202975
1 6900083
1 9413979
1 7309374
1 5343826
1 8483397
1 4699411
1 9837410
1 4134477
1 2331588
1 7354726
1 7846624
1 6402517
1 7469976
1 9610791
1 6482770
1 1403957
1 155746
1 8668838
1 1611754
1 3188336
1 6416471
1 3877295
1 9258662
1 8723299
1 4676241
1 8837458
1 1169271
1 5221754
1 164844
1 6524178
1 6031817
1 9671768
1 8750916
1 283774
1 9445958
1 5302094
1 4064342
1 266076
1 2328681
1 4816532
1 837325
1 3918669
1 3686074
1 7755790
1 7162947
1 2653397
1 6099
1 1460713
1 8673183
1 218628
1 7451720
1 1137156
1 6326254
1 7885445
1 6933410
1 1926823
1 9200840
1 5123626
1 6794406
1 7564131
1 4660516
1 4226319
1 9755555
1 4959582
1 5032679
1 1740156
1 2928348
1 9549565
1 8882393
1 8560328
1 7286840
1 3090984
1 3331053
1 9307203
1 8816846
1 6855741
1 7157626
1 1137448
1 619382
1 9547629
1 1820231
1 7270971
1 9496269
1 5176731
1 9135783
1 7963522
1 6644114
1 1588165
1 7616355
1 8301630
1 7634271
1 7289635
1 9325777
1 1134179
1 2629609
1 9901391
1 3368191
1 7623032
1 6588854
1 1030547
1 6031652
1 4841698
1 8899831
1 9670778
1 441936
1 9569229
1 9377768
1 9550252
1 4160321
1 915635
1 2039554
1 3787602
1 118336
1 9554361
1 6826164
1 1210823
1 5917624
1 9626356
1 6774403
1 8994328
1 9789503
1 8507792
1 9855846
1 5027612
1 6941534
1 5510228
1 4515890
1 6269245
1 6992193
1 1565315
1 9136854
1 6498446
1 6853061
1 619494
1 4358862
1 9773249
1 5308142
1 7305565
1 9130452
1 5556850
1 7628491
1 9501378
1 2370365
1 6422912
1 7718609
1 8136863
1 451693
1 9613810
1 6176504
1 1951693
1 1515185
1 5428853
1 472087
1 4470036
1 5674726
1 4676335
1 4453360
1 1849520
1 3539854
1 5944120
1 476779
1 3684821
1 9725397
1 6844374
1 5778185
1 9291422
1 1764388
1 7568602
1 9215955
1 4826344
1 1804318
1 5843841
1 9366433
1 7715379
1 1367660
1 6562909
1 826373
1 9854215
1 1659341
1 3261371
1 8230149
1 3636010
1 4962090
1 5562207
1 6517284
1 6302274
1 7946388
1 2206023
1 7450933
1 5295493
1 2285127
1 961242
1 622484
1 3959531
1 9757978
1 2730995
1 6620341
1 4640070
1 9620083
1 9035303
1 4983109
1 9317778
1 5038097
1 450695
1 1289179
1 801024
1 2317616
1 9815767
1 8365395
1 5293687
1 5372078
1 1898319
1 2442660
1 2140489
1 1987743
1 1897921
1 1315390
1 912454
1 6986249
1 4489980
1 5053496
1 6867461
1 7094448
1 9540894
1 3518376
1 2987602
1 8283550
1 3262257
1 5046158
1 9044965
1 4713368
1 2332072
1 4034932
1 6379721
1 2169925
1 9294162
1 4391194
1 4951792
1 2653373
1 8004800
1 3731135
1 938389
1 4221556
1 1338545
1 4892568
1 4863196
1 2540135
1 2074661
1 6382034
1 9205014
1 6154289
1 2320055
1 7214276
1 2676968
1 6591313
1 1399959
1 2756523
1 7339415
1 1458691
1 7872907
1 3296542
1 1933166
1 452399
1 351494
1 599499
1 1596118
1 5907764
1 1214582
1 2655834
1 9549409
1 9551614
1 1783860
1 434251
1 6131933
1 7867658
1 5789320
1 1975655
1 1977478
1 9397389
1 266084
1 5255368
1 1481756
1 8504118
1 6017675
1 5478265
1 4333498
1 1900810
1 5775396
1 2891685
1 9499187
1 1261852
1 9981415
1 2093058
1 6002153
1 4113149
1 5472259
1 6293988
1 4824464
1 5193052
1 3559419
1 5544640
1 8414541
1 3397279
1 9894602
1 3545279
1 1949654
1 6520065
1 3787420
1 6669231
1 9483593
1 8735942
1 9787840
1 1727298
1 8776499
1 7631684
1 3192095
1 1615351
1 3459872
1 113116
1 3693758
1 2730671
1 6751620
1 3706755
1 4357816
1 550305
1 5777395
1 8487903
1 287023
1 9251278
1 5344907
1 5323454
1 8120086
1 5080035
1 4938305
1 4734526
1 8988730
1 5396419
1 487328
1 5606955
1 1836519
1 5367899
1 7213307
1 361710
1 2475160
1 2512581
1 3061855
1 7847682
1 114189
1 5322500
1 9739000
1 6669094
1 4425024
1 5503941
1 3424791
1 1410053
1 9933626
1 1121079
1 3084581
1 2895819
1 8110700
1 7421863
1 426537
1 4858700
1 7852857
1 1571566
1 1981763
1 2936611
1 8696361
1 1805566
1 3407354
1 9629083
1 3929937
1 4945389
1 4635587
1 7072998
1 7682681
1 7162829
1 1558284
1 2122470
1 4889134
1 7362275
1 1537214
1 3427468
1 4237443
1 4709649
1 5804708
1 6165450
1 5057200
1 8917971
1 5232668
1 5616710
1 7615449
1 146167
1 6221189
1 4567475
1 3946243
1 9177689
1 6522409
1 1792928
1 9589347
1 9759789
1 2013142
1 6113355
1 2168084
1 3751583
1 7274766
1 4731244
1 3097951
1 6494237
1 9301313
1 8462219
1 1556567
1 7413877
1 7678577
1 4008856
1 4295173
1 2098656
1 9547220
1 1180839
1 1653961
1 614438
1 7397039
1 1162961
1 7924028
1 5922332
1 9343812
1 7094780
1 2915656
1 9132415
1 6558735
1 542208
1 8738154
1 4898764
1 3283174
1 4992295
1 3840507
1 4822861
1 4833514
1 9465977
1 5200050
1 5594644
1 5095361
1 4363586
1 4981874
1 4751847
1 1747358
1 3722952
1 2973267
1 8289405
1 9883262
1 3535882
1 6032742
1 9379667
1 2726899
1 5681340
1 9562594
1 5567402
1 4895897
1 3895694
1 1553873
1 4463028
1 5079689
1 3739824
1 8162727
1 3444321
1 7917865
1 6259887
1 5157074
1 5139221
1 9792588
1 8656462
1 9787262
1 6984146
1 901241
1 8449934
1 1909716
1 7967329
1 3866132
1 2297853
1 2180298
1 5654821
1 1906685
1 4895997
1 9587516
1 8962072
1 7327382
1 6982760
1 7542229
1 694531
1 942482
1 7212924
1 6664866
1 8902881
1 3041623
1 3729661
1 6454859
1 7037921
1 2144883
1 6307531
1 5378285
1 2510620
1 8177485
1 2129327
1 1241308
1 6707470
1 6366531
1 5714289
1 1380057
1 3034851
1 700808
1 5431039
1 903805
1 3303490
1 1538469
1 4589980
1 6993003
1 6549494
1 1547603
1 9727256
1 615592
1 6713124
1 6014271
1 781476
1 3632840
1 8443437
1 9664367
1 7880738
1 4974708
1 8453986
1 7006857
1 9857096
1 2468715
1 5993696
1 872111
1 9697337
1 7540905
1 4921853
1 8496556
1 7017043
1 9525112
1 5132601
1 9485457
1 5832602
1 1313679
1 3815556
1 9711443
1 1307539
1 3895443
1 156035
1 2614411
1 9736666
1 5104831
1 8773047
1 2069048
1 5877573
1 8000092
1 7255397
1 6988950
1 7707211
1 3087334
1 2162596
1 8791968
1 6027474
1 7697245
1 4835535
1 2256579
1 348992
1 3507197
1 2300046
1 1010597
1 3406917
1 730578
1 8260766
1 6236934
1 3878301
1 9454562
1 4840531
1 2356378
1 2989769
1 1301091
1 4221698
1 8627408
1 8258012
1 1787213
1 5685397
1 272581
1 3170319
1 6662448
1 6330413
1 4763768
1 4362215
1 1364749
1 4448740
1 9809566
1 5265782
1 6185308
1 3068947
1 1113259
1 7148112
1 6286078
1 3698115
1 5080263
1 8177819
1 2173588
1 2226638
1 7647069
1 5642351
1 3401277
1 4261749
1 2050143
1 9951802
1 4122797
1 9297395
1 790758
1 7307835
1 2255388
1 2351919
1 9148328
1 5871038
1 3693830
1 8726365
1 2862861
1 6468690
1 7174340
1 3816187
1 9171938
1 4178710
1 6215085
1 4987258
1 8532565
1 2607686
1 2562383
1 7450733
1 3382532
1 1562876
1 732568
1 7055483
1 4644183
1 9520716
1 3946505
1 3317875
1 9717644
1 3992519
1 644064
1 3843145
1 4402363
1 7036561
1 3069767
1 4487295
1 2173151
1 3736179
1 1904458
1 8629016
1 8331063
1 4117875
1 9834588
1 5622978
1 569722
1 432584
1 2729059
1 7605848
1 3337891
1 1421227
1 2303808
1 4184729
1 7110842
1 3168877
1 3664800
1 2263625
1 1940070
1 366875
1 3092451
1 3314232
1 8057793
1 5331292
1 6584494
1 7879601
1 2029201
1 9029135
1 573146
1 1967289
1 7440520
1 6972311
1 8967632
1 1014843
1 1077277
1 6576148
1 7991699
1 7514921
1 7539410
1 8209623
1 1212534
1 1125446
1 5387634
1 5598559
1 1735651
1 2404963
1 6728383
1 1617427
1 3296314
1 4468443
1 2534022
1 5700046
1 1215113
1 4915647
1 5890736
1 9375942
1 8171012
1 5063691
1 2887690
1 7668762
1 5985320
1 8100300
1 2794691
1 5313483
1 7061290
1 8283589
1 4044921
1 5286377
1 6145248
1 2661843
1 9121595
1 2664412
1 192696
1 8641241
1 2059894
1 69206
1 3148960
1 9736160
1 8245568
1 7644575
1 8441002
1 9205896
1 9148507
1 1588061
1 9742012
1 1136067
1 2920856
1 1456677
1 3226060
1 1253523
1 4802969
1 8183604
1 6951633
1 7137461
1 8882712
1 8021590
1 7596092
1 9685569
1 3919393
1 1106186
1 8904057
1 7039
1 2145595
1 9291393
1 1544141
1 3620331
1 4506259
1 6303689
1 274161
1 2841406
1 6976269
1 9697837
1 7371759
1 4984390
1 4548834
1 364072
1 9366422
1 2546587
1 5356892
1 5148523
1 6062652
1 4549607
1 3275450
1 6411855
1 2668674
1 7206582
1 7172137
1 879932
1 723195
1 6221066
1 9845740
1 2058292
1 6005102
1 5001892
1 4839581
1 3114488
1 528120
1 9043690
1 3439076
1 5363273
1 3464388
1 6127186
1 8024837
1 7354518
1 1813236
1 4580139
1 3436470
1 1388171
1 9547398
1 9123196
1 3394888
1 1674062
1 6950343
1 6617956
1 147339
1 1384333
1 874264
1 3062143
1 1158171
1 6222197
1 3973950
1 7046857
1 1070355
1 2995111
1 51534
1 2891304
1 6917532
1 1427243
1 7985154
1 88029
1 3527147
1 819391
1 7853239
1 331606
1 2450910
1 3758927
1 6648570
1 2248683
1 1377200
1 3199855
1 7930623
1 3096247
1 6039275
1 3164421
1 1855035
1 1934042
1 3875472
1 3535934
1 4779546
1 9744419
1 970969
1 8100306
1 7855363
1 7093789
1 8520867
1 9047853
1 8680709
1 5812439
1 4858166
1 6568961
1 4796051
1 6081454
1 5318002
1 369000
1 7967224
1 5175784
1 6004346
1 6338183
1 8313637
1 2741526
1 3367668
1 9472778
1 5907233
1 4583594
1 536106
1 9281551
1 8294301
1 3731315
1 7734196
1 8447758
1 901950
1 3826105
1 7267530
1 1824555
1 2792355
1 2584846
1 4988933
1 3988362
1 5134430
1 5997032
1 5898154
1 7274897
1 7452833
1 237389
1 7572496
1 6684954
1 7762714
1 9538514
1 7078483
1 5987586
1 6797830
1 7637434
1 8496132
1 2904148
1 920184
1 8808475
1 9731038
1 304737
1 9073455
1 7141260
1 4655167
1 1648744
1 5756401
1 5165539
1 4243602
1 7262108
1 3185586
1 6287218
1 5818546
1 382550
1 6482452
1 1266441
1 5436559
1 7368900
1 8756011
1 7659469
1 5775084
1 1803341
1 6756595
1 3891180
1 3495130
1 880984
1 1401953
1 4179591
1 7738987
1 169381
1 1751294
1 6633002
1 1407102
1 7805754
1 3277330
1 6781714
1 6829684
1 6345524
1 4113866
1 7678756
1 4175162
1 7620309
1 3407417
1 170611
1 8296611
1 4965992
1 6706108
1 7475788
1 9422092
1 5182690
1 4502673
1 5975959
1 1096765
1 3598334
1 9958155
1 2149200
1 3027898
1 3371456
1 1972489
1 3793440
1 4880058
1 9170748
1 7366488
1 3885228
1 2102287
1 709421
1 8400800
1 6982425
1 6536138
1 7822035
1 4957105
1 5620412
1 1047234
1 7447498
1 3183859
1 1740538
1 8237588
1 1427468
1 6498970
1 9640362
1 4866717
1 3839346
1 5608038
1 2858464
1 464235
1 3814882
1 7292118
1 8298738
1 5540960
1 7568290
1 3729555
1 655564
1 2970991
1 6701702
1 8444746
1 7770963
1 9244740
1 8770723
1 3295224
1 8346383
1 1831927
1 2535143
1 4943668
1 6815334
1 4056198
1 4477851
1 3028988
1 8421285
1 4744835
1 1261769
1 2832653
1 1678547
1 1608223
1 2607385
1 4007775
1 5884626
1 4639047
1 1856468
1 4999334
1 4247737
1 1064432
1 3635747
1 9983806
1 6277486
1 3896119
1 6192144
1 6685723
1 8250994
1 7430334
1 7362813
1 8924086
1 4592673
1 9496831
1 8993213
1 7422460
1 440728
1 6574529
1 8138143
1 1654598
1 7121637
1 1829636
1 9406224
1 5913080
1 5370876
1 2674197
1 5451189
1 5402269
1 2850250
1 758234
1 5794007
1 2763981
1 9675451
1 1298905
1 7675840
1 2419660
1 3350132
1 9168730
1 9868983
1 9238761
1 5109708
1 8329942
1 7502289
1 9215836
1 4587198
1 5460207
1 6530117
1 512232
1 5521428
1 1858303
1 593293
1 7745134
1 4018472
1 4055059
1 379482
1 901757
1 6680666
1 8585267
1 841898
1 422045
1 7347490
1 4156370
1 5998790
1 82735
1 8781826
1 4550703
1 6319197
1 7296754
1 9564758
1 4714242
1 9758373
1 8948254
1 2303022
1 6345460
1 5350383
1 8166081
1 9716555
1 5118118
1 6483117
1 5003582
1 9446290
1 1295869
1 6305425
1 461924
1 7823782
1 7767078
1 3834434
1 1169579
1 5905742
1 1271537
1 4961762
1 6704838
1 9428025
1 7338395
1 1121646
1 7917383
1 6391953
1 3263778
1 8014185
1 5235467
1 1186146
1 5008447
1 7466518
1 7314263
1 4660757
1 7999784
1 1154804
1 2167457
1 9452760
1 8879183
1 816768
1 7521709
1 7856484
1 6478966
1 4466364
1 2584885
1 7829237
1 97186
1 163026
1 8342614
1 9387960
1 5227764
1 3892758
1 9788812
1 5373892
1 1343136
1 7009145
1 4115409
1 5882023
1 9201711
1 5606460
1 1718509
1 3761331
1 2257986
1 2484059
1 4818708
1 8017183
1 1866453
1 5837535
1 537420
1 2677247
1 9163741
1 4492296
1 3331465
1 8605466
1 7066511
1 9584495
1 6419103
1 793979
1 197087
1 9552936
1 6170732
1 335949
1 5916444
1 1026080
1 5691348
1 7055834
1 418715
1 49947
1 4655503
1 6201970
1 7981843
1 3686585
1 3571972
1 4054306
1 4926417
1 9939494
1 5124568
1 7272044
1 7382245
1 5974442
1 238340
1 6609155
1 7576530
1 1066154
1 7547897
1 5553811
1 8836903
1 597945
1 3114315
1 4774016
1 3232167
1 6438573
1 3341194
1 2982483
1 6374773
1 5206881
1 5007810
1 7908028
1 7900773
1 178639
1 4634584
1 1139171
1 9809030
1 7892651
1 2520103
1 7576341
1 1752119
1 3217212
1 4890793
1 7868733
1 1670545
1 2093971
1 323760
1 918073
1 4600094
1 2333793
1 320876
1 3582238
1 3062780
1 6539987
1 9398888
1 9700991
1 7299122
1 7024363
1 5315171
1 3234594
1 4764799
1 9986658
1 6699772
1 16164
1 9608994
1 1261975
1 3113105
1 986032
1 8759041
1 7287999
1 3125294
1 2705945
1 129612
1 6471294
1 284713
1 984345
1 4365216
1 8611323
1 2645551
1 7736700
1 7132561
1 6235416
1 4403903
1 4353717
1 7320240
1 8030660
1 3421627
1 3868029
1 6183663
1 3014232
1 4886813
1 9778010
1 1280796
1 5506998
1 54969
1 3766956
1 1023353
1 9696288
1 2533177
1 4354060
1 6384786
1 6480171
1 8718510
1 1732290
1 6044011
1 6136154
1 2027064
1 3111699
1 6394766
1 3087483
1 3443098
1 4684730
1 2322071
1 171054
1 9481359
1 2389135
1 9536103
1 2938667
1 5019630
1 9710764
1 3053593
1 7250294
1 4308999
1 1805373
1 5746851
1 6885376
1 8004724
1 7527054
1 6975287
1 8465592
1 3505547
1 2847406
1 4457414
1 2371812
1 1353703
1 157098
1 8866294
1 7000609
1 3308676
1 3539731
1 7120987
1 9978704
1 5609401
1 4780470
1 7668188
1 7478709
1 1972692
1 3114287
1 6763352
1 6414693
1 6866096
1 3225838
1 8826691
1 3429009
1 4602477
1 5156052
1 4157921
1 1962366
1 1595853
1 2043904
1 5293562
1 1202425
1 6939638
1 5437274
1 3141932
1 110375
1 459285
1 9708245
1 5728027
1 7017879
1 5723567
1 8422100
1 615922
1 7722795
1 5788403
1 953519
1 4365928
1 4284240
1 7461474
1 5234974
1 3015076
1 9612863
1 2169059
1 4837039
1 987431
1 9913803
1 5984046
1 1656536
1 8116849
1 26119
1 1740931
1 1811113
1 1055305
1 8788684
1 7628122
1 3568302
1 8861476
1 246883
1 8427492
1 9389507
1 5978538
1 784497
1 2705953
1 1624394
1 5486055
1 8348740
1 4797697
1 4891998
1 8272118
1 5494769
1 4088662
1 9355495
1 6917358
1 3733413
1 7207573
1 9608669
1 7174878
1 3293287
1 3307236
1 8911513
1 4152711
1 2233165
1 8055509
1 6031208
1 7136623
1 5926055
1 6242215
1 8424335
1 5579857
1 7707284
1 6573475
1 198699
1 6820516
1 1492591
1 7110085
1 7616213
1 1571911
1 9955577
1 76221
1 3405758
1 3253106
1 5409816
1 9255865
1 8317370
1 8661418
1 4698869
1 4133239
1 3762321
1 6258606
1 2967858
1 3764666
1 7612213
1 8347932
1 2408790
1 5074056
1 1119789
1 6691036
1 5876549
1 9853044
1 1804090
1 2218623
1 2629506
1 5414630
1 2796363
1 2368583
1 671566
1 4023045
1 9859147
1 6943449
1 4540847
1 8463718
1 6637481
1 5858685
1 5646419
1 9337867
1 1890504
1 531886
1 7962390
1 8738438
1 9554547
1 5047141
1 8134272
1 2227924
1 5578610
1 2921722
1 9776425
1 3162784
1 5063137
1 6884623
1 2078528
1 9457570
1 3936641
1 7018423
1 1607751
1 7498417
1 3245867
1 2668808
1 1953423
1 7593361
1 2336388
1 7186033
1 2794764
1 5010301
1 6862950
1 6835979
1 5395546
1 5914622
1 2863304
1 6565254
1 4399105
1 4002202
1 1074877
1 1919630
1 8434499
1 3596659
1 3992241
1 2091103
1 1099288
1 3956167
1 8911826
1 7307358
1 5275803
1 1043887
1 8476650
1 9806031
1 1896804
1 5288235
1 9871957
1 2039502
1 202555
1 8864831
1 9189201
1 2770436
1 2486582
1 2854040
1 3783844
1 7960986
1 7170828
1 1680760
1 1823849
1 8130396
1 9249234
1 7482461
1 2811650
1 5337628
1 6227418
1 4596653
1 1964565
1 1594885
1 442965
1 7689187
1 7400662
1 4506844
1 8161065
1 1231393
1 569461
1 1573350
1 6134594
1 1392412
1 87953
1 7175246
1 607701
1 6773730
1 8505779
1 2830773
1 7255656
1 2220284
1 8484058
1 2437250
1 393963
1 2297491
1 7241914
1 4909163
1 5174220
1 9112614
1 6906074
1 1545192
1 9467322
1 3200154
1 6413768
1 1152706
1 2705492
1 6106913
1 5732632
1 4422994
1 3317069
1 1667088
1 8632227
1 2726137
1 5810868
1 7043186
1 8635472
1 237818
1 9087198
1 2133862
1 7957438
1 7388109
1 4764238
1 758918
1 74063
1 995817
1 7143615
1 4082832
1 5562738
1 9652510
1 7330631
1 4450269
1 4618947
1 842933
1 8593928
1 383142
1 6940443
1 1944405
1 524152
1 1516141
1 5229906
1 4131213
1 1673182
1 7813488
1 4536204
1 9111639
1 1311343
1 1944983
1 8925339
1 333499
1 3051844
1 4064384
1 6976908
1 6991292
1 6783376
1 4040964
1 7585226
1 334743
1 4729014
1 8445840
1 1878049
1 4329257
1 6959931
1 8691924
1 3968618
1 4419847
1 5000273
1 8811578
1 9465005
1 7457281
1 7168061
1 5414991
1 9560559
1 471921
1 8591063
1 1253645
1 1673583
1 4123286
1 6137217
1 7664681
1 2380297
1 1484752
1 786782
1 8711663
1 5361219
1 8022188
1 7931340
1 754360
1 1433444
1 5765392
1 1647897
1 8403350
1 9561212
1 9471728
1 9774666
1 5513435
1 9668684
1 1376550
1 4311388
1 938693
1 947759
1 4979666
1 6179475
1 7428143
1 5982286
1 1877098
1 425540
1 434540
1 7610994
1 8298107
1 6817282
1 8086196
1 7348628
1 368247
1 7592955
1 2503513
1 2222668
1 9136433
1 4541563
1 3430677
1 6976675
1 8003513
1 8982358
1 2608587
1 6549725
1 3107981
1 1340504
1 3483536
1 4019904
1 3837771
1 1617261
1 8387301
1 3880104
1 2245176
1 9827660
1 5497099
1 8014301
1 7939320
1 8948896
1 711352
1 1021062
1 2993150
1 6420584
1 1739533
1 2044070
1 6768109
1 2560484
1 6106410
1 8575410
1 3727195
1 6998910
1 8017174
1 2678011
1 8661518
1 9864707
1 223801
1 2477196
1 7184620
1 228896
1 4719520
1 3436828
1 6672919
1 7820978
1 6903597
1 1202779
1 305332
1 1751343
1 2403304
1 8412445
1 8134409
1 2400571
1 1841668
1 8070984
1 2030987
1 2157898
1 2537353
1 7620832
1 5900653
1 4257088
1 4889122
1 5759027
1 3335209
1 521615
1 453196
1 4948516
1 903597
1 8652039
1 2240633
1 9514560
1 749927
1 2810254
1 8881192
1 4953511
1 7502628
1 6182402
1 5708018
1 8364916
1 4637857
1 594001
1 1159569
1 2349674
1 3700588
1 5596511
1 823864
1 932633
1 9166516
1 8053288
1 1225483
1 1716979
1 4478341
1 29216
1 5818654
1 4042215
1 1280299
1 3930473
1 6502592
1 5540293
1 4733166
1 5369575
1 3081943
1 4608236
1 1314351
1 9376517
1 470170
1 3309925
1 6219691
1 8834107
1 9209421
1 3635752
1 1487222
1 9380583
1 8642526
1 2884424
1 8538171
1 8943280
1 9935506
1 7946382
1 195658
1 4959199
1 1675846
1 849604
1 8457944
1 5039722
1 7947173
1 6598017
1 3868926
1 5231569
1 5872450
1 4858374
1 2252643
1 5352181
1 2900643
1 7086419
1 8461194
1 5192354
1 3919701
1 5536242
1 89680
1 1550833
1 7816628
1 3251664
1 2077152
1 228280
1 6718975
1 3216563
1 3818739
1 7217944
1 8100881
1 8822889
1 4876342
1 8555104
1 109080
1 4534540
1 1635281
1 9255311
1 9006880
1 1016584
1 7191716
1 7572430
1 5066892
1 8660777
1 2497949
1 6447843
1 6049143
1 5770459
1 6830475
1 9372820
1 4390234
1 3185682
1 4550675
1 7372209
1 1790204
1 9819972
1 6567812
1 6424345
1 2866633
1 6595548
1 7988156
1 8443102
1 7147844
1 1756927
1 7617387
1 6407808
1 5970733
1 3939060
1 6472465
1 408475
1 3092634
1 3917699
1 7245417
1 520999
1 991678
1 4646767
1 118818
1 7705334
1 2494448
1 7469917
1 5912856
1 1366854
1 3351148
1 9150602
1 90646
1 3577178
1 791131
1 1227500
1 2773522
1 8166114
1 8006630
1 5796332
1 4802166
1 5999285
1 8508964
1 7516620
1 3770163
1 8852086
1 2104229
1 2948123
1 1961402
1 8939056
1 5832634
1 7490541
1 8547649
1 2369633
1 765912
1 39737
1 6516926
1 8674602
1 6870256
1 6532881
1 8033110
1 4472202
1 1994179
1 6930281
1 8105846
1 7997968
1 6593583
1 3255477
1 2099608
1 6476460
1 6420092
1 1236475
1 8494385
1 2360927
1 2937623
1 3089731
1 4040227
1 1153740
1 6669066
1 9331814
1 1235046
1 9608583
1 1233079
1 5965168
1 1686887
1 8105707
1 5468685
1 5969658
1 6362925
1 8945902
1 3412806
1 643249
1 8434369
1 744794
1 8871029
1 9228167
1 1411180
1 3790352
1 9414384
1 1962633
1 2122696
1 9537787
1 5488182
1 6066573
1 3068939
1 1803694
1 1613113
1 9972787
1 184584
1 7829217
1 3869343
1 4344034
1 922660
1 6878498
1 8593362
1 4315965
1 6338887
1 8501707
1 549771
1 8178137
1 4702162
1 2668813
1 4997341
1 7913827
1 5078279
1 1400905
1 413902
1 2999575
1 431984
1 9077311
1 7715185
1 194492
1 5133304
1 8668791
1 3023963
1 8180508
1 8351593
1 8700532
1 2095374
1 6099003
1 2203465
1 3047097
1 780562
1 3904297
1 6324722
1 678730
1 1750978
1 3619457
1 3866052
1 8655399
1 182442
1 4885770
1 3476571
1 1803752
1 8109162
1 9489966
1 3738680
1 3358980
1 9478608
1 4950715
1 4890217
1 510555
1 8773168
1 5601425
1 1413607
1 2145091
1 8982016
1 5975709
1 7794341
1 3130516
1 839774
1 1905444
1 2963923
1 6052876
1 2852412
1 9391585
1 1510040
1 5392139
1 2580819
1 1077019
1 9360449
1 5495254
1 3862775
1 6246891
1 8739454
1 8238240
1 5723013
1 2316072
1 7940163
1 8794428
1 9584793
1 6666969
1 8159163
1 9600825
1 2480841
1 7812846
1 40976
1 6691894
1 190818
1 3182189
1 7909333
1 7886029
1 2175275
1 736593
1 7126892
1 471194
1 3950774
1 2022421
1 6668442
1 8012698
1 3862293
1 5460926
1 7871816
1 3122669
1 8483954
1 4115976
1 3358091
1 4089343
1 6161431
1 3161696
1 4295441
1 5673117
1 3708157
1 2616864
1 2489344
1 8639245
1 2725732
1 3441848
1 6778862
1 8016427
1 4314151
1 9298418
1 6633735
1 4069335
1 3281197
1 2663595
1 6973196
1 1700630
1 2778355
1 9610346
1 1877304
1 6245284
1 7476102
1 6262413
1 9387533
1 3209110
1 5875937
1 5442187
1 4492266
1 6537040
1 7619292
1 5764332
1 4661376
1 6570770
1 5669663
1 8752029
1 4529556
1 5924254
1 2475025
1 6587106
1 1754001
1 6716931
1 9309289
1 9869250
1 2213810
1 6506750
1 9236913
1 286564
1 1486156
1 7229241
1 4992890
1 6573614
1 7538294
1 4633351
1 2302312
1 1856934
1 170113
1 7685986
1 9805021
1 124964
1 9174336
1 808414
1 3359020
1 4023270
1 3877625
1 6479308
1 8303817
1 543050
1 3382065
1 4884742
1 5373977
1 8726473
1 6750872
1 2164305
1 3578102
1 8084366
1 9671057
1 6617401
1 474774
1 6389173
1 3697294
1 6682238
1 4259843
1 4497178
1 2708645
1 1481546
1 8709046
1 1366079
1 7793637
1 2866577
1 4021826
1 4463192
1 7765747
1 5370841
1 602725
1 2351785
1 1167374
1 9346258
1 3562093
1 4500131
1 1416438
1 5980608
1 6258528
1 8814170
1 8703123
1 1142689
1 2081444
1 6222665
1 614591
1 2214014
1 3899975
1 3801454
1 5386755
1 9407176
1 3034661
1 2492100
1 8929027
1 6247299
1 4086101
1 9736703
1 6879394
1 5326774
1 7447137
1 5630509
1 637026
1 8632126
1 2284177
1 7574727
1 2064648
1 3464263
1 9971422
1 9665437
1 8789339
1 5531222
1 3343612
1 5210728
1 8084843
1 3317293
1 5719194
1 6276675
1 9230586
1 429776
1 7313921
1 390012
1 92927
1 1427176
1 6685284
1 1839953
1 7173487
1 1018732
1 1049320
1 7718753
1 2766386
1 3008273
1 2541799
1 8074650
1 3739417
1 2971889
1 1623917
1 2188005
1 4423079
1 6639664
1 7385497
1 7110485
1 3244389
1 7625448
1 8331099
1 8784087
1 6540620
1 3529945
1 2057973
1 1810982
1 3873133
1 8596836
1 567088
1 3200408
1 4929053
1 1821875
1 5491971
1 8127200
1 3123322
1 5667674
1 1509029
1 7037638
1 6682538
1 7348535
1 7261492
1 3625820
1 7879667
1 3441864
1 1926315
1 2950431
1 6718426
1 1741531
1 683204
1 2529738
1 74221
1 2868753
1 7956787
1 40648
1 4871708
1 7784037
1 6900791
1 1798437
1 217060
1 7106258
1 5690266
1 2332176
1 7628566
1 1900942
1 7129386
1 3974488
1 2353956
1 1855987
1 6001936
1 6747717
1 9386654
1 4978877
1 1967016
1 4351852
1 6739324
1 3415608
1 7392560
1 1997748
1 4870979
1 4915795
1 4183800
1 1371173
1 2622769
1 2819112
1 6177616
1 1789776
1 8920930
1 7262843
1 7632123
1 7986456
1 6744577
1 9360344
1 411498
1 7214565
1 2265166
1 7113318
1 4858722
1 5996887
1 6701143
1 8131539
1 2995072
1 1733782
1 2390747
1 3580361
1 9401858
1 2839059
1 8681557
1 3406979
1 4471723
1 504794
1 3825034
1 3542344
1 5078309
1 4481996
1 3075411
1 5435850
1 526077
1 7788478
1 5689183
1 4638925
1 5741117
1 5161386
1 3250441
1 9507161
1 4248432
1 9831956
1 4594328
1 4752049
1 8584806
1 1455602
1 5105490
1 5369489
1 5467052
1 8117428
1 9992985
1 7915512
1 7623324
1 1546753
1 5959981
1 6501569
1 7385403
1 4661811
1 5782133
1 5371622
1 8946546
1 1558869
1 6962246
1 7419938
1 3367727
1 5415129
1 6140113
1 5278456
1 1034834
1 600093
1 7695434
1 1405098
1 6788258
1 6680032
1 9072137
1 6566249
1 5002548
1 2019291
1 8084281
1 2320666
1 2202529
1 2396126
1 7650515
1 4120805
1 193183
1 621878
1 1453413
1 7938428
1 824871
1 5807077
1 1219511
1 5829070
1 7478297
1 4077323
1 9064646
1 9092124
1 6503604
1 4041621
1 6932931
1 7513115
1 1998386
1 7777000
1 1246951
1 1996922
1 3598839
1 6368068
1 3164666
1 4094792
1 6133023
1 2763590
1 7312938
1 70845
1 7555114
1 4966911
1 4009123
1 8823165
1 2871986
1 1606983
1 1435022
1 8907008
1 1261550
1 9029397
1 6588019
1 1957637
1 3289943
1 8994085
1 2897294
1 5664519
1 2713976
1 7530402
1 9929064
1 2554761
1 2040677
1 7272165
1 189073
1 1643872
1 4224807
1 6340131
1 2974937
1 9418083
1 2711644
1 7628902
1 5463117
1 2229510
1 6694714
1 1028046
1 4098263
1 3309101
1 4661224
1 7918019
1 9336351
1 2800893
1 7673322
1 3125089
1 4388255
1 6223053
1 243036
1 383949
1 8174997
1 5094356
1 9140191
1 9483791
1 1696376
1 5753464
1 501424
1 5759623
1 9363423
1 1870768
1 4249870
1 9558735
1 8872242
1 1396562
1 3080576
1 9373133
1 8319217
1 7686119
1 7427332
1 4019338
1 5784692
1 6736735
1 6821845
1 7948086
1 8649722
1 8105980
1 8217604
1 7443840
1 2732216
1 8198965
1 7026144
1 6013637
1 7638066
1 1392284
1 9028445
1 363467
1 5163346
1 2096369
1 3821359
1 4484381
1 9531847
1 4638134
1 5511521
1 8486218
1 7491988
1 4484630
1 5936336
1 3390528
1 297121
1 8020053
1 6041298
1 5957288
1 3442873
1 7768920
1 1952902
1 6082186
1 2611160
1 1472635
1 3940560
1 5934141
1 728234
1 2428958
1 724384
1 2360142
1 9013301
1 605847
1 2833373
1 7073367
1 2265634
1 2647401
1 3056650
1 3613376
1 8448170
1 3477965
1 1332293
1 1825557
1 2816966
1 3628990
1 1537824
1 7707233
1 2739089
1 5494213
1 6208738
1 8996664
1 9918827
1 7172540
1 1063989
1 4676017
1 1326713
1 5044541
1 8738071
1 8526493
1 2309815
1 2572807
1 15390
1 4041471
1 4908782
1 6682741
1 7569951
1 7377023
1 6242987
1 1225780
1 461920
1 3458920
1 349085
1 5884541
1 2979685
1 7218628
1 6561590
1 672009
1 5081625
1 3864767
1 1645586
1 6727890
1 312691
1 2177523
1 9398062
1 8125406
1 1115046
1 2159775
1 1214478
1 1121526
1 9589645
1 8735169
1 7191836
1 4193530
1 2632961
1 562357
1 6295568
1 3315156
1 9514097
1 3881270
1 7856215
1 288541
1 2060617
1 9308848
1 8723142
1 5545017
1 5586749
1 8521132
1 8006099
1 5711688
1 6602281
1 1411436
1 3600084
1 3469686
1 9025291
1 516523
1 717104
1 10319
1 1286884
1 771346
1 1818390
1 3383948
1 8170098
1 5618012
1 6540131
1 616270
1 2544527
1 5552006
1 7910849
1 5369258
1 4638805
1 7384788
1 9858673
1 936576
1 5915518
1 4834293
1 1283112
1 1344074
1 2237320
1 7465478
1 1637013
1 4194250
1 3226407
1 1146457
1 977989
1 1656510
1 4552459
1 7915924
1 4238976
1 240047
1 8534298
1 5463112
1 6669483
1 8766565
1 5426500
1 868020
1 6492649
1 6461831
1 4635376
1 8004780
1 9034282
1 5912288
1 9170464
1 879278
1 6842926
1 898894
1 6454615
1 4364063
1 4907275
1 7752152
1 3756702
1 9206884
1 7645331
1 1261584
1 5993519
1 9039398
1 9939949
1 2193469
1 44089
1 9730423
1 7759319
1 9194683
1 1360439
1 8508643
1 6269890
1 6991092
1 6303769
1 4000920
1 7087022
1 1631272
1 2000590
1 3288222
1 6908932
1 2560606
1 5483461
1 354394
1 3150086
1 5196893
1 5811024
1 2831861
1 6248153
1 4875424
1 5343058
1 2165568
1 6363657
1 4747270
1 9820416
1 149123
1 1547091
1 5540874
1 5968955
1 4781095
1 5900669
1 6084127
1 535501
1 9611131
1 7591331
1 2863077
1 1478597
1 2596303
1 4637052
1 5233362
1 3082712
1 9912085
1 462549
1 8431722
1 133713
1 1574674
1 1535331
1 417994
1 1427014
1 6991820
1 9134924
1 3186637
1 9774846
1 4266378
1 9499487
1 1541710
1 442979
1 222826
1 2718737
1 272125
1 257957
1 9710650
1 9748242
1 1594448
1 2411052
1 7545667
1 5320734
1 40699
1 5417320
1 3481843
1 1280611
1 3368477
1 796830
1 2776364
1 303681
1 9212544
1 7901325
1 4516338
1 1574389
1 5506924
1 4007276
1 9859000
1 9993485
1 8563437
1 3674208
1 6575414
1 7020697
1 8614791
1 4729249
1 6750899
1 7556471
1 7232699
1 5103677
1 5318284
1 9373118
1 7677302
1 226982
1 9467894
1 515685
1 7120526
1 1431305
1 2007075
1 4000761
1 3366686
1 4840495
1 7476235
1 8286841
1 5354458
1 7875335
1 2042495
1 8214191
1 1978360
1 5950638
1 8725266
1 3470239
1 2254269
1 2588375
1 8261690
1 8994832
1 7781768
1 4502000
1 2093874
1 2411907
1 4641590
1 7240857
1 4355377
1 1459913
1 8240621
1 6397934
1 8538897
1 6974818
1 702188
1 6317624
1 6596813
1 229287
1 9110255
1 6597350
1 9269928
1 8915380
1 6583541
1 1592105
1 4197662
1 8425604
1 6880876
1 1715543
1 6874525
1 8344575
1 4394415
1 5213946
1 5673066
1 2043337
1 4883447
1 2801660
1 2636034
1 3482182
1 1187807
1 6996181
1 8215921
1 1628711
1 3039277
1 7066725
1 4483996
1 9537629
1 5993398
1 6959388
1 6469822
1 9458620
1 7141234
1 7701467
1 6637115
1 504235
1 3683443
1 1098922
1 9413548
1 6537250
1 5447173
1 8077012
1 1599546
1 385025
1 3939052
1 1052900
1 890280
1 163213
1 4563988
1 8969461
1 2777129
1 748631
1 269958
1 920054
1 9685614
1 2708753
1 5907945
1 3082611
1 3534702
1 3339102
1 2000886
1 3807497
1 1776155
1 5375053
1 1041436
1 6657665
1 1325274
1 7802200
1 6407999
1 2515340
1 2895830
1 9039425
1 5232008
1 9815932
1 1789568
1 8057717
1 4170290
1 8933784
1 4549232
1 8535705
1 4758544
1 7492378
1 5081836
1 1512304
1 6806121
1 8273153
1 6394841
1 4166048
1 9885884
1 9927742
1 8888787
1 2838499
1 4495723
1 9049371
1 2077877
1 9232619
1 7127780
1 9729475
1 3481403
1 7014600
1 9323914
1 2390851
1 7695690
1 3902334
1 8302235
1 6465178
1 4820224
1 1563000
1 2960474
1 8009097
1 6246194
1 2798933
1 998382
1 7414839
1 6155632
1 3358091
1 9024760
1 2094013
1 8169274
1 4355337
1 4043826
1 7866061
1 5393733
1 8035013
1 8247325
1 4798901
1 3364387
1 1597853
1 3440235
1 5003009
1 5613554
1 4331188
1 7572388
1 3184700
1 6413444
1 4598612
1 5671160
1 7122521
1 5421202
1 1341916
1 7976334
1 9071667
1 5767171
1 2515980
1 8954204
1 7268277
1 2424850
1 9898735
1 2534435
1 4634773
1 9225810
1 5342968
1 3202430
1 8958194
1 9007019
1 9192417
1 4833406
1 4425764
1 6813232
1 7843750
1 2646220
1 3191725
1 5247779
1 7866292
1 8825978
1 5138808
1 5483522
1 2071848
1 3390390
1 91682
1 9363736
1 2031131
1 2628886
1 893363
1 2458907
1 2149949
1 1014265
1 5640059
1 2007604
1 4631396
1 5607056
1 8771153
1 1961594
1 3316389
1 3333087
1 4960440
1 503841
1 319089
1 3891397
1 5034296
1 5828244
1 2638670
1 8534397
1 1255345
1 1865177
1 1135674
1 3308422
1 1936751
1 8049652
1 6604310
1 9430490
1 9339497
1 8855582
1 7922280
1 7079552
1 4997754
1 5787528
1 8388710
1 1518707
1 8127564
1 6251413
1 9292174
1 6947807
1 1959230
1 4887921
1 9375367
1 380213
1 2991875
1 7552930
1 1458054
1 6705504
1 9825362
1 8503068
1 7434075
1 9907171
1 7066178
1 2631669
1 1058697
1 7635893
1 5727106
1 1929262
1 3509870
1 9986355
1 4199905
1 4437137
1 8542870
1 8226028
1 4994142
1 4552938
1 5844504
1 662552
1 8889748
1 9769373
1 5278661
1 2746421
1 3865984
1 2681747
1 7069874
1 8721770
1 9475779
1 232314
1 3911713
1 3486862
1 619120
1 9026169
1 3668143
1 2095091
1 6966449
1 9155889
1 2830777
1 8261335
1 4204017
1 7130769
1 9247171
1 6491468
1 5725537
1 5707822
1 6730539
1 7271886
1 7627185
1 4209762
1 2762316
1 5180555
1 6973041
1 9380731
1 3761277
1 6235878
1 9481218
1 4822933
1 297416
1 3584373
1 8426497
1 6551803
1 5260264
1 3799618
1 2655902
1 5179210
1 3737990
1 2994169
1 7586839
1 2629842
1 7282820
1 9149414
1 4741488
1 1370816
1 4938404
1 6593480
1 1384733
1 9771120
1 2596169
1 1921023
1 4845059
1 1137827
1 5462433
1 3757479
1 774840
1 6669602
1 6017907
1 8142066
1 2041856
1 3915767
1 8546973
1 391569
1 8549293
1 1546855
1 9412531
1 354026
1 5220351
1 1907707
1 8342027
1 6753085
1 1773711
1 4938111
1 4341153
1 9623422
1 4224293
1 5482813
1 2488148
1 7691054
1 4467302
1 2878081
1 2985273
1 8212563
1 1373727
1 2175383
1 6969346
1 515500
1 8943106
1 7618878
1 6736294
1 706941
1 2422753
1 1615859
1 8932661
1 6001944
1 2747335
1 4041551
1 151413
1 4500916
1 5367646
1 5965804
1 7722911
1 718311
1 581271
1 5022013
1 6588640
1 2442953
1 7754886
1 3104820
1 183834
1 1061658
1 7567503
1 2642468
1 5372269
1 6261254
1 6974821
1 782874
1 7028829
1 8090748
1 3225719
1 6323967
1 5662119
1 466881
1 6023945
1 8564519
1 815104
1 3347639
1 1018218
1 7020836
1 6293191
1 1249378
1 80760
1 9493136
1 8764764
1 4346489
1 4146644
1 8526013
1 6830882
1 2740757
1 4486347
1 5992198
1 5231559
1 7495005
1 6851595
1 4374881
1 4421697
1 9971629
1 5109010
1 1270555
1 5228195
1 5300308
1 9315462
1 1689457
1 5731216
1 9308299
1 2682588
1 1410862
1 4260479
1 7429605
1 7908610
1 2686493
1 9588381
1 2370176
1 1101735
1 8828474
1 5427709
1 3113100
1 7153788
1 1364681
1 3388862
1 2283017
1 1775177
1 9527913
1 8171209
1 714351
1 1150336
1 1465943
1 5607896
1 8112504
1 9558704
1 2237672
1 8775476
1 6397647
1 1216426
1 2641374
1 9065776
1 2265694
1 1178927
1 4996492
1 6608320
1 5267325
1 4188854
1 7389678
1 7481826
1 6898967
1 390109
1 1276076
1 8357070
1 7645848
1 5882687
1 3864715
1 7985852
1 1097922
1 7321520
1 6293782
1 2097730
1 3583820
1 397141
1 1953711
1 7553206
1 3830255
1 1115068
1 3119943
1 9031076
1 2760770
1 4187284
1 5554947
1 7238087
1 324577
1 9555577
1 7963863
1 4543151
1 2742133
1 5358438
1 3861866
1 8324494
1 7455923
1 2843768
1 4500318
1 5006875
1 4147849
1 3222154
1 8551746
1 7138651
1 3005813
1 7365251
1 6979325
1 6746092
1 5657777
1 9744634
1 5585962
1 602358
1 3156056
1 9026838
1 3838263
1 4807436
1 1321417
1 9774169
1 5208421
1 4313646
1 9996195
1 8751863
1 323668
1 9964774
1 8522136
1 5354134
1 2202852
1 4139950
1 3633425
1 3149886
1 4114001
1 226832
1 6926356
1 1159570
1 1796410
1 765335
1 9177818
1 934624
1 7539567
1 5190758
1 4229129
1 3678252
1 1370730
1 5030125
1 6283571
1 9438637
1 7108141
1 2715385
1 3049365
1 686763
1 2376221
1 6580837
1 2936043
1 7425566
1 513497
1 3942210
1 111327
1 1128356
1 3171349
1 8604254
1 7907205
1 2318948
1 4489095
1 7442775
1 6903109
1 3801879
1 2573718
1 1319838
1 4114958
1 2005629
1 5110297
1 487679
1 6072927
1 4852493
1 8691470
1 3313637
1 5817785
1 2624633
1 8244973
1 8889023
1 8443859
1 5424446
1 6180920
1 7528808
1 6429168
1 8296641
1 3117201
1 5788639
1 140719
1 7374867
1 2519769
1 7871061
1 1450169
1 1904754
1 8211312
1 9226559
1 1494683
1 4868981
1 5973033
1 6502217
1 6831481
1 1312521
1 4135088
1 5180646
1 1363062
1 2679124
1 7059602
1 9213975
1 3022512
1 8514828
1 3921025
1 9533434
1 2771065
1 1815458
1 8823586
1 4412372
1 1434354
1 5883176
1 1364602
1 5722074
1 3479760
1 3041927
1 615808
1 7043984
1 5065854
1 3567575
1 1392774
1 7346114
1 5279447
1 3504258
1 553580
1 8795639
1 4150668
1 1401871
1 8787965
1 515274
1 6278361
1 9834926
1 4888242
1 7907943
1 3320748
1 2707664
1 4750562
1 8420144
1 1032235
1 2391310
1 6967973
1 9334580
1 2513264
1 8182645
1 5682613
1 9211645
1 4818000
1 1304696
1 6666841
1 9381055
1 3312620
1 2998830
1 9390366
1 3367726
1 4092357
1 3416987
1 2104559
1 2414989
1 7880534
1 1205537
1 8779712
1 1673090
1 2724242
1 1555581
1 6795514
1 8963460
1 7852085
1 4776634
1 6093212
1 6948095
1 1160416
1 4856235
1 6612820
1 8732697
1 3199891
1 4524501
1 3885178
1 7232705
1 4488646
1 4607649
1 8205769
1 6215760
1 6464987
1 5956739
1 9453847
1 8555663
1 3866338
1 7664697
1 6479174
1 1755333
1 5359781
1 9464783
1 6910187
1 8678385
1 3748198
1 6701796
1 3086168
1 9104198
1 7918412
1 1999064
1 4679700
1 68311
1 9809737
1 4533024
1 7726029
1 4277879
1 8632085
1 7647756
1 116375
1 4801319
1 6409347
1 2705335
1 5393890
1 7019366
1 8670300
1 8075615
1 2508572
1 2912647
1 9405259
1 6189618
1 2829176
1 4780251
1 3922661
1 7753365
1 9207994
1 6830176
1 1929855
1 2775500
1 6493649
1 9633178
1 2924013
1 7528802
1 9215601
1 2562869
1 2838248
1 8847130
1 4843352
1 8742387
1 2165549
1 2505490
1 9542446
1 3829843
1 5783408
1 6482252
1 5180548
1 4333361
1 9798447
1 8817960
1 3077596
1 9803488
1 6422084
1 6440936
1 30333
1 539441
1 4693218
1 2466751
1 2029875
1 6662300
1 5000996
1 7492100
1 3697637
1 6713292
1 7768783
1 2803031
1 8316797
1 2972718
1 2410949
1 976076
1 6372568
1 9797714
1 2055673
1 9731838
1 7817407
1 8809242
1 4074670
1 7744253
1 566623
1 762269
1 6260124
1 8545213
1 8125731
1 7354329
1 3937855
1 3148082
1 6917125
1 7296402
1 7518966
1 491896
1 8756179
1 2471172
1 8146231
1 307309
1 8309946
1 9236767
1 3396763
1 6029817
1 6094124
1 4034033
1 7424807
1 2440146
1 8897991
1 5904843
1 8461671
1 4271291
1 6238577
1 8151167
1 9471839
1 1577997
1 2121551
1 9776120
1 7319807
1 1998509
1 2723326
1 4468368
1 6840011
1 9807141
1 4907814
1 8195107
1 6935846
1 3440965
1 6385333
1 8450908
1 5004035
1 1607229
1 8448801
1 434727
1 1686342
1 4777843
1 2814144
1 154573
1 6220271
1 479571
1 2162495
1 3688254
1 5573968
1 9743044
1 7162708
1 7939660
1 3466479
1 1778012
1 3604591
1 9602418
1 9442245
1 8020187
1 6847812
1 9688587
1 1148879
1 4533308
1 8089237
1 4290049
1 8141131
1 1722461
1 9218115
1 1093984
1 8996437
1 4320490
1 1761994
1 4135256
1 4145350
1 3289654
1 6177659
1 8957857
1 3831678
1 7933285
1 4890707
1 1906800
1 2408048
1 9020706
1 1616651
1 643515
1 2807012
1 8726533
1 7637994
1 7651660
1 4333258
1 4150463
1 5459538
1 1693528
1 1811103
1 4473957
1 6863781
1 6889944
1 6144593
1 9516964
1 5749815
1 3458639
1 4757626
1 2856482
1 4338872
1 172359
1 1662734
1 5682030
1 8455809
1 7597370
1 8098700
1 6028965
1 5594545
1 4459021
1 67835
1 7265133
1 9322995
1 8586849
1 4934310
1 1806035
1 4771430
1 9019706
1 4776150
1 6645348
1 807286
1 8327696
1 5040058
1 6519701
1 9136079
1 6933979
1 10591
1 8438580
1 3125183
1 9184694
1 1322599
1 254267
1 3174473
1 339658
1 9403117
1 1651381
1 4091828
1 8892344
1 777322
1 7581364
1 2728122
1 5925273
1 141952
1 6341044
1 6343107
1 9445027
1 7265985
1 9336765
1 8550185
1 7248562
1 1909661
1 796132
1 4048961
1 4843393
1 6907582
1 8596686
1 821288
1 209129
1 7603228
1 5371101
1 1453708
1 4631013
1 5604258
1 5554542
1 9815427
1 3983907
1 9094002
1 5893424
1 8308249
1 2578015
1 6956031
1 6069270
1 8293473
1 3600979
1 8133205
1 9602334
1 7921563
1 80101
1 3067858
1 6724333
1 2009477
1 7208522
1 3444981
1 8601294
1 9033871
1 6495630
1 4678314
1 9213168
1 7491394
1 694948
1 6658172
1 2406330
1 9920706
1 8400980
1 9015757
1 1675418
1 4867897
1 9835512
1 281962
1 9735277
1 6531631
1 4022260
1 4974569
1 9094115
1 1996356
1 795604
1 3436963
1 4080566
1 1895816
1 6207911
1 6413667
1 1639874
1 981400
1 8032806
1 7757821
1 7956610
1 7520155
1 443483
1 6542572
1 6964328
1 2602904
1 650552
1 2547020
1 6829785
1 6935360
1 7741153
1 4627104
1 265703
1 6054591
1 2718355
1 7963311
1 5224296
1 3715568
1 8229700
1 9368972
1 5524611
1 5700468
1 7986013
1 7878635
1 8424387
1 9271390
1 1072976
1 4640652
1 7533929
1 3959460
1 1613318
1 708652
1 6558904
1 9208195
1 4983029
1 1057376
1 9457515
1 2524275
1 9049443
1 9047064
1 4418332
1 4293398
1 3757681
1 4456874
1 2094132
1 1022000
1 9566856
1 3923414
1 117581
1 719458
1 828299
1 6620150
1 2125837
1 2493137
1 1486808
1 2903284
1 3834034
1 8252659
1 8238866
1 4953148
1 3405571
1 5818360
1 8382487
1 834073
1 3578832
1 6388776
1 8304152
1 1390543
1 1527159
1 1886744
1 6867439
1 9929031
1 6386329
1 7987937
1 5567442
1 7960702
1 3315020
1 36863
1 634681
1 517093
1 4199630
1 3488093
1 6201167
1 1055817
1 6641483
1 2591386
1 676867
1 2733206
1 6804401
1 2317256
1 5204692
1 3984371
1 4523663
1 2773786
1 3011350
1 8311544
1 3454611
1 571575
1 659779
1 6945966
1 1761658
1 111269
1 5343483
1 7368211
1 5764503
1 8841997
1 797952
1 5166168
1 1508155
1 8252717
1 1112252
1 5955855
1 4933373
1 3852798
1 2283507
1 1693163
1 5117182
1 7845236
1 9119337
1 9107829
1 8854869
1 7517915
1 8604257
1 9673883
1 94313
1 8805577
1 3215112
1 459398
1 930379
1 7423008
1 1519310
1 2158671
1 3513669
1 5636147
1 5699721
1 4247147
1 4597022
1 1910627
1 7380302
1 8732004
1 1845773
1 2297756
1 4267140
1 4806767
1 2585123
1 4222120
1 9630978
1 2162648
1 7679515
1 6026971
1 8304622
1 3897747
1 2823313
1 672015
1 6949036
1 3760818
1 3933398
1 8079415
1 2828933
1 8737944
1 7897521
1 8802481
1 4840893
1 6258837
1 9561820
1 4315542
1 7889230
1 8970710
1 3878488
1 6457922
1 5800480
1 8121639
1 1783323
1 1931434
1 8632409
1 33690
1 7858060
1 1904846
1 7125592
1 8488903
1 6290728
1 2809249
1 4414469
1 2633883
1 2382114
1 4703225
1 6148810
1 5239709
1 3737798
1 1652420
1 6206346
1 2140226
1 8795794
1 6030610
1 4025568
1 4367693
1 4029040
1 919243
1 8940044
1 8191589
1 5833170
1 2823074
1 4533799
1 1215764
1 2215785
1 2975353
1 6164172
1 2175132
1 9361195
1 3642176
1 6061546
1 5234603
1 718750
1 4602360
1 2851401
1 5726424
1 2877330
1 5811797
1 6344253
1 1231820
1 3800753
1 9091191
1 6242320
1 3398736
1 8583325
1 4476064
1 8082547
1 2670137
1 5442623
1 9588903
1 6006031
1 7959230
1 4047245
1 7903475
1 8387768
1 7163551
1 2762980
1 2599018
1 1708272
1 3419200
1 4855767
1 1281724
1 3333056
1 4077020
1 239213
1 2541474
1 7648558
1 307256
1 2448511
1 5347700
1 8087426
1 5210203
1 5006503
1 5622154
1 4747620
1 1157507
1 236606
1 6619644
1 5205596
1 5421827
1 5653548
1 6035694
1 7578774
1 8561933
1 8981895
1 6747818
1 9771178
1 5788081
1 2369061
1 4820968
1 8690349
1 503175
1 8540822
1 9919273
1 6752645
1 5617626
1 3723736
1 2315390
1 3528474
1 1324902
1 5866261
1 1667355
1 8601948
1 4045357
1 4639007
1 1929607
1 21685
1 8251802
1 2170939
1 4237305
1 2401433
1 1910613
1 5266966
1 6787170
1 7590247
1 1576357
1 201919
1 6750345
1 9317186
1 1772874
1 4182180
1 7449574
1 7803072
1 4728238
1 3868270
1 763605
1 9651134
1 1863240
1 7135540
1 9506982
1 3624176
1 9660836
1 4918804
1 6745433
1 3075955
1 4660314
1 8059810
1 433251
1 6966890
1 7703407
1 61309
1 1268916
1 7047029
1 8049207
1 122775
1 1814042
1 9796113
1 1466652
1 8585519
1 8796942
1 3737807
1 7411692
1 9275000
1 498844
1 1182455
1 8028540
1 2185135
1 1962250
1 2146290
1 5050934
1 7271833
1 8893261
1 7637265
1 5320647
1 8731894
1 2076670
1 5083689
1 1114131
1 1138336
1 6033351
1 7578552
1 69419
1 9953219
1 6923146
1 7914132
1 6437745
1 7148819
1 8332635
1 4041435
1 7638613
1 2530484
1 1203579
1 1460352
1 1351911
1 2732008
1 6078133
1 873569
1 7028923
1 5410712
1 8153132
1 1641278
1 1491850
1 2968518
1 9413729
1 51686
1 4951589
1 2820919
1 3253194
1 1031628
1 4120794
1 3813862
1 5773573
1 4290180
1 9913813
1 6500796
1 2590227
1 2273876
1 4577222
1 7686897
1 9654684
1 4599997
1 4370664
1 9064710
1 7319384
1 6806103
1 4615094
1 3102735
1 4271221
1 1946683
1 7144910
1 7879541
1 7397302
1 4863169
1 3788090
1 526498
1 923671
1 959887
1 8932337
1 6351102
